otel_adi,yorum,yorum_basligi,puan,yorum_tarihi,konum,konaklama_tarihi,seyahat_turu,value_rating,rooms_rating,location_rating,cleanliness_rating,service_rating,musteri_toplam_yorum_sayisi
Green Bay Resort & Spa,"Tesis fiyat performans oteli olduğu için büyük beklentiler içinde gitmedik fakat odalar ve yataklar eski kesinlikle yenilenmeli, oda temizliği çok iyi değil,yemek çeşidi çok fakat lezzet maalesef yok, Adult bardaki Yunus ve İbrahim’e Lobby bardaki Seda’ya ETS tur Şükran ve İbrahim’e ilgi ve alakalarından dolayı teşekkür ederiz.",Ortalama,3,"VOLKAN T, 24 Ağu yorumunu yazdı","Tekirdağ, Türkiye",Ağustos 2026,Aileyle seyahat etti,,,,,,16 katkı
Green Bay Resort & Spa,"Green Bay Resort – 4 Günlük Tatil Deneyimimiz Otele ilk girişimiz oldukça olumluydu. Odamız 10-15 dakika içerisinde hazırlandı, bizi karşılayan personeller güler yüzlü ve ilgiliydi. Otelin koyda tek otel olması da gerçekten büyük bir avantaj. Manzarası güzel, konumu keyifli. Havuz ve deniz kısmında 4 gün boyunca şezlong sıkıntısı yaşamadık. Ayrıca ormanlık bir alanda olmasına rağmen sinek, böcek veya rahatsız edici bir koku problemi de yaşamadık. Ancak olumlu tarafları bir kenara bırakırsak, 5 yıldızlı bir otelden beklediğimiz hizmet kalitesinin oldukça gerisinde kaldığımız birçok nokta oldu. Öncelikle yemekler ciddi anlamda yetersizdi. 4 gün boyunca özellikle ızgara bölümünde neredeyse sürekli aynı yemeklerin çıkması, yemek ve tatlı çeşitlerinin az olması ve menülerin her gün birbirini tekrar etmesi 5 yıldızlı bir otel için kabul edilebilir seviyede değildi. Akşam yemeklerinde masa bulmak da ayrıca ciddi bir problemdi. Şezlong konusunda rahatken yemek saatinde masa bulmak için uğraşmak zorunda kaldık. Oda temizliği ise bizim için en büyük hayal kırıklıklarından biriydi. Odamız iki gün temizlenmesine rağmen çarşaflarda kumlarla uyuduk. Temizlik yapılmış gibi görünmesine rağmen detaylı bir temizlik hissi kesinlikle oluşmadı. Mobilyaların ve bazı yüzeylerin üzerinde de belirgin şekilde yapışkan bir tabaka vardı. 5 yıldızlı bir otelde oda temizliği konusunda bu kadar özensiz bir görüntü beklemiyorduk. Deniz konusunda da beklentimizi karşılamadı. Bodrum denizinin o meşhur berraklığını ve temiz görüntüsünü burada göremedik. Konumu ve manzarası çok güzel olmasına rağmen denizin suyu bulanık görünüyordu ve bu açıdan Bodrum'da alışık olduğumuz deniz deneyimini yaşayamadık. Etkinlikler de oldukça zayıftı. 4 gün gibi kısa bir konaklamada bile otelde yapılacak aktivitelerin yetersiz olduğunu ve zaman geçtikçe sıkıldığımızı hissettik. Özellikle çocuklu aileler açısından bu konuda otelin kendini ciddi şekilde geliştirmesi gerektiğini düşünüyorum. Aqua bölümü ise çocuklu aileler için başlı başına problem. Normal kaydırakların bulunduğu bölümde 120 cm boy sınırı olduğunu sonradan öğrendik. En büyük sorun ise bu önemli bilginin rezervasyon yaptığımız tur sayfalarında veya otelin kendi sayfalarında yeterince açık şekilde belirtilmemesiydi. 116 cm boyundaki çocuğumu ancak bir belge imzalayarak kaydıraklara sokabildim. Üstelik her gün farklı cankurtaran olduğu için her gün yeniden boy ölçümü yapılması ve her seferinde “biz izinliyiz” açıklaması yapmak zorunda kalmamız oldukça yorucuydu. Bir gün imzalanan belgenin ve verilen iznin ertesi gün hiçbir anlam ifade etmemesi, çocuklu aileler açısından ciddi bir iletişim ve organizasyon problemi. Her yıl 5 yıldızlı otellerde tatil yapan biri olarak açıkça söyleyebilirim ki Green Bay'de 5 yıldız standardını birçok konuda göremedim. Konum, manzara, koy ve güler yüzlü personel güzel; ancak yemek, temizlik, etkinlik, deniz ve özellikle çocukların kullanacağı aqua alanındaki uygulamalar konusunda otelin ciddi eksikleri var. Özellikle çocuklu ailelere rezervasyon öncesinde aqua boy sınırını mutlaka sormalarını, yemek ve oda temizliği konusunda da beklentilerini çok yüksek tutmamalarını öneririm. Benim için güzel manzarası ve konumuna rağmen “5 yıldızlı tatil” beklentisini karşılamayan bir deneyim oldu.",4 günlük deneyim,2,"Cansel K, 8 Ağu yorumunu yazdı",,Ağustos 2026,Aileyle seyahat etti,,,,,,1 katkı
Green Bay Resort & Spa,"Olumsuzluklar: 1-Fitness altleri bozuk, çalışmıyor ve bakımsız.. 2-Yemekler hep aynı.Yaraticilik yok 3- Özellikle akşam yemeğinde ""Sona kalan dona kalir' anlayışı hakim. Olumlular 1- Personel özverili ve istekli 2- Temizlik iyi.",Bir haftalık tatil,3,"Kaan U, 7 Ağu yorumunu yazdı","İzmir, Türkiye",Temmuz 2026,Aileyle seyahat etti,,,,,,87 katkı
Green Bay Resort & Spa,"Otele 27 Temmuz - 2 Ağustos tarihleri arasında ailemle birlikte konakladık. Öncelikle odalar oldukça eskiydi. En büyük hayal kırıklığımız ise yataklar oldu. Dinlenmek ve rahatlamak için geldiğimiz tatilde neredeyse her sabah bel ve sırt ağrısıyla uyandık. Yemekler genel olarak fena değildi. Ancak personel sayısı yetersizdi. Özellikle yoğun saatlerde çatal, bıçak ve diğer servis malzemelerini çoğu zaman kendimiz almak zorunda kaldık. Bu konuda çalışanları değil, yönetimi sorumlu görüyorum. Oda temizliği ise maalesef beklentimizin çok altındaydı. İlk gün odadaki telefon çalışmıyordu. Resepsiyona toplam 4-5 kez bildirmemize rağmen tatilimiz boyunca sorun giderilmedi. Temizlik görevlileri yalnızca yatağı topluyor, havluları değiştiriyor ve çıkıyordu. Yerler, komidin üstü yeterince temizlenmiyordu. Hatta tavanda ezilmiş birkaç sinek vardı ve konaklamamız boyunca olduğu gibi kaldı. Banyodan sürekli pis gider kokusu geliyordu ve bu koku zaman zaman odanın içine kadar yayılıyordu. Hijyen konusunda otelin çok daha dikkatli olması gerektiğini düşünüyorum. Odadaki klima da oldukça eskiydi. Ev tipi bir klima vardı ve termostat yoktu veya çalışmıyordu. Gece klimayı açıyoruz, üşüyünce birimiz kalkıp kapatıyor, biraz sonra sıcak olunca tekrar kalkıp açıyorduk. Tatilde sürekli bununla uğraşmak zorunda kaldık. Mini bar da yetersizdi. Çoğu gün tam olarak doldurulmuyordu. Hatta otelden ayrılacağımızı bildikleri son gece mini bar hiç doldurulmamıştı. Misafir ertesi gün çıkış yapacak diye bu hizmetin verilmemesi hiç hoş bir yaklaşım değildi. Benim konakladığım tarihlerde sivrisinek sorunu yaşamadım. Bu konuda herhangi bir olumsuzlukla karşılaşmadık. Deniz ise otelin en güzel yanıydı. Koy gerçekten harika. Deniz sığdan itibaren küçük çakıl taşlı ve kumlu bir yapıya sahipti. En beğendiğimiz özelliklerinden biri neredeyse hiç dalga olmamasıydı. Konakladığımız süre boyunca denizi hep sakindi. Ancak deniz bir anda derinleşiyor. Özellikle yüzme bilmeyenler ve küçük çocuklu ailelerin bu konuda dikkatli olması gerekiyor. Ayrıca bazen küçük balıklar ayakları ısırıyor. Aquapark oldukça küçük. Çocuklar için yeterli olsa da yetişkinler için pek uygun değil. Havuzun derinliği yaklaşık 140 cm olduğu için büyük kaydıraklardan kayan yetişkinler tabana çarpabiliyor. Büyük havuz sadece 16 yaş ve üzeri misafirlere ayrılmış. Gün içindeki animasyonlar, su oyunları ve etkinliklerin tamamı burada yapılıyor. Eğer bizim gibi küçük çocuğunuz varsa mecburen aquapark tarafındaki havuzu kullanıyorsunuz. Ancak bu tarafta neredeyse hiçbir etkinlik yapılmıyor. Dolayısıyla çocuklu aileler otelin aktivitelerinden tam anlamıyla faydalanamıyor. Akşam çocuk animasyonları da oldukça zayıftı. Genellikle sadece kız çocukları sahneye çıkıp animasyon ekibindeki birkaç kişiyle dans ediyordu. Erkek çocukları ise çoğu zaman oturup izlemekle yetiniyordu. Buna karşılık hemen hemen her akşam canlı müzik vardı. Olumlu taraflarından biri ise şezlong sıkıntısı yaşamamamızdı. Günün her saatinde boş şezlong bulabildik. Yemek sırasında uzun kuyruklar oluşmuyordu ve hizmet genel olarak aksamadan devam ediyordu. Sonuç olarak ben bu oteli tamamen fotoğraflarına güvenerek tercih ettim ancak büyük bir hayal kırıklığı yaşadım. Aynı bütçeyle çok daha kaliteli otellerde konaklanabileceğini düşünüyorum. Benim için tekrar tercih edilecek bir otel olmadı.",Beklentinizi cok yüksek tutmayın.,2,"Faruk Çatalcam, 2 Ağu yorumunu yazdı",,Temmuz 2026,Aileyle seyahat etti,,,,,,12 katkı
Green Bay Resort & Spa,"Hotel normal kalıtede ,samımı...ve en guzel denız hemen yanı olması Yemekler gayet ıyı,tatlilar muazam Odalar temız,kucuk,banyıolar cok Kucuk Anımasyıon ekibi hepsi cok cok ılgılıler(Esma ve Mehmet cok taylılar)",Aile olan bır hotel tavsyı ederım,5,Tem 2026,,Temmuz 2026,Aileyle seyahat etti,,,,,,3 katkı
Green Bay Resort & Spa,Otelin personeli ilgili calısanlar guler yüzlü yemekler ortalama ama yeterli denizi güzel aksam eglencesi keyifliydi memnun kaldık,Ideal tatil,4,Tem 2026,,Temmuz 2026,Aileyle seyahat etti,,,,,,2 katkı
Green Bay Resort & Spa,Oteliniz çok iyi yemek olsun odalarınız olsun çalışanlarınız olsun heleki sahildeki Nurettin tiryaki adlı cankurtaranın ilgi alakası profesyonel çalışma uslubü harikaydı birdahaki sezon geldiğimde onu orda görmek çok isterim,Harika ötesi,5,Tem 2026,,Temmuz 2026,Aileyle seyahat etti,,,,,,1 katkı
Green Bay Resort & Spa,Tesise dün giriş yaptık.Yorumlara bakarak tercih ettiğimiz bu tesis tam bir hayal kırıklığı.Otelde hijjen sıfır.Odalar çok üzülerek söylüyorum ama pislikten içiniz almıyor.Tesiste güzel olan tek şey sahil oda doğal güzellik zaten.Çalışanların geneli çok isteksiz.Kesinlikle ama kesinlikle tavsiye etmiyorum.,Green Bay Resort Hayal Kırıklığı,1,Tem 2026,"Antalya, Türkiye",Temmuz 2026,Aileyle seyahat etti,,,,,,14 katkı
Green Bay Resort & Spa,"Otel konum olarak çok güzel, odaları iyiydi.Çalışan arkadaşlar güler yüzlü ve yapıcıydı,snack barda çalışan Ercan beye çok teşekkür ediyorum müşterilere ilgi alakasından dolayı.",Başarılı,5,Tem 2026,,Temmuz 2026,Aileyle seyahat etti,,,,,,1 katkı
Green Bay Resort & Spa,"BU OTELDE CİDDİ HİJYEN PROBLEMLERİ VAR VE LÜTFEN BURAYA GİDECEKLER DİKKAT ETSİN. ASLA TAVSİYE ETMİYORUM. Öncelikle otelde çok ciddi problemler var. Hijyen en başta geliyor her taraf ama her taraf kara sinek, sivrisinek. Bunu çalışanlar bile kabul ediyor. Otele girdiğiniz anda zaten pansiyon gibi bir otele geldiğinizi anlıyorsunuz. Ciddi anlamda kirlilik var. Çalışanlara bunu söylediğimizde açıkça kabul ediyorlar. Yemeklerin üzerinde sinekler geziyor sizi lobide otururken bile bakın lobide sivrisinekler ısırıyor. Denizi inanılmaz kirli ve bulanık. Sakın fotoğraflara kanmayın. Biz bu otele gittik iki aile olarak Tekirdağ’dan geldik ve giriş yaptık. Öncelikle gezerken ilk fark ettiğimiz çok kötü hijyen problemleri var. Bardaklar kirli mesela. Bira söylediğimizde bardağa yapışmış baloncuklar bile görüyorsunuz kirli olduğunu burada anlayabilirsiniz. Denizi gördüğümüzde cankurtarana sorduk burası sence kirli mi dedik, direk çekinmeden evet bu deniz kirli dedi. Çok fazla bulanık Çamur içinde. Yakınlarına balık Çiftliği olduğu Söyleniyor. Biz de Odamıza giriş yapmadan Otelden ayrılmak istediğimizi söyledik ve bir gece kesinti yaparak paramızı iade edeceklerini söylediler. Beş gün sonra paramızı, Günlük ücretin çok çok üzerinde olarak yaklaşık 20.000 TL keserek iade ettiler. Bu yüzden hakkimizi arayacağız. Lütfen ama lütfen bu oteli seçecek kişiler dikkat etsin. Ciddi anlamda Yazık sağlığınıza yazık. Otelin içinden yemek bölümüne geçerken kanalizasyon kokuyor. Bildiğiniz Eminönü pasajı gibi Düzensiz ve kötü görüntüleri var. Buraya beş yıldızlı otel asla diyemezsiniz bildiğiniz pansiyon burası. 15 dakika durduk ve öğlen yemeğinde mesela tavuk döner vardı. Yemekler hem kötü hem lezzetsiz Hem de üstüne hijyenik değil. O kadar parayı tavuk Döner yemek için mi verecek insanlar, Bunun seçimini siz yapın. Oteldeki görevlilere çok fazla sinek olduğunu söylediğimizde; Evet bu Biliyoruz çözdük sayılır diyorlar:)","BERBAT BİR OTEL, SİNEKLER İÇİNDE, HİJYENİK OLMAYAN PANSİYON",1,Tem 2026,Türkiye,Temmuz 2026,Aileyle seyahat etti,,,,,,13 katkı
Green Bay Resort & Spa,Fiyat performans olarak bakarsanız denizi iskelesi güzel içki kalitesi fiyatına göre beklentiyi karşılar diyebiliriz en azından bilmediğiniz bir marka yok odalarda hijyen kötü otopark alanı dar ve genel olarak tesisin alanı çok dar olduğu için her yer kalabalık özellikle restoran alanında yer bulmak çok zor,Fiyat performans,3,Tem 2026,"Antalya, Türkiye",Mayıs 2026,Çift olarak seyahat etti,,,,,,22 katkı
Green Bay Resort & Spa,Temiz sakin ayrica. Sahili cok güzeldi personel yardımcı her istediğinize ilgili guzel bir tesis,Greenbay,5,Tem 2026,,Temmuz 2026,Aileyle seyahat etti,,,,,,3 katkı
Green Bay Resort & Spa,Mutfak yemek ler çok bol ve lezzetli ikramlar güzel çalışan arkadaşlar güler yüzlü ve sempatikler gelecek yıllarda da tekrar gelmeyi düşünüyorum çevrem ve arkadaşlarıma da gelmelerini tavsiye edeceğim bütün herşey için teşekkür ederim,Memnuniyetimi belirtmek istedim,5,Tem 2026,,Temmuz 2026,Aileyle seyahat etti,,,,,,1 katkı
Green Bay Resort & Spa,"Öncelikle bugüne kadar birçok tatil bölgesinde çok sayıda otelde konaklamış biri olarak kesinlikle fiyat/performans oteli diyebilirim. Hatta performans olarak üzerinde kesinlikle üzerinde kalır. Ancak benim asıl memnuniyet sebebim, otelin bize yardımcı olması ile ilgilidir. 06.07.2026 tarihinde otele giriş yaptık. Ancak aynı günün akşamı bir yakınımızın vefat haberi geldi ve apar topar gitmek zorunda kaldık. Yani aslında 1 tam günü tamamlamadan, konaklamadan otelden çıkış yaptık. 6 gece rezervasyonumuz vardı. 5 gecemizi iade ettiler ki zaten kalan 1 günü konaklamamış da olsak tüm aktivitelerden yararlanmıştık. Bugün tam 1 hafta oldu. Ve bugün hesabımıza 5 gecenin iadesi geldi. Otelin bu duruşu yaptığı bu hareketi birçok üst segment otelin yapabileceğini sanmıyorum. Yaşadığım bu durumu buraya ve bir çok yere yazacağım paylaşacağım ki herkes bilsin. Tesis de gayet iyi yeme-içme olsun odalar olsun denizi/havuzları olsun çok kullanamasak da ilk gün birçok şeyden faydalandık ve çok çok memnun kaldık. Kendilerine çok ama çok teşekkür ediyorum. En yakın zamanda görüşmek dileğiyle.",HARİKA!!,5,Tem 2026,,Temmuz 2026,Aileyle seyahat etti,,,,,,1 katkı
Green Bay Resort & Spa,"Neresınden başlasam bılemedım yemek sabah,öğle,akşam uzay,barlar desem çocuklar canavar devamlı dolaşan bi beyfendi vardı tanıştım kendısıyle çok tesekkurlerımı ılettım Mehmet bey gerçekten operasyonun atar damarı bide çıkarken denk geldık 2m Osman bey herseyle ılgılendı tebrik ettım otelımı buldum sıddetle tavsiye ederim👏👏👏",Perfecto,5,Tem 2026,"İzmir, Türkiye",Temmuz 2026,Aileyle seyahat etti,,,,,,1 katkı
Green Bay Resort & Spa,"30 Haziran’da giriş yaptığımız 6 gecelik tatilimizde otelin doğası ve denizi tek kelimeyle harikaydı. Ormanlık alanda, dalgasız ve havuz durgunluğunda bir koyda yer alıyor. Ancak deniz 4-5 metreden sonra hızla derinleştiği için yüzme bilmeyenler ve çocuklu aileler için pek uygun olmayabilir. Ayrıca ilaçlama yapılmasına rağmen karasinek ve sivrisinek problemi vardı. Otelin genel olarak temizliği iyiydi, odaların yenilenmesi gerekiyor yatak ve yastıklar çok rahatsız ediciydi. Yemekler konusunda alakart restoran ne kadar lezzetliyse, ana restoran o kadar yetersizdi, büfedeki meyve çeşitliliği sadece kavun ve karpuzla sınırlı kalmıştı. Hizmet tarafında ise çalışanlar genç ve saygılı olmalarına rağmen deneyimsizlerdi. Özellikle bar personeli çok kötüydü; menüdeki standart reçetelere uymayan, oldukça lezzetsiz kokteyller hazırlandı, bu bölüme önem verilmemesinin sebebi de otelde çok fazla turistin olmamasına bağlıyorum. Bu hazırladıkları kokteyli bir ingilize veremezler. Tesisin acilen hizmet içi eğitimlere ve restoran/bar yönetimine ağırlık vermesi gerekiyor.",Fiyat Performansın Altında,2,Tem 2026,,Haziran 2026,Çift olarak seyahat etti,,,,,,1 katkı
Green Bay Resort & Spa,"30 Haziran–6 Temmuz tarihleri arasında konakladık. Otelin beğendiğim tek yanı, koyda bulunduğu için denizinin dalgasız ve ılık olmasıydı. Olumsuz yönlerine gelecek olursam; otele girişte lobide gerekli bilgilendirmeler yapılmadan odamıza yönlendirildik. Odamız ortak kullanım alanlarına yakındı ancak yataklar oldukça eskiydi. Özellikle yastıklar çok rahatsızdı; her sabah boyun ağrısıyla uyandım. Odadaki masa, dolap üstü gibi yüzeyler sürekli yapış yapış hissediliyordu. Buna rağmen oda temizliği her gün düzenli yapıldı ve bu konuda memnun kaldık. Yemekler ve içecekler maalesef beklentimizin oldukça altındaydı. Kullanılan malzemelerin kalitesiz olduğu hissediliyordu. Yedi gün boyunca gerçekten beğendiğim sadece birkaç yemek oldu ve çoğu zaman aynı şeyleri yemek zorunda kaldık. Her gün ızgarada balık, köfte ve tavuk çıkmasına rağmen lezzetleri oldukça vasattı. Ayrıca yemeklerin üzerinde sürekli sinekler dolaşıyordu. Snack bardaki yiyecekler de oldukça özensiz ve lezzetsizdi. Bar kısmı ise bizim için tam anlamıyla hayal kırıklığı oldu. Kokteyl hazırlamayı bilen bir bar çalışanına denk gelemedik. Aynı kokteyli her sipariş verdiğimizde farklı şekilde hazırladılar. Ayrıca kokteyl menüsünde yazan içeriklerle kullanılan malzemeler birbirini tutmuyordu. Örneğin menüde lime yazmasına rağmen limon kullanılıyordu. Bu sadece en basit örneklerden biriydi. Konaklamamız boyunca bir kez à la carte restoranı kullandık. Orada yediğimiz et tabağı gerçekten çok lezzetliydi ve bu deneyimden memnun kaldık. Otel koyda bulunduğu için sivrisinek oldukça fazlaydı. Tatilimizin büyük kısmı sivrisinek ısırıklarıyla uğraşarak geçti. Misafir profilinin yaklaşık %80i Türk misafirlerden oluşuyordu. Etkinlik konusunda büyük bir beklentim olmadığı için canlı müzik ve dans gösterileri benim açımdan yeterliydi. Denizdeki iskelenin ayakları demirdendi ve paslanmış durumdaydı. İskelede kolumu demire çarparak kestim. Bu nedenle hastaneye gidip tetanoz aşısı olmak zorunda kaldım. Genel olarak oteli fiyat-performans açısından başarılı bulmadım. Beklentilerimi karşılamadı ve bir daha tercih etmeyeceğiz.",Fiyatını hak etmeyen bir deneyim,2,Tem 2026,"Ankara, Türkiye",Temmuz 2026,Aileyle seyahat etti,,,,,,1 katkı
Green Bay Resort & Spa,"Otelin konumu çok güzel yeşil ve mavinin içinde küçük bir cennet. Otelin yemek çeşidi fena değil di her zevke uygun yemek çıkıyordu. Temizliği de güzel di tek sorun çok sivrisinek vardı. (Giden kişilerin sinek ilacı almasını tavsiye ederim) ilaçlama yaptıklarını gördüm. Ama yine de vardı. Çok güleryüzlü ve başarili bir personel ekibi vardı. Sizi mutlu etmek için elinden geleni yapıyorlar dı. O kadar tatlı çeşidinin içinde profiterol yokmu dediğimiz için bize profiterol yaptıran Süleyman şefe çok teşekkür ederim. 🙏(Şefim erken çikmak zorunda kaldık yiyemedik) bize o tatlıyı yedirmek için çaban için çok teşekkür ederim. Mecbur olmadıkları halde aracımızda çikan arızayı gidermek için elinden geleni yapan araçlarını kullanmamız, bizimle tamirci bulmamız için işini bırakıp bizimle ilgilenen Cemal beye ve Bayram beye çok teşekkür ederim. 🙏Gerçekten çok beğendim denizi çarşaf gibi çok güzel sizi yüzerken yormuyor. Rabbim nâsip ederse tekrar gitmek isterim.",Mavi ve yeşilin buluşması ✨,4,Haz 2026,,Haziran 2026,Aileyle seyahat etti,,,,,,1 katkı
Green Bay Resort & Spa,Yemekler genel olsrak kötüydü restoranttsli çalışanlar çok ilgisizdi bar hizmetleri genel olarak iyi çalışanları güler yüzlüydü özellikle animasyon ekibine teşekkür etmek istiyorum çok ilgili ve iyiydiler,Tatil,5,Haz 2026,,Haziran 2026,Aileyle seyahat etti,,,,,,1 katkı
Green Bay Resort & Spa,Herşey dahil otelin ızgara menüsünde alabalık ve hindi etinden başka bişey yok. Berbat bir deneyim,Izgara,1,Haz 2026,,Haziran 2026,Aileyle seyahat etti,,,,,,1 katkı
Green Bay Resort & Spa,Haziran ayında konakladım. Herşeyi ile çok memnun kaldım. Bu kadar kibar ilgili çalışanlar hiç görmedim daha önce. Özellikle garsonlar. Otel çok güzel. Yemekler çok çeşitli ve güzel. Denizi çok güzel. Her anlamda memnun kaldık tekrar gitmek istiyoruz,Müthiş keyifli,5,Haz 2026,,Haziran 2026,Aileyle seyahat etti,,,,,,1 katkı
Green Bay Resort & Spa,Ala cart garsonu Sevgili cem bezgin güler yüzü ilgisi ve hızlı yardımları için teşekkür ederim.,.,5,Haz 2026,,Haziran 2026,Aileyle seyahat etti,,,,,,1 katkı
Green Bay Resort & Spa,"Hotel çok güzel bir konumda önü deniz arkası doğa,çok güzel kendine ait bir koy, içinde yeme içme sınırsız her saat, etkinlikleri mükemmel eğlenceli, fiyat performans olarak en zirvedeki hoteldi .Benim ve kızlarım için herşey çok güzel geçti bütün yönetici ve çalışan arkadaşlara tesskur ederim",Herşeyin güzel geçtiği anımız,5,Haz 2026,,Mayıs 2026,Aileyle seyahat etti,,,,,,4 katkı
Green Bay Resort & Spa,28 31 Mayıs arasında konakladık bu hotelin beş yıldızlı olmasının sebebini kültür ve turizm bakanılıgınada sormak istiyorum hotelde tek olumlu şey konumu ve doğal olan güzelligi 3 gün boyunca doyarak kalktığımız bir öğün olmadı çok yazık (hijyen kaşık bıçak çatal genelde pis tam yıkanmada veriliyor bu şekilde görünce iştahınızda kalmıyor )verilen bu emeklere ve yapılan malzemelerin bu kadar kötü kullanılmasına hotel yönetimide verilen hiç bir sözü tutmadı ala carte Restaurant talebimiz aylar öncesinde olmasına rağmen doluluk nedeniyle iptal ettiler daha yazacak o kadar çok şey varki çıkıp başka hotele gitmeyi düşündük kurban bayramından dolayı çoğu hotel doluydu verilen hiç bir kuruşu haketmeyen bir işletme(helal etmiyoruz verdigimiz ücreti)birdaha tercih edicegimi sanmıyorum değil kesinlikle tercih etmicez.,Felaket,1,May 2026,,Mayıs 2026,Aileyle seyahat etti,,,,,,1 katkı
Green Bay Resort & Spa,"Mayıs son haftası konaklama yaptık. Hava güzel deniz sıcaktı. Otel genel olarak bizim bekletimizi karşıladı. Çok güzel bir koyda etrafı ormanla çevirili ambians mükemmel Yemekler çeşitli ve lezzetliydi. Snack bar self servis olmamasından dolayı garsonlar siparişi geç getirebiliyor. Yoğunluğa rağmen bütün isteklerimizi memnuniyetle karşıladı. Animasyon ekibi çok ilgili ve eğlenceliydi. Otelin best of diyebilirim. Hem yetişkin hem çocuklara yönelik eğlenceli aktiviteler var. Çocuk aqua park can kurtaran görevli kişi efe bey çocuklarımıza ilgili ve şefkatli yaklaşımından dolayı ayrıca teşekkürler ediyoruz 🙏🏻☺️ Otel ile ilgili olumsuz deneyimim; - akşam sinek olması ( mutlaka of bulundurun ) - lobi kısmı biraz demode kalmış, daha modern döşemeşer koltuklar olabilirdi. - akşam yemeği ızgara bölümü ve kahvaltı yemeği omlet sıcakların alındığı bölümler de yoğunluk fazla",Bodrum da yeşil cennet,5,May 2026,,Mayıs 2026,Aileyle seyahat etti,,,,,,6 katkı
Green Bay Resort & Spa,"Değerli misafirimiz, Sizi Green Bay Resort & Spa Bodrum`da ağırlamak bir zevkti. Misafirlerimize profesyonel ve güler yüzlü hizmet sunmak amacımızdır. Değerli yorumlarınızı bizimle paylaştığınız için teşekkür ederiz. Yaşadığınız durumlardan dolayı çok üzgünüz. Otelimizi seçtiğiniz için bir kez daha teşekkür ederiz ve yakın gelecekte sizi Green Bay Resort & Spa Bodrum`da ağırlamaktan mutluluk duyarız. sevgiler",Bayramda asla,1,May 2026,,Mayıs 2026,Aileyle seyahat etti,,,,,,1 katkı
Green Bay Resort & Spa,Berbat bir otel kesinlikle gitmenizi tavsiye etmiyorum. Restorantından temizliğini herşey çok vasat. Bayram sebebi ile tercih ettiğimiz bu otelde bütün olumsuzlukları yaşadık. Barlarda çalışan elemanlar yetersiz yemekler zaten berbat hiç belirtmek bile istemiyorum yaşadığımız olumsuz deneyimleri.(Böcekler kurtlar etin ne eti olduğu belirsizliği vs.). Küçücük küçücük alanları olan 700 kişi kapasiteyi doldurmak için ucuza servis edilmiş şaçma sapan bir otel. Paranızla rezillik çekmek isterseniz tabi ki tavsiye ederim.,Rezillik Çekmek İsteyenler İçin Tavsiye Edilir,1,May 2026,"İzmir, Türkiye",Mayıs 2026,Aileyle seyahat etti,,,,,,2 katkı
Green Bay Resort & Spa,Odalar ortalama kullanışlı fakat yastık namına hiçbir şey yok kesin yastıkla gelin. Yemeklerin çoğu tadı güzeldi ama çeşit azdı ve erkenden çoğu yemek bitiyor. Barda çalışan herkes çok nazik ve ilgiliydi. Kokteyl ve alkolleri güzeldi. Kalabalık zamanda gitmediğimiz içib rahat rahat zaman geçirdik fakat bence aile oteli daha çok. 16+ havuzu var fakat ordada hiç bitmeyen bir müzik var kafa dinlemeli değil açıkçası. Deniz için şunu söyleyebilirim akvaryum gibi bi deniz beklemeyin birden derinleşiyor ama çok güzeldi dalgasız bir denizi var.,Kafa dinleme tatili,3,May 2026,,Mayıs 2026,Çift olarak seyahat etti,,,,,,2 katkı
Green Bay Resort & Spa,"Fiyat-kazanç açısından çok uygun bir tesis. Temizlik,lokantacılık hizmetleri çok iyi. Resepsiyon,personel görevlerinin bilincinde. Cankurtaranlar Mert bey ve İçim hanıma ayrıca teşekkür ederiz. Ferhan-Ahmet Hakan",Adına uygun koy,5,May 2026,"İzmir, Türkiye",Mayıs 2026,Aileyle seyahat etti,,,,,,5 katkı
Green Bay Resort & Spa,"Green Bay Bodrumda 2 gece kaldık.2y+2ç(13 ve 9 yaş) Pazar sabah 08:00 gibi giriş yaptık(Bu sezon ilk misafirleri biz olduk), öncelikle Misafir ilişkilerinden Pırıl hanıma ilgisi ve desteği için teşekkür etmek istiyorum. Bellboy arkadaşımız Kemal bey bizi çok güzel karşıladı. Geçen sene de yaklaşık aynı tarihlerde kaldığımız için geçen sene ile kıyaslayacağım: özellikle aklıma gelen unsurlar şöyle: +Pazar, Ptesi ve Salı boyunca otelde yaklaşık 10 oda vardık ve herkes gözümüzün içine bakıyordu birşey istesek hemen ayağımıza geliyordu çok keyifliydi. +odamızı ana restoranın tam arkasına gelecek şekilde deniz manzaralı ana binada aile odasına upgrade ettiler, odamız geniş ve konforluydu. Manzarası anlatılmaz yaşanır:) (blokajı tesise ait oda almıştık), odamıza meyve tabağı ikramında bulundular +havlu kart uygulaması var ancak tüm şezlonglara(nerdeyse) rulo yapıp havlu koymuşlar, kartları kullanmadık. havluları deskten almadık. +En önemli artıya geldik: Yemek konusunun geçen seneyle alakası yok. Tüm ekip değişmiş hem inanılmaz çeşit artmış hem lezzet gelmiş. Kuzu kavurma, adana kebap, patlıcan kebabı ve dana tas kebabı gibi geçen sene görülmeyecek ürünler menüye girmiş. Fıstıklı baklava vardı. Kahvaltıda somon füme kaymak vs vardı. Yani demişler ki biz bundan sonra yemek konusunda vasat olmayacağız demişler. Ayrıca ilk gün kahvaltı hizmeti de verdiler. Daha bugün açtık sabah kahvaltıya kim gelecek dememişler. +Bir çok konuda otelde şu anda hepi topu 10 oda var demediler. Yeme içmede çeşitten personelden kısmadılar. 10 odalık kapasiteye animason mu olur canlı müzik mi olur demediler. +Animasyon şefi Utku bey yeni başlamış ve vizyonları değişmiş otelin, 26 Mayısta İskender Paydaş getirmeleri gibi bir çok konuda vizyonlarını değiştirmişler yani. +Sahildeki barda moninin meyve püresi şişelerine benzeyen şişelerde ancak monin marka olmayan meyve püreleri vardı ve o pürelerden kokteyl hazırlattık. şişe bira hala yok ancak içecek kalitesi çok değilse de bir tık yukarı taşınmış diyebiliriz. Kahlua ve baileys muadili içecekler var. baby guinness yaptırdık. :) +Personelin özellikle barlarda işbilgisi anlamında yine bir tık yukarı taşındığını söyleyebiliriz. +iskeledeki kabanaları sahile almışlar ve artık ücretli değil gibi algıladım, iskeleye daha çok şezlong koymuşlar. +Muhtemelen misafir çok az olduğu için iskelede ve plajda ve heryerde nerdeyse hep ayağımıza servis yaptılar. bara kendimiz gittiğimizde bile siz oturun biz hemen hazırlayıp getiriyoruz dediler. İlk aklıma gelenler bunlar oldu. İnanılmaz keyifli bir tatil yaptık. Tüm oteli kapatmış gibiydik çok çok ilginçti. Teşekkür ediyor ve herkese tavsiye ediyorum, green bay en az 1-2 gömlek üste çıkmış. Gidin gittirin :)",Çok güzel bir sezon başlangıcı oldu,5,May 2026,"Bursa, Türkiye",Mayıs 2026,Aileyle seyahat etti,,,,,,42 katkı
Green Bay Resort & Spa,Animasyon ekibi çok güzel di çok eğlendik yemekler gayet güzel ve sıcaktı odalar temizdi sahili güzeldi havuz gayet temiz gönül rahatlığıyla giriliir her sene tercih edeceğim oteller arasında,Başarılı otel,5,May 2026,,Mayıs 2026,Tek başına seyahat etti,,,,,,1 katkı
Green Bay Resort & Spa,Otel çalışanları çok ilgiliydi mini kulüp çalışanları güler yüzlüydü yemekler sıcak ve lezzetliydi odaların temizliği gayet güzeldi otel içerisi yeşilliklerle dolu mis gibi kafa dinlenecek bir yer konum olarak her şey tek kelime ile mükemmeldi :)),Herşey çok başarılı,5,May 2026,,Mayıs 2026,Aileyle seyahat etti,,,,,,1 katkı
Green Bay Resort & Spa,Gerçekten öncelikle şunu söylemek isterim otelin konumu mükemmel. Biz kara manzaralı rezervasyon yaptırmıştık bizi bir sürpriz yapıldı. Deniz manzaraları verildi.İnce dokunuş Güvenlik karşılamasından tutun. Utku beye çok teşekkür ederim. Yemeklerin lezzeti mükemmel,Kibarlık nezaket memnuniyet kalite utku beye çok teşekkür ederim,5,May 2026,,Mayıs 2026,Aileyle seyahat etti,,,,,,1 katkı
Green Bay Resort & Spa,Oteldeki çalışanlar çok güler yüzlü odalar gayet temiz mis gibi kokuyor yemeklerde harika genel olarak beğendik Teşekkürler 😊😊,Beğendik,5,May 2026,,Mayıs 2026,Aileyle seyahat etti,,,,,,1 katkı
Green Bay Resort & Spa,Otelin imkanları hizmeti yemekleri ve etkinlikleri çok hoşumuza gitti. Odaları temiz ve kullanışlı. Personelleri güleryüzlüydü tekrar gelmeyi planlıyoruz.,Harika bi otel!,5,May 2026,,Eylül 2025,Arkadaşlarla seyahat etti,,,,,,1 katkı
Green Bay Resort & Spa,Oteli çok beğendik herkese çok Teşekür ederiz muhakkak tekrar geleceğiz,Harika otel,5,May 2026,,Mayıs 2026,Arkadaşlarla seyahat etti,,,,,,1 katkı
Green Bay Resort & Spa,Otelin her şeyi çok güzel di eğlenceli temiz güzel sesiz muhteşem manzara sabahı ayrı akşam ayrı çok eğlenceli çok beğendik seneye tekrar gelecez,Muhteşem manzara eğlenceli,5,May 2026,,Eylül 2025,Arkadaşlarla seyahat etti,,,,,,1 katkı
Green Bay Resort & Spa,Gayet keyifliydi odaları temiz aktiviteleri bol çalışanları güler yüzlüydü,Gayet keyifliydi,5,May 2026,,Ağustos 2025,Arkadaşlarla seyahat etti,,,,,,1 katkı
Green Bay Resort & Spa,"Merhaba değerli misafirimiz, Öncelikle yorumunuz için teşekkür ederiz. Yapmış olduğunuz yapıcı eleştiriler bizim için çok önemlidir. Yaşadığınız olumsuz tecrübe için çok üzgün olduğumuzu belirtmek isteriz. Yorumunuzu dikkate alıp düzeltmeler yapacağımızı bilmenizi isteriz. Sizi yeni sezonda tekrar ağırlamak isteriz. Teşekkürler, Misafir İlişkileri",ESKİ / KALİTESİZ,2,Kas 2025,"İstanbul, Türkiye",Temmuz 2025,Aileyle seyahat etti,,,,,,77 katkı
Green Bay Resort & Spa,"Değerli misafirimiz, Sizi Green Bay Resort & Spa Bodrum`da ağırlamak bir zevkti. Misafirlerimize profesyonel ve güler yüzlü hizmet sunmak amacımızdır. Değerli yorumlarınızı bizimle paylaştığınız için teşekkür ederiz. Konaklamanızdan zevk aldığınız için çok mutluyuz. Otelimiz hakkındaki değerlendirmeleriniz, geri bildirimleriniz, tesisimizi geliştirmemize ve geliştireceğimiz alanları belirlememize yardımcı olmada gerçekten etkili. Otelimizi seçtiğiniz için bir kez daha teşekkür ederiz ve yakın gelecekte sizi Green Bay Resort & Spa Bodrum`da ağırlamaktan mutluluk duyarız. sevgiler, Müşteri İlişkileri Ekibi",Cennetten bir köşe,5,Eyl 2025,"Antalya, Türkiye",Eylül 2025,Çift olarak seyahat etti,,,,,,2 katkı
Green Bay Resort & Spa,"Değerli misafirimiz, Sizi Green Bay Resort & Spa Bodrum`da ağırlamak bir zevkti. Misafirlerimize profesyonel ve güler yüzlü hizmet sunmak amacımızdır. Değerli yorumlarınızı bizimle paylaştığınız için teşekkür ederiz. Konaklamanızdan zevk aldığınız için çok mutluyuz. Otelimiz hakkındaki değerlendirmeleriniz, geri bildirimleriniz, tesisimizi geliştirmemize ve geliştireceğimiz alanları belirlememize yardımcı olmada gerçekten etkili. Otelimizi seçtiğiniz için bir kez daha teşekkür ederiz ve yakın gelecekte sizi Green Bay Resort & Spa Bodrum`da ağırlamaktan mutluluk duyarız. sevgiler, Müşteri İlişkileri Ekibi",mükemmel,5,Eyl 2025,,Ağustos 2025,Aileyle seyahat etti,,,,,,1 katkı
Green Bay Resort & Spa,"Konumu harika , doğayla içiçe sessiz çam kokuları geliyor.Havuzlar yeterli ancak daha temiz olabilirdi.Oda temizligi guzel her gün yapıldı.Akşam showları çok iyiydi.Türk gecesi yetersizdi.Yemekler 10 uzerinden 7.Gözleme evi var gayet lezzetli.Dondurması kaliteliydi.Kahvaltıda el açması sarıyer böreği ilk defa karşılaştım hoşumuza gitti.Yerli yabancı içecekler markalı.Personel kibar , samimi.Kompakt bir tesis çok yürüme durumunuz yok hersey yakın sayilir.İskele mevcut gayet iyi.Tamamen bir manzara oteli yeşil ve mavinin buluştuğu bir tablo gibi.Denizi durgun dalgasız hemen derinleşen bir deniz.Denizin suyu temiz mavi bayraklı bir plaj.Fakat denizin içi aşırı bulanık dibi görünmeyen bir deniz egede ilk defa karşılaştım boyle bir durumla.Sonuç olarak tavsiye ederim",Güzel bir deneyim ancak deniz bulanık olmasaydı iyiydi,5,Ağu 2025,"İstanbul, Türkiye",Ağustos 2025,Aileyle seyahat etti,,,,,,141 katkı
Green Bay Resort & Spa,"4gunluk tatilimizin üzülerek sonuna geldik,otelin konumu,yemekleri ozellikle sabah el acmasi yapilan borekleri cok guzeldi,personelin hepsi cok cok iyiydi gozlemeci teyzeden,dondurmacisina,servis calisanlarindan ,temizlikcisine kadar hepsi cok iyiydi.Otelin yüzde 85i dolu olmasina ragmen asla sezlong derdi olmadi,havuzlar cok buyuk kalabalik yok,yer kapma derdi yok,koy cok guzel deniz evet bulanik o da konumu geregi boyle, asla kirli degil.biz.cok.memnun kaldik.odamiz.hergun temizlendi cok ferah odalar zaten.peyzaji ayrı guzel ayrica aksam eglencesi hergun ayri keyifliydi cocukdan yetişkine uygun gosteriler vardı, miniclube calisanlari da cok ilgiliydi herkese tavsiye ederim",Keyifli tatilimiz,5,Ağu 2025,,Ağustos 2025,Aileyle seyahat etti,,,,,,1 katkı
Green Bay Resort & Spa,"Bir otelden ne beklersiniz..Karşılığını fazlasıyla alacağınız bir yer. Yorumları gelmeden okumuştum.. Çoğuna gülmüştüm olumsuz olanların.. Haklı olduğumu gördüm.. Personeller ilgisiz diyen kitlenin çoğu,ben bu otele para verdim.Herseyi satın aldım edasıyla yaklaşıyorlar çalışanlara.Gördüğüm tüm personele kolay gelsin demeye çalıştım.Zerre kadar ilgisizlik görmedim.Nasıl davranılmasını istiyorsan,öyle davranacaksın.. Temizlik konusunda standart seviyede azami özen gösteriliyor..Yatağın altına bakanlara,evlerinin durumunu bir an önce dönünce baksınlar derim.Rahat olun,normal bireyler oda temizliği konusunda problem yaşamayacaklardır. Yemekler bir cok otelin standardından yüksek.. Beğenmeyenlerin çoğunun tabağını az cok tahmin edebiliyorum.Muhakkak 3-4 parça damak tadına uygun yemek bulacaksınız..Ancak köfte,tavuk ve balık karışımları ayna anda denenirse lezzet karışabiliyor.Rahat olun yemek konusunda standart bireyseniz problem yaşamayacaksınız.. Çocuk havuzu,satandart seviyede..Çocukların beklentilerini karşılıyor. Bu konuda da rahat olun..Burasi bir koy.Denizi hafif ince çakıllı..Ve 3-4 metre sonra boyu geçiyor.. Bunu şikayet olarak yazmiyorum.Şikayet edenlere söylüyorum..bildiğim denizdeki çaķılın yerine kum koyacak ve kum olarak kalacak bir teknik yok..Yani doğal bir koy.Gelenler bu koyun tadını çıkartsın..Standart bireyseniz bu konuda da problem yaşamayacaksiniz.. Sinek konusu..Sinek var efendim.Ilaclama yapılıyor.Ama ilginç olan bizim evde de oluyor.Belediye ilaçlama yapıyor.Ilginc olan burda da yapılıyor.. Ufak bir önlemle Sinek problemi kalmıyor..Biz ufak tefek hasarla atlattık.. Rahat olun.Sinek kovucu ile gelin.Önlem alın.Problem yaşamayacaksinız...(Sinek aracını da ekledim..) Tur yetkilisi bizi karşılamadı diyenler olmuş.. Valla benide karşilamadilar.Cok basit 14:00 'da odamız hazırlandı..Resepsiyona gittik.kartımizi aldik.Odamiza gittik.Ha 2 saatte bekledik.Ama otel olanaklarindan yararlandik..Bizden sonra gelenlere otelde oda verdiler mi.Valla bu konuda kimseyi takip etmedim.Otel haritasından inceledik. Tur yetkilisi benimle 24 saat ilgilensin diye bir paket var mı bilmiyorum ama varsa ben öyle paket almadım. Otel deneyimlerinizi gidip görüp yaşayarak deneyimleyin.İlla yorumlari dikkate alacaksanız cok uçuk olan uçtu kaçtı,battı bitti gibi yorumları eleyin..Standardı bulursunuz. Sonuç olarak hersey güzeldi.. Trabzonlu Şafak beye ayrıca teşekkür ederim.Harika yönetiyor müşteri ilişkilerini... Nasıl davranilmasini istiyorsan öyle davranacaksın ilkesine istinaden.Biraz vicdan.. ""Son olarak;çocuk havuzunda turuncu renkli döner kaydiragin son noktasında tehlike oluşturacak vida var.Işlevi yok.Problem teşkil edebilir.sorumlu Can beye ilettim..Ben sökmeye çalıştım ama paslı olduğu icin çıkaramadım.. Bir an önce önlem alsanız iyi olur...."" Herşey için teşekkürler Green Bay ekibi..Fırsat olursa yine denerim.. Behlül Çil",Teşekkürler Green Bay...,5,Ağu 2025,,Ağustos 2025,Aileyle seyahat etti,,,,,,1 katkı
Green Bay Resort & Spa,"2 sene önce geldik diye tekrar tercih ettik ve şuan otelden yazıyorum . Karşılaştırmalı gidelim ; KONUM : koyun içinde nezih ormanda etrafta bir şey yok bodruma 23 km ODA : ideal eşyalar eski sayılır balkonu küçük minibar hergün doluyor TEMİZLİK : düzenli yapılıyor ilk defa kendiliğinden oda temizlemeye gelenleri gördüm çarşaf 2 günde değişiyor DENİZ : dalgası yok denecek kadar az berrak turkuaz rengi gibi , taşlı ama rahatsız etmiyor derinlik artıyor şezlong sıkıntısı yok ÇALIŞANLAR : genel olarak güler yüzlü yardımsever İÇECEK : alkol eşim normal iyi dedi kokteyller bazı kişiler ( Kadir ) iyi yapıyor genelde kötü sayılabilir çok sıra yok , 2 sene önce masaya servis varken artık o kaldırılmış YEMEK : gelelim en önemli konuya VASAT ! Puanım 2/5 veririm EN FAZLA . Kahvaltı iş görür sıcak çeşitleri var öğle yemeği yok ! Hep aynı saçma sapan şeyler dönüyor tatsız tuzsuz hindi balık tavuk kızartma :( TATLIYI GÖREN VARSA SÖYLESİN ! inanılmaz lezzetsiz çeşit hep aynı gıda boyalı o mini ekler gibi bi şey işte . Akşam yemekleri 4 gündür buradayız ilk defa adam gibi birşey çıktı , 2 sene önce konsept yapılırdı o da Hak getire kaldırılmış . Snack barda önceden beyti döner İskender pizza vb şeyler menü şeklindeyken bu da kaldırılmış hep hamburger pizza makarna nugget çıkıyor artık insan bıkıyor ve gidip kendin alıyorsun . Yemekhanede kediler kol geziyor arılar da var buna önlem almaları lazım HAVUZ : 3-4 yerde temiz sayılır Aqua alanı yoğun oluyor temizlikleri eh işte İKRAM : waffle gözleme dondurma olayı iyi sıra yok gibi lezzetli . 2 sene önce algida dolaplarından alırken şimdi külah olayına dönülmüş bu da eksi . ANİNASYON : o kadar otele gittim EN SÜPERİ ! İnanılmaz özenli çeşitli eğlenceli geçti Kolombiya , Brezilya , akrobasi gecesi yapıldı . Çocuklar için de güzeldi sıkılmadı kızımız . Gündüz iskelede canlı müzik yapıldı o da iyi bir jestti . RUBATO konserine denk geldik yoğundu ama güzeldi . Ayrıca otel cyristal zincir otelden çıkmış el değiştirmiş ve bu çok büyük eksiklik olmuş. Yorumları dikkate alırsanız iyi olur .( Ayrıca restaurantta şeflerin bulunması lazım koordinasyon ve eksiklikler öneriler için . 2 sene önce bu da vardı ama şimdi yok .) Yardımcı olabildiysem ne mutlu ama ben bir daha gelmem !",Lezzet arayan başka yere !,3,Ağu 2025,"Ankara, Türkiye",Ağustos 2025,Aileyle seyahat etti,,,,,,1 katkı
Green Bay Resort & Spa,"Bu oteli 3 yıldır tercih ediyoruz. Güvenerek geldiğimiz otelin durumu içler acısı. Sanırım geçen sene otel crystal gruptan ayrılarak, işletmecilik tecrübesi olmayan birilerine satılmış. Temizlik :Yok öyle birşey Personel:Malesef asık suratlı bir çoğu. Sayı olarak az olmanın verdiği yorgunluktan da kaynaklı Mutsuzluklarını fark ediyorsunuz. Yemek:Sabah kahvaltıda çıkan taze börek hariç, vasat. Hele ızgara bölümüne hiç gitmeyin. Oda: Eski eşyalarla, bakımsız banyosu, olmayan temizliği ile kalmaya mecbur kalıyorsunuz. Havuz:Çocukların eğlence alanı olan aqua parkta çocuktan çok yetişkinler var. Sinek bar: İçecek almak için sürekli sıra bekliyorsunuz. Birde temizlik yapmak için her gün 17:30-18:00 arası kapatıyorlar.Ve bu hiç bir yerde yazmıyor. Animasyon ekibi:Tek dertleri sağa sola caka satmak olan, garip tipler. Nerede eski animasyon gösterileri, akşam yapılan showlar. Verdiğimiz paraya değmeyen bir tatil deneyimi.",Gerçek Tarafsız Yorum,1,Ağu 2025,,Ağustos 2025,,,,,,,1 katkı
Green Bay Resort & Spa,"Sevgili Misafirimiz, Yaşadığınız memnuniyetsizlikten dolayı üzgün olduğumuzu ifade etmek isteriz. Sunduğumuz hizmetin her zaman en yüksek standartlarda olması için çalışıyoruz ve yorumunuz bu hedefe ulaşmamızda çok değerli. Geri bildiriminiz ilgili departmanlarla paylaşılmış olup, gerekli iyileştirmeler yapılacaktır. Sizi tekrar aramızda görmek ve keyifli tatil anılarınıza yenilerini eklemek isteriz. Saygılarımızla, Müşteri İlişkileri Ekibi",Gerçekten kötü,1,Ağu 2025,,Ağustos 2025,Aileyle seyahat etti,,,,,,1 katkı
Green Bay Resort & Spa,"Ilk olarak otel genelinde kotu bir koku mevcut, teknelerin oldugu bolgeden geliyormus sanirim. Resepsiyon kismindaki calisanlar cogu seyden habersiz, ilgisizler. Saat 14:00 olana dek odamiza gecemedik biraz erken gelmis olmamiza ragmen. Odaya gecince de hayal kirikligina ugradik, oda o kadar nem ve kuf kokuyor ki temizlikte yerlerde. Banyoda copler unutulmus her yer kuf ve nem icinde. Temizlik konusunda 1 puani bile hak etmiyor. 5 yildizli otelde banyoda dus jel vs yok, istegimiz uzerine getirdiler, vip odalarda varmis sadece oyle soylediler saka gibi. Yemek konusuna gelirsek feci, yemek cesitliligi az, yemekler tatsiz, ac kaldim, o derece. Yemek alirken arkadan cig et tavuk kokulari geliyordu, acikcasi hicbir sey yiyemedim o kokulardan sonra. Hijyenik degildi asla. Denizi cok bulanik, hemen yakinda tekneler duruyor, pek temiz gelmedi bize. Calisanlar cok suratsiz, herkes isini zorla yapiyor. Biz erken cikis yapmayi bile dusunduk, o kadar memnuniyetsiz kaldik bu otelden. Belki erken check out yapariz. Gelmenizi onermeyiz. Ekstra olarak odamiz kotu kokuyor dedigimizde elinde oda kokusuyla gelip kokuyu bastirmaya calistilar, sasirdik kaldik. Ayriyetten icecek konusunda cok yetersizler, henuz alkol denemeye cesaret edemedik ama herhangi bir bardan kola bile alamiyorsunuz, makineleri calismiyormus. Yani sonuc olarak puanimiz 1. Gelmeyin.",En kotu otel deneyimimiz,1,Ağu 2025,,Ağustos 2025,,,,,,,1 katkı
Green Bay Resort & Spa,En güzel yanı denizi! Otel biraz bakımsız zemin kat iki odasını verdiler biri rutubet kokuyordu diğerine kapı açılır açılmaz sinekler arılar doluştu çocuklarımız odadan kaçtı. Söyledik oda değiştirdiler odalar eski ! Yemekler güzeldi restoran dahil her yerde sinekler ! Plajda bi sorun var mı diye geldi dart oynatan görevli plaj geceleri düzeltilmiyor önceki gün çocukların kazdığı çukurlar duruyor diye belirtiğim için “bütün derdin bu mu “ diye tepki aldım öyle ilgililer işte hem sorup hem tersleniyorsunuz! Yemek masasında ıslak mendil yok kürdan yok istenince veriliyor diyorlar istedim işte orda gidin alın şurda dendi🤨 snack bar kısmında hep buzluk ürünleri var (hamburger köftesi nugget patates) ve tavuk döner tatlılar Meyve eklenebilir!,Bakımsız ve İlgisiz bir işletme!,3,Ağu 2025,"İstanbul, Türkiye",Temmuz 2025,Arkadaşlarla seyahat etti,,,,,,60 katkı
Green Bay Resort & Spa,"Değerli misafirimiz, Sizi Green Bay Resort & Spa Bodrum`da ağırlamak bir zevkti. Misafirlerimize profesyonel ve güler yüzlü hizmet sunmak amacımızdır. Değerli yorumlarınızı bizimle paylaştığınız için teşekkür ederiz. Konaklamanızdan zevk aldığınız için çok mutluyuz. Otelimiz hakkındaki değerlendirmeleriniz, geri bildirimleriniz, tesisimizi geliştirmemize ve geliştireceğimiz alanları belirlememize yardımcı olmada gerçekten etkili. Otelimizi seçtiğiniz için bir kez daha teşekkür ederiz ve yakın gelecekte sizi Green Bay Resort & Spa Bodrum`da ağırlamaktan mutluluk duyarız. sevgiler, Müşteri İlişkileri Ekibi",Harika bir tatil,5,Tem 2025,,Temmuz 2025,Aileyle seyahat etti,,,,,,10 katkı
Green Bay Resort & Spa,"Değerli misafirimiz, Sizi Green Bay Resort & Spa Bodrum`da ağırlamak bir zevkti. Misafirlerimize profesyonel ve güler yüzlü hizmet sunmak amacımızdır. Değerli yorumlarınızı bizimle paylaştığınız için teşekkür ederiz. Konaklamanızdan zevk aldığınız için çok mutluyuz. Otelimiz hakkındaki değerlendirmeleriniz, geri bildirimleriniz, tesisimizi geliştirmemize ve geliştireceğimiz alanları belirlememize yardımcı olmada gerçekten etkili. Otelimizi seçtiğiniz için bir kez daha teşekkür ederiz ve yakın gelecekte sizi Green Bay Resort & Spa Bodrum`da ağırlamaktan mutluluk duyarız. sevgiler, Müşteri İlişkileri Ekibi","Mükemmel deniz, iyileşmiş yemek kalitesi,nemsiz hava,daha nolsun...",5,Tem 2025,"İzmit, Türkiye",Temmuz 2025,Aileyle seyahat etti,,,,,,10 katkı
Green Bay Resort & Spa,"Değerli misafirimiz, Sizi Green Bay Resort & Spa Bodrum`da ağırlamak bir zevkti. Misafirlerimize profesyonel ve güler yüzlü hizmet sunmak amacımızdır. Değerli yorumlarınızı bizimle paylaştığınız için teşekkür ederiz. Konaklamanızdan zevk aldığınız için çok mutluyuz. Otelimiz hakkındaki değerlendirmeleriniz, geri bildirimleriniz, tesisimizi geliştirmemize ve geliştireceğimiz alanları belirlememize yardımcı olmada gerçekten etkili. Otelimizi seçtiğiniz için bir kez daha teşekkür ederiz ve yakın gelecekte sizi Green Bay Resort & Spa Bodrum`da ağırlamaktan mutluluk duyarız. sevgiler, Müşteri İlişkileri Ekibi",Ortalama,4,Tem 2025,"Ankara, Türkiye",Temmuz 2025,Arkadaşlarla seyahat etti,,,,,,1 katkı
Green Bay Resort & Spa,"Sevgili Misafirimiz, Yaşadığınız memnuniyetsizlikten dolayı üzgün olduğumuzu ifade etmek isteriz. Sunduğumuz hizmetin her zaman en yüksek standartlarda olması için çalışıyoruz ve yorumunuz bu hedefe ulaşmamızda çok değerli. Geri bildiriminiz ilgili departmanlarla paylaşılmış olup, gerekli iyileştirmeler yapılacaktır. Sizi tekrar aramızda görmek ve keyifli tatil anılarınıza yenilerini eklemek isteriz. Saygılarımızla, Müşteri İlişkileri Ekibi",İsteksiz otel çalışanları,3,Tem 2025,"Denizli, Türkiye",Temmuz 2025,Aileyle seyahat etti,,,,,,1 katkı
Green Bay Resort & Spa,"Denizi sig cocuklu Ailelere uygun . Dalgasiz.Yemekleri güzel özellikle sabah börek açan beyefendi inanılmaz güzel yapıyor. Resepsiyondaki Safak bey ,Waffle ve dondurma bölümündeki Rabia ve Hatice hanım gördüğüm tek güler yüzlü personel desem yalan olmaz . Kids clup ta top havuzu olması güzel gamze ve nehir hanım oldukça yardımcı ama Kids clup temizliği cok yetersiz . Hatta bencr temizlenmiyir .Animasyonkar yetersiz ve animasyon müdürleri hem personele hem misafirlere sert davranıyor. Kısacası denizi için gidilir ama işini sevmeyen personelleri görmezden gelmeniz gerek . Güzelim koy daha iyi bir yönetimle vazgeçilmez olabilirdi",,3,Tem 2025,,Temmuz 2025,Aileyle seyahat etti,,,,,,1 katkı
Green Bay Resort & Spa,"Daha önceki yıllarda da severek konakladığımız Green Bay Resort’ü bu yıl ne yazık ki önceki deneyimlerimizin gerisinde bulduk. Yemek ve tatlı çeşitliliği önceki senelere kıyasla oldukça azalmış. Özellikle akşam yemeklerinde çeşit konusunda beklentimizin altında kaldı. Garson sayısı yetersizdi ve çalışanların çoğu ne yazık ki güler yüzlü değildi. Barmenlerin sayısı da yetersizdi; bar önlerinde uzun kuyruklar oluşuyor. Ayrıca barmenlerin büyük kısmı tecrübesizdi. Sadece bir barmen işini hakkıyla yapıyordu. Mini Club çocuklar için oldukça yetersizdi. Animasyon gösterileri ise genel olarak zayıf ve eğlence anlamında doyurucu değildi; sadece sihirbaz gösterisi kayda değerdi. Anfi tiyatro bölümünde yeterli oturma alanı yoktu, bu yüzden birçok misafir gösterileri ayakta izlemek zorunda kaldı. Ayrıca her şey dahil konseptte ücretli patlamış mısır ve pamuk şeker satışı yapılması hoş değildi. Tatilde insanın sürekli cebine elini atmak zorunda kalmaması gerekir. Tesisin doğal yapısı, konumu ve potansiyeli çok güçlü ancak bu yıl genel hizmet kalitesi maalesef beklentinin altında kaldı. Umarım bu yapıcı yorumlar dikkate alınır ve önümüzdeki sezonlarda eski kalitesine yeniden kavuşur. Uzun yıllardır misafiriniz olarak, samimi bir geri bildirimdir. Teşekkürler.",,3,Tem 2025,,Temmuz 2025,,,,,,,8 katkı
Green Bay Resort & Spa,"Tesise 2.gelişimiz. cyristal gruptan ciktiktan sonra bazı konularda olumsuz değişimler olmuş. Otel giriş işlemleri oldukça hızlı yapıldı. Yalnız girişte vale yok. Aracınızla geldiyseniz, aracınıza park yeri kendiniz bulmanız gerek. Odalar küçük ama yeterli. Ama otelin içi önceye göre yenilenmiş. Deniz bir taraf taşlık bir taraf kumluk. Deniz temiz ama biraz bulanık. Temizlik hijyen gayet iyi. Yemekler, kahvaltı ortalama. Yiyecek birşeyler mutlaka bulunuyor. Kokteyller güzel. Barda çalışan ekipler güzel karışımlar hazırlıyorlar. Çalışanlar güler yüzlü. Fuat bey'in karışımları tatmalısınız :) Tesiste heryere kolayca erişebiliyorsunuz. Gelelim olumsuz yorumlara. Çalışan sayısı yetersiz. Ama hepsi güler yüzle ellerinden geldiğince yardımcı olmaya çalışıyor. Eskiden içecekler masaya servis ediliyorken şu an siz kalkıp alıyorsunuz. Rezervasyonu direkt tesisten yaptırmıştık. 4 aile 4 çocuk 6 gece olarak. Telefonla kids club'un 23.00'e kadar açık olduğunu teyit almamıza rağmen (ayrıca ETS'nin de sitesinde 10.00- 23.00 arası acik olduğu yazıyor) geldiğimizde gördük ki 17.00'de kapanıyor. Çocuklu aileler için bu önemli bir tercih, ki ilk geldiğimizde 23.00'e kadar açıktı. Akşam 550 tl ücret ile max yarım saatlik çanta veya t-shirt boyama etkinliği yaptırabiliyorsunuz. Bu şikayetimizi dile getirdik. Konuyla ilgili animasyon müdürü Sinan Bey ilgileniyormuş kendisine yönlendirdiler. Tatile yapmaya geldiğim için Sinan Bey'i arayıp bulmak yerine kendisinin beni aramasını rica ettim ama 3 gün geçti hala arayacak. Çocuk aktiviteleri yok denebilir. Sadece gündüz 10.00-12.30 , 14.30-17.00 arası mini club, akşam da mini disko. Yine akşamları pamuk şeker ve patlamış mısır satıyorlar. Tanesi 200,00 tl. Satışı yapan da tesisin içindeki market imiş. Bu fiyatın bu kadar yüksek olması ne kadar kabul edilebilir siz karar verin. Fiyatın neden bu kadar yüksek olduğunu sorduğumuzda sözleşme kapsamında fiyatlara karışılmyacağı maddesi yer aldığı söylendi. Ben burada marketi değil tesisi muhatap olarak görürüm. . Fiyatlar daha makul olabilir. Bir pamuk şeker bir mısır 200 tl olmamalı. Sonuç olarak evet güzel yanları da var ama şikayetçi olunan konulara somut bir çözüm yok. Çocuklu aile olarak şu şartlarda 3.kez tercih edeceğimizi sanmıyoruz.",Güzel bir tesis,4,Tem 2025,"İstanbul, Türkiye",Temmuz 2025,Aileyle seyahat etti,,,,,,221 katkı
Green Bay Resort & Spa,Merhaba otel ile defalarca görüşmeme rağmen şuan söledikleri şartları yerine getirmiyeceklerini yetki kişi olarak arayan arkadaştan öğrendik ailecek yaptığımız tatil planımızı zora soktular sizleri tercih ettiğimiz için çok pişman olduk ilgili oteli tercih edicek kişiler iki kere düşünsün sizlerde otele gitmeden pişmanlık yaşarsınız,Pişmanlık,1,Tem 2025,,Temmuz 2025,Aileyle seyahat etti,,,,,,5 katkı
Green Bay Resort & Spa,Konsept gereği çocuk Aqua parkına aileler için şezlong ve şemsiye koymayan ve can kurtaran bulundurmayan tesis. Şikayet ettik susalım diye o günlük şemsiye getirdiler. Ertesin gün yine yoktu. 4 yaşındaki çocuğunuz eğlenirken başınıza güneş geçen tesis. Yemekler güzel ve lezzetli. Odalar temiz ve kat görevlileri ilgili. Otel yönetimi çok kötü.,Çocuğunuz aqua parkta eğlenirken başınıza güneş geçen tesis,2,Tem 2025,,Temmuz 2025,Aileyle seyahat etti,,,,,,4 katkı
Green Bay Resort & Spa,"Değerli misafirimiz, Sizi Green Bay Resort & Spa Bodrum`da ağırlamak bir zevkti. Misafirlerimize profesyonel ve güler yüzlü hizmet sunmak amacımızdır. Değerli yorumlarınızı bizimle paylaştığınız için teşekkür ederiz. Konaklamanızdan zevk aldığınız için çok mutluyuz. Otelimiz hakkındaki değerlendirmeleriniz, geri bildirimleriniz, tesisimizi geliştirmemize ve geliştireceğimiz alanları belirlememize yardımcı olmada gerçekten etkili. Otelimizi seçtiğiniz için bir kez daha teşekkür ederiz ve yakın gelecekte sizi Green Bay Resort & Spa Bodrum`da ağırlamaktan mutluluk duyarız. sevgiler, Müşteri İlişkileri Ekibi",Deniz çarşaf gibi otel konumu mükemmmel biz ailece cok eglendik,4,Tem 2025,,Haziran 2025,Aileyle seyahat etti,,,,,,2 katkı
Green Bay Resort & Spa,"Değerli misafirimiz, Sizi Green Bay Resort & Spa Bodrum`da ağırlamak bir zevkti. Misafirlerimize profesyonel ve güler yüzlü hizmet sunmak amacımızdır. Değerli yorumlarınızı bizimle paylaştığınız için teşekkür ederiz. Konaklamanızdan zevk aldığınız için çok mutluyuz. Otelimiz hakkındaki değerlendirmeleriniz, geri bildirimleriniz, tesisimizi geliştirmemize ve geliştireceğimiz alanları belirlememize yardımcı olmada gerçekten etkili. Otelimizi seçtiğiniz için bir kez daha teşekkür ederiz ve yakın gelecekte sizi Green Bay Resort & Spa Bodrum`da ağırlamaktan mutluluk duyarız. sevgiler, Müşteri İlişkileri Ekibi",Green Bay tecrübesi,5,Haz 2025,,Haziran 2025,Aileyle seyahat etti,,,,,,2 katkı
Green Bay Resort & Spa,"Değerli misafirimiz, Sizi Green Bay Resort & Spa Bodrum`da ağırlamak bir zevkti. Misafirlerimize profesyonel ve güler yüzlü hizmet sunmak amacımızdır. Değerli yorumlarınızı bizimle paylaştığınız için teşekkür ederiz. Konaklamanızdan zevk aldığınız için çok mutluyuz. Otelimiz hakkındaki değerlendirmeleriniz, geri bildirimleriniz, tesisimizi geliştirmemize ve geliştireceğimiz alanları belirlememize yardımcı olmada gerçekten etkili. Otelimizi seçtiğiniz için bir kez daha teşekkür ederiz ve yakın gelecekte sizi Green Bay Resort & Spa Bodrum`da ağırlamaktan mutluluk duyarız. sevgiler, Müşteri İlişkileri Ekibi",Kokteyl tevsiyesi,5,Haz 2025,,Haziran 2025,Aileyle seyahat etti,,,,,,1 katkı
Green Bay Resort & Spa,"Değerli misafirimiz, Sizi Green Bay Resort & Spa Bodrum`da ağırlamak bir zevkti. Misafirlerimize profesyonel ve güler yüzlü hizmet sunmak amacımızdır. Değerli yorumlarınızı bizimle paylaştığınız için teşekkür ederiz. Konaklamanızdan zevk aldığınız için çok mutluyuz. Otelimiz hakkındaki değerlendirmeleriniz, geri bildirimleriniz, tesisimizi geliştirmemize ve geliştireceğimiz alanları belirlememize yardımcı olmada gerçekten etkili. Otelimizi seçtiğiniz için bir kez daha teşekkür ederiz ve yakın gelecekte sizi Green Bay Resort & Spa Bodrum`da ağırlamaktan mutluluk duyarız. sevgiler, Müşteri İlişkileri Ekibi",Cok guzeldi,5,Haz 2025,,Haziran 2025,Çift olarak seyahat etti,,,,,,1 katkı
Green Bay Resort & Spa,"Değerli misafirimiz, Sizi Green Bay Resort & Spa Bodrum`da ağırlamak bir zevkti. Misafirlerimize profesyonel ve güler yüzlü hizmet sunmak amacımızdır. Değerli yorumlarınızı bizimle paylaştığınız için teşekkür ederiz. Konaklamanızdan zevk aldığınız için çok mutluyuz. Otelimiz hakkındaki değerlendirmeleriniz, geri bildirimleriniz, tesisimizi geliştirmemize ve geliştireceğimiz alanları belirlememize yardımcı olmada gerçekten etkili. Otelimizi seçtiğiniz için bir kez daha teşekkür ederiz ve yakın gelecekte sizi Green Bay Resort & Spa Bodrum`da ağırlamaktan mutluluk duyarız. sevgiler, Müşteri İlişkileri Ekibi",Kokteyl tavsiyesi,5,Haz 2025,,Haziran 2025,Arkadaşlarla seyahat etti,,,,,,1 katkı
Green Bay Resort & Spa,"Değerli misafirimiz, Sizi Green Bay Resort & Spa Bodrum`da ağırlamak bir zevkti. Misafirlerimize profesyonel ve güler yüzlü hizmet sunmak amacımızdır. Değerli yorumlarınızı bizimle paylaştığınız için teşekkür ederiz. Konaklamanızdan zevk aldığınız için çok mutluyuz. Otelimiz hakkındaki değerlendirmeleriniz, geri bildirimleriniz, tesisimizi geliştirmemize ve geliştireceğimiz alanları belirlememize yardımcı olmada gerçekten etkili. Otelimizi seçtiğiniz için bir kez daha teşekkür ederiz ve yakın gelecekte sizi Green Bay Resort & Spa Bodrum`da ağırlamaktan mutluluk duyarız. sevgiler, Müşteri İlişkileri Ekibi",Barmenleri Cok Iyi,5,Haz 2025,,Haziran 2025,Aileyle seyahat etti,,,,,,2 katkı
Green Bay Resort & Spa,"Değerli misafirimiz, Sizi Green Bay Resort & Spa Bodrum`da ağırlamak bir zevkti. Misafirlerimize profesyonel ve güler yüzlü hizmet sunmak amacımızdır. Değerli yorumlarınızı bizimle paylaştığınız için teşekkür ederiz. Konaklamanızdan zevk aldığınız için çok mutluyuz. Otelimiz hakkındaki değerlendirmeleriniz, geri bildirimleriniz, tesisimizi geliştirmemize ve geliştireceğimiz alanları belirlememize yardımcı olmada gerçekten etkili. Otelimizi seçtiğiniz için bir kez daha teşekkür ederiz ve yakın gelecekte sizi Green Bay Resort & Spa Bodrum`da ağırlamaktan mutluluk duyarız. sevgiler, Müşteri İlişkileri Ekibi",Lobi bar,5,Haz 2025,,Haziran 2025,Aileyle seyahat etti,,,,,,2 katkı
Green Bay Resort & Spa,"Değerli misafirimiz, Sizi Green Bay Resort & Spa Bodrum`da ağırlamak bir zevkti. Misafirlerimize profesyonel ve güler yüzlü hizmet sunmak amacımızdır. Değerli yorumlarınızı bizimle paylaştığınız için teşekkür ederiz. Konaklamanızdan zevk aldığınız için çok mutluyuz. Otelimiz hakkındaki değerlendirmeleriniz, geri bildirimleriniz, tesisimizi geliştirmemize ve geliştireceğimiz alanları belirlememize yardımcı olmada gerçekten etkili. Otelimizi seçtiğiniz için bir kez daha teşekkür ederiz ve yakın gelecekte sizi Green Bay Resort & Spa Bodrum`da ağırlamaktan mutluluk duyarız. sevgiler, Müşteri İlişkileri Ekibi",Nisa hamından çok memnun kaldıkkgülen yüzlüydü yaptı kokteyler çok lezzetliydi sahil çok güzeldi tatlılar lezzetliydi,4,Haz 2025,,Haziran 2025,Aileyle seyahat etti,,,,,,3 katkı
Green Bay Resort & Spa,"Değerli misafirimiz, Sizi Green Bay Resort & Spa Bodrum`da ağırlamak bir zevkti. Misafirlerimize profesyonel ve güler yüzlü hizmet sunmak amacımızdır. Değerli yorumlarınızı bizimle paylaştığınız için teşekkür ederiz. Konaklamanızdan zevk aldığınız için çok mutluyuz. Otelimiz hakkındaki değerlendirmeleriniz, geri bildirimleriniz, tesisimizi geliştirmemize ve geliştireceğimiz alanları belirlememize yardımcı olmada gerçekten etkili. Otelimizi seçtiğiniz için bir kez daha teşekkür ederiz ve yakın gelecekte sizi Green Bay Resort & Spa Bodrum`da ağırlamaktan mutluluk duyarız. sevgiler, Müşteri İlişkileri Ekibi",Deniz manzaralı çok güzel bı oteldl çocuklar için ideal ve güzel kokteilllere bayıldık aynı şekilde restonttaki yemekler,4,Haz 2025,,Haziran 2025,Aileyle seyahat etti,,,,,,1 katkı
Green Bay Resort & Spa,"Değerli misafirimiz, Sizi Green Bay Resort & Spa Bodrum`da ağırlamak bir zevkti. Misafirlerimize profesyonel ve güler yüzlü hizmet sunmak amacımızdır. Değerli yorumlarınızı bizimle paylaştığınız için teşekkür ederiz. Konaklamanızdan zevk aldığınız için çok mutluyuz. Otelimiz hakkındaki değerlendirmeleriniz, geri bildirimleriniz, tesisimizi geliştirmemize ve geliştireceğimiz alanları belirlememize yardımcı olmada gerçekten etkili. Otelimizi seçtiğiniz için bir kez daha teşekkür ederiz ve yakın gelecekte sizi Green Bay Resort & Spa Bodrum`da ağırlamaktan mutluluk duyarız. sevgiler, Müşteri İlişkileri Ekibi",Güzel Bir Lokasyonda keyifli bir tatil,4,Haz 2025,,Haziran 2025,Aileyle seyahat etti,,,,,,1 katkı
Green Bay Resort & Spa,"Değerli misafirimiz, Sizi Green Bay Resort & Spa Bodrum`da ağırlamak bir zevkti. Misafirlerimize profesyonel ve güler yüzlü hizmet sunmak amacımızdır. Değerli yorumlarınızı bizimle paylaştığınız için teşekkür ederiz. Konaklamanızdan zevk aldığınız için çok mutluyuz. Otelimiz hakkındaki değerlendirmeleriniz, geri bildirimleriniz, tesisimizi geliştirmemize ve geliştireceğimiz alanları belirlememize yardımcı olmada gerçekten etkili. Otelimizi seçtiğiniz için bir kez daha teşekkür ederiz ve yakın gelecekte sizi Green Bay Resort & Spa Bodrum`da ağırlamaktan mutluluk duyarız. sevgiler, Müşteri İlişkileri Ekibi",Bedri ve Seda,5,Haz 2025,,Mayıs 2025,Çift olarak seyahat etti,,,,,,1 katkı
Green Bay Resort & Spa,"Güler yüzlü, samimi, sıcakkanlı personeller karşılıyor sizi otele giriş yaptığınız anda. Taleplerinizi değerlendirip sizi memnun etmeye çalışan, ilgili ve alakalı bir otel yönetimi ile karşılaştık. Bu sebeple çok teşekkür ederiz. Odalar ve genel kullanım alanları oldukça temiz, yemekler lezzetli ve çok çeşitli, barlardaki içecekler de gayet güzel. Özellikle lobi bardaki Deniz Hanım’ a, Arzu Hanım’ a, Deniz Bey’ e çok teşekkür ederiz, güler yüzlü bir şekilde hizmet vermelerinden işlerini severek yaptıklarını anlıyorsunuz. Snack barda çalışan ve deniz kenarına içecek hazırlayan bardaki tüm arkadaşlara çok teşekkür ediyorum. Sıcak havaya ve bayram kalabalıklığına rağmen snack barda pizza hazırlayan beyefendiye lezzetli pizzaları için çok teşekkür ederiz. Güzel waffle lar hazırlayan personellere çok teşekkür ederim. Restoran müdürü olarak görev yapan beyefendiye ayrıca minnettarız. Otelin temizlik personeline çok teşekkür ederiz. Otelin harika bir animasyon ekibi var. Çok aktif, çok eğlenceli dolu dolu bir ekip. Sportif etkinliklerin çoğuna katıldık, çok eğlenceliydi, tavsiye ederiz. Otelin denizi de çok temiz, dalgasız ve sakin. Keyifli bir tatil geçirdik. Green Bay Resort ailesine teşekkür ediyoruz.",Keyifli bayram tatili,5,Haz 2025,,Haziran 2025,Aileyle seyahat etti,,,,,,2 katkı
Green Bay Resort & Spa,"Değerli misafirimiz, Sizi Green Bay Resort & Spa Bodrum`da ağırlamak bir zevkti. Misafirlerimize profesyonel ve güler yüzlü hizmet sunmak amacımızdır. Değerli yorumlarınızı bizimle paylaştığınız için teşekkür ederiz. Konaklamanızdan zevk aldığınız için çok mutluyuz. Otelimiz hakkındaki değerlendirmeleriniz, geri bildirimleriniz, tesisimizi geliştirmemize ve geliştireceğimiz alanları belirlememize yardımcı olmada gerçekten etkili. Otelimizi seçtiğiniz için bir kez daha teşekkür ederiz ve yakın gelecekte sizi Green Bay Resort & Spa Bodrum`da ağırlamaktan mutluluk duyarız. sevgiler, Müşteri İlişkileri Ekibi",Herkezın beğenebılecegı bir işletmeee,5,Haz 2025,,Haziran 2025,Aileyle seyahat etti,,,,,,2 katkı
Green Bay Resort & Spa,"Değerli misafirimiz, Sizi Green Bay Resort & Spa Bodrum`da ağırlamak bir zevkti. Misafirlerimize profesyonel ve güler yüzlü hizmet sunmak amacımızdır. Değerli yorumlarınızı bizimle paylaştığınız için teşekkür ederiz. Konaklamanızdan zevk aldığınız için çok mutluyuz. Otelimiz hakkındaki değerlendirmeleriniz, geri bildirimleriniz, tesisimizi geliştirmemize ve geliştireceğimiz alanları belirlememize yardımcı olmada gerçekten etkili. Otelimizi seçtiğiniz için bir kez daha teşekkür ederiz ve yakın gelecekte sizi Green Bay Resort & Spa Bodrum`da ağırlamaktan mutluluk duyarız. sevgiler, Müşteri İlişkileri Ekibi",Güzel otel çok beğendik,5,Haz 2025,,Haziran 2025,Arkadaşlarla seyahat etti,,,,,,2 katkı
Green Bay Resort & Spa,"Değerli misafirimiz, Sizi Green Bay Resort & Spa Bodrum`da ağırlamak bir zevkti. Misafirlerimize profesyonel ve güler yüzlü hizmet sunmak amacımızdır. Değerli yorumlarınızı bizimle paylaştığınız için teşekkür ederiz. Konaklamanızdan zevk aldığınız için çok mutluyuz. Otelimiz hakkındaki değerlendirmeleriniz, geri bildirimleriniz, tesisimizi geliştirmemize ve geliştireceğimiz alanları belirlememize yardımcı olmada gerçekten etkili. Otelimizi seçtiğiniz için bir kez daha teşekkür ederiz ve yakın gelecekte sizi Green Bay Resort & Spa Bodrum`da ağırlamaktan mutluluk duyarız. sevgiler, Müşteri İlişkileri Ekibi",Muhteşem,1,Haz 2025,,Haziran 2025,Aileyle seyahat etti,,,,,,1 katkı
Green Bay Resort & Spa,"Değerli misafirimiz, Sizi Green Bay Resort & Spa Bodrum`da ağırlamak bir zevkti. Misafirlerimize profesyonel ve güler yüzlü hizmet sunmak amacımızdır. Değerli yorumlarınızı bizimle paylaştığınız için teşekkür ederiz. Konaklamanızdan zevk aldığınız için çok mutluyuz. Otelimiz hakkındaki değerlendirmeleriniz, geri bildirimleriniz, tesisimizi geliştirmemize ve geliştireceğimiz alanları belirlememize yardımcı olmada gerçekten etkili. Otelimizi seçtiğiniz için bir kez daha teşekkür ederiz ve yakın gelecekte sizi Green Bay Resort & Spa Bodrum`da ağırlamaktan mutluluk duyarız. sevgiler, Müşteri İlişkileri Ekibi",Harika hizmet süper ekip,5,Haz 2025,,Haziran 2025,Aileyle seyahat etti,,,,,,1 katkı
Green Bay Resort & Spa,"Değerli misafirimiz, Sizi Green Bay Resort & Spa Bodrum`da ağırlamak bir zevkti. Misafirlerimize profesyonel ve güler yüzlü hizmet sunmak amacımızdır. Değerli yorumlarınızı bizimle paylaştığınız için teşekkür ederiz. Konaklamanızdan zevk aldığınız için çok mutluyuz. Otelimiz hakkındaki değerlendirmeleriniz, geri bildirimleriniz, tesisimizi geliştirmemize ve geliştireceğimiz alanları belirlememize yardımcı olmada gerçekten etkili. Otelimizi seçtiğiniz için bir kez daha teşekkür ederiz ve yakın gelecekte sizi Green Bay Resort & Spa Bodrum`da ağırlamaktan mutluluk duyarız. sevgiler, Müşteri İlişkileri Ekibi",Bar kısmı muhteşem ekip,5,Haz 2025,,Haziran 2025,Aileyle seyahat etti,,,,,,3 katkı
Green Bay Resort & Spa,"Değerli misafirimiz, Sizi Green Bay Resort & Spa Bodrum`da ağırlamak bir zevkti. Misafirlerimize profesyonel ve güler yüzlü hizmet sunmak amacımızdır. Değerli yorumlarınızı bizimle paylaştığınız için teşekkür ederiz. Konaklamanızdan zevk aldığınız için çok mutluyuz. Otelimiz hakkındaki değerlendirmeleriniz, geri bildirimleriniz, tesisimizi geliştirmemize ve geliştireceğimiz alanları belirlememize yardımcı olmada gerçekten etkili. Otelimizi seçtiğiniz için bir kez daha teşekkür ederiz ve yakın gelecekte sizi Green Bay Resort & Spa Bodrum`da ağırlamaktan mutluluk duyarız. sevgiler, Müşteri İlişkileri Ekibi",Heycanlı geçti,5,Haz 2025,,Haziran 2025,Aileyle seyahat etti,,,,,,1 katkı
Green Bay Resort & Spa,"Değerli misafirimiz, Sizi Green Bay Resort & Spa Bodrum`da ağırlamak bir zevkti. Misafirlerimize profesyonel ve güler yüzlü hizmet sunmak amacımızdır. Değerli yorumlarınızı bizimle paylaştığınız için teşekkür ederiz. Konaklamanızdan zevk aldığınız için çok mutluyuz. Otelimiz hakkındaki değerlendirmeleriniz, geri bildirimleriniz, tesisimizi geliştirmemize ve geliştireceğimiz alanları belirlememize yardımcı olmada gerçekten etkili. Otelimizi seçtiğiniz için bir kez daha teşekkür ederiz ve yakın gelecekte sizi Green Bay Resort & Spa Bodrum`da ağırlamaktan mutluluk duyarız. sevgiler, Müşteri İlişkileri Ekibi",Mayıs Ayı Konaklama Tecrübemiz,5,Haz 2025,,Mayıs 2025,Aileyle seyahat etti,,,,,,3 katkı
Green Bay Resort & Spa,"Değerli misafirimiz, Sizi Green Bay Resort & Spa Bodrum`da ağırlamak bir zevkti. Misafirlerimize profesyonel ve güler yüzlü hizmet sunmak amacımızdır. Değerli yorumlarınızı bizimle paylaştığınız için teşekkür ederiz. Konaklamanızdan zevk aldığınız için çok mutluyuz. Otelimiz hakkındaki değerlendirmeleriniz, geri bildirimleriniz, tesisimizi geliştirmemize ve geliştireceğimiz alanları belirlememize yardımcı olmada gerçekten etkili. Otelimizi seçtiğiniz için bir kez daha teşekkür ederiz ve yakın gelecekte sizi Green Bay Resort & Spa Bodrum`da ağırlamaktan mutluluk duyarız. sevgiler, Müşteri İlişkileri Ekibi",Mükemmel hizmet,5,Haz 2025,,Haziran 2025,Aileyle seyahat etti,,,,,,1 katkı
Green Bay Resort & Spa,"Değerli misafirimiz, Sizi Green Bay Resort & Spa Bodrum`da ağırlamak bir zevkti. Misafirlerimize profesyonel ve güler yüzlü hizmet sunmak amacımızdır. Değerli yorumlarınızı bizimle paylaştığınız için teşekkür ederiz. Konaklamanızdan zevk aldığınız için çok mutluyuz. Otelimiz hakkındaki değerlendirmeleriniz, geri bildirimleriniz, tesisimizi geliştirmemize ve geliştireceğimiz alanları belirlememize yardımcı olmada gerçekten etkili. Otelimizi seçtiğiniz için bir kez daha teşekkür ederiz ve yakın gelecekte sizi Green Bay Resort & Spa Bodrum`da ağırlamaktan mutluluk duyarız. sevgiler, Müşteri İlişkileri Ekibi",Snack bar,4,Haz 2025,,Haziran 2025,Aileyle seyahat etti,,,,,,2 katkı
Green Bay Resort & Spa,"Değerli misafirimiz, Sizi Green Bay Resort & Spa Bodrum`da ağırlamak bir zevkti. Misafirlerimize profesyonel ve güler yüzlü hizmet sunmak amacımızdır. Değerli yorumlarınızı bizimle paylaştığınız için teşekkür ederiz. Konaklamanızdan zevk aldığınız için çok mutluyuz. Otelimiz hakkındaki değerlendirmeleriniz, geri bildirimleriniz, tesisimizi geliştirmemize ve geliştireceğimiz alanları belirlememize yardımcı olmada gerçekten etkili. Otelimizi seçtiğiniz için bir kez daha teşekkür ederiz ve yakın gelecekte sizi Green Bay Resort & Spa Bodrum`da ağırlamaktan mutluluk duyarız. sevgiler, Müşteri İlişkileri Ekibi",Çalışan herkese teşekkürler 🙏,4,Haz 2025,,Haziran 2025,Aileyle seyahat etti,,,,,,1 katkı
Green Bay Resort & Spa,"Değerli misafirimiz, Sizi Green Bay Resort & Spa Bodrum`da ağırlamak bir zevkti. Misafirlerimize profesyonel ve güler yüzlü hizmet sunmak amacımızdır. Değerli yorumlarınızı bizimle paylaştığınız için teşekkür ederiz. Konaklamanızdan zevk aldığınız için çok mutluyuz. Otelimiz hakkındaki değerlendirmeleriniz, geri bildirimleriniz, tesisimizi geliştirmemize ve geliştireceğimiz alanları belirlememize yardımcı olmada gerçekten etkili. Otelimizi seçtiğiniz için bir kez daha teşekkür ederiz ve yakın gelecekte sizi Green Bay Resort & Spa Bodrum`da ağırlamaktan mutluluk duyarız. sevgiler, Müşteri İlişkileri Ekibi",Hizmet mükemmeldi.,5,Haz 2025,,Haziran 2025,Çift olarak seyahat etti,,,,,,1 katkı
Green Bay Resort & Spa,"Değerli misafirimiz, Sizi Green Bay Resort & Spa Bodrum`da ağırlamak bir zevkti. Misafirlerimize profesyonel ve güler yüzlü hizmet sunmak amacımızdır. Değerli yorumlarınızı bizimle paylaştığınız için teşekkür ederiz. Konaklamanızdan zevk aldığınız için çok mutluyuz. Otelimiz hakkındaki değerlendirmeleriniz, geri bildirimleriniz, tesisimizi geliştirmemize ve geliştireceğimiz alanları belirlememize yardımcı olmada gerçekten etkili. Otelimizi seçtiğiniz için bir kez daha teşekkür ederiz ve yakın gelecekte sizi Green Bay Resort & Spa Bodrum`da ağırlamaktan mutluluk duyarız. sevgiler, Müşteri İlişkileri Ekibi",Aile oteli,4,Haz 2025,,Haziran 2025,Aileyle seyahat etti,,,,,,3 katkı
Green Bay Resort & Spa,"Değerli misafirimiz, Sizi Green Bay Resort & Spa Bodrum`da ağırlamak bir zevkti. Misafirlerimize profesyonel ve güler yüzlü hizmet sunmak amacımızdır. Değerli yorumlarınızı bizimle paylaştığınız için teşekkür ederiz. Konaklamanızdan zevk aldığınız için çok mutluyuz. Otelimiz hakkındaki değerlendirmeleriniz, geri bildirimleriniz, tesisimizi geliştirmemize ve geliştireceğimiz alanları belirlememize yardımcı olmada gerçekten etkili. Otelimizi seçtiğiniz için bir kez daha teşekkür ederiz ve yakın gelecekte sizi Green Bay Resort & Spa Bodrum`da ağırlamaktan mutluluk duyarız. sevgiler, Müşteri İlişkileri Ekibi",Muhteşem bir doğa harikası ....,4,Haz 2025,"İstanbul, Türkiye",Mayıs 2025,Aileyle seyahat etti,,,,,,63 katkı
Green Bay Resort & Spa,"otelde mayıs sonu 28mayıs-1 haziran tarihleri arasında konakladık. oda numaramız 1354. otelin fiyatına göre hizmeti ve yemekleri idare ederdi. otelin konumu ise mükemmel, denizi ortalama. peyzajı ve ormanın içinde olması çok iyi. neden 1 yıldız verdiğime gelirsek 29 veya 30 mayıs akşamıydı sanırım karaoke gecesiydi, bize bingo biletleri sattılar. neyse gittik bingo çekilişinin olacağı bara, yer yok. karaoke ve bingo çekilişinin sunucusu bir bay vardı ona yönlendirdiler, anlattık durumu yerimiz bu kadar dedi. oyun 1 saat sürecek ayakta mı bekleyeceğiz dedik, boşta olan küçük masalar ve sandalyelerden alıp bize masa kuramaz mısınız dedik; nereye koyayım söyleyin nereye koyayım diye sesini yükseltti. bu terbiyesizlikten sonra tatilimiz berbat olmasın diye kendimiz masaları taşıdık sandalyeleri taşıdık. yer yok dediği yere gayet de 8 kişilik masa koyduk. karaoke sırasında da şarkımızı yanlış açtılar. şarkı yanlış deyince de ""sakin olun sakin olun"" diyerek tersledi. gördüğüm en berbat personeldi.",saygısız personel tatilimizi mahvetti !,1,Haz 2025,,Haziran 2025,Aileyle seyahat etti,,,,,,12 katkı
Green Bay Resort & Spa,"Değerli misafirimiz, Sizi Green Bay Resort & Spa Bodrum`da ağırlamak bir zevkti. Misafirlerimize profesyonel ve güler yüzlü hizmet sunmak amacımızdır. Değerli yorumlarınızı bizimle paylaştığınız için teşekkür ederiz. Konaklamanızdan zevk aldığınız için çok mutluyuz. Otelimiz hakkındaki değerlendirmeleriniz, geri bildirimleriniz, tesisimizi geliştirmemize ve geliştireceğimiz alanları belirlememize yardımcı olmada gerçekten etkili. Otelimizi seçtiğiniz için bir kez daha teşekkür ederiz ve yakın gelecekte sizi Green Bay Resort & Spa Bodrum`da ağırlamaktan mutluluk duyarız. sevgiler, Müşteri İlişkileri Ekibi",Gayet olumlu..,5,Haz 2025,,Haziran 2025,Aileyle seyahat etti,,,,,,2 katkı
Green Bay Resort & Spa,Öncelikle animasyon ekibi çok başarılı Taylan Bey Eren Bey hepsi çok ilgili. Loby bardaki arzu ve Kardelen hanım çok ilgili. Havuzda ki Nagihan ve Seda hanım işinde çok iyi.4.8 barda ki Eray Bey ve Yusuf Bey'in kokteyleri çok başarılı kendileri çok iyi çok güler yüzlü. PİZZACI ALİ USTA HARİKA ELLERİNE SAĞLIK. Pizza ve ve tavuk döner çok iyi .Yemekler orta derecede iyileştirilmeli hep aynı şeyler çıkıyor. Konum iyi ortam iyi eğlence iyi odaların temizliği çok iyi ama yataklar rahatsız. Market çok aşırı pahalı 1 paket sigara 200 ₺ satılmamalı. Alacart restorant tam bir hayal kırıklığı kapatın daha iyi.,Konum,3,May 2025,"Çanakkale, Türkiye",Mayıs 2025,Aileyle seyahat etti,,,,,,2 katkı
Green Bay Resort & Spa,"Sevgili Misafirimiz, Yaşadığınız memnuniyetsizlikten dolayı üzgün olduğumuzu ifade etmek isteriz. Sunduğumuz hizmetin her zaman en yüksek standartlarda olması için çalışıyoruz ve yorumunuz bu hedefe ulaşmamızda çok değerli. Geri bildiriminiz ilgili departmanlarla paylaşılmış olup, gerekli iyileştirmeler yapılacaktır. Sizi tekrar aramızda görmek ve keyifli tatil anılarınıza yenilerini eklemek isteriz. Saygılarımızla, Müşteri İlişkileri Ekibi",Otel durumu,2,May 2025,,Mayıs 2025,Arkadaşlarla seyahat etti,,,,,,1 katkı
Green Bay Resort & Spa,"Değerli misafirimiz, Sizi Green Bay Resort & Spa Bodrum`da ağırlamak bir zevkti. Misafirlerimize profesyonel ve güler yüzlü hizmet sunmak amacımızdır. Değerli yorumlarınızı bizimle paylaştığınız için teşekkür ederiz. Konaklamanızdan zevk aldığınız için çok mutluyuz. Otelimiz hakkındaki değerlendirmeleriniz, geri bildirimleriniz, tesisimizi geliştirmemize ve geliştireceğimiz alanları belirlememize yardımcı olmada gerçekten etkili. Otelimizi seçtiğiniz için bir kez daha teşekkür ederiz ve yakın gelecekte sizi Green Bay Resort & Spa Bodrum`da ağırlamaktan mutluluk duyarız. sevgiler, Müşteri İlişkileri Ekibi",Sakin keyifli bir tatil,4,May 2025,,Mayıs 2025,Aileyle seyahat etti,,,,,,1 katkı
Green Bay Resort & Spa,"Değerli misafirimiz, Sizi Green Bay Resort & Spa Bodrum`da ağırlamak bir zevkti. Misafirlerimize profesyonel ve güler yüzlü hizmet sunmak amacımızdır. Değerli yorumlarınızı bizimle paylaştığınız için teşekkür ederiz. Konaklamanızdan zevk aldığınız için çok mutluyuz. Otelimiz hakkındaki değerlendirmeleriniz, geri bildirimleriniz, tesisimizi geliştirmemize ve geliştireceğimiz alanları belirlememize yardımcı olmada gerçekten etkili. Otelimizi seçtiğiniz için bir kez daha teşekkür ederiz ve yakın gelecekte sizi Green Bay Resort & Spa Bodrum`da ağırlamaktan mutluluk duyarız. sevgiler, Müşteri İlişkileri Ekibi",Tüm emeyi geçen arkadaslara reşekkürler,4,May 2025,"Baku, Azerbaycan",Mayıs 2025,Aileyle seyahat etti,,,,,,6 katkı
Green Bay Resort & Spa,"16-19 mayıs Green Bay Bodrum tatilimizi bitirdik, yorum yazmak bugüne kısmet oldu. beklentiyi düşük tutarak çok çok güzel bir tatil geçirdik. Öncelikle 12 ve 8 yaş 2 çocuklu aile olarak ranzalı standart odada kaldık ve 3 gece için 15k verdik. tesisteki tüm odalar yenilenmiş, biz ana binada kaldık, giysi dolabı çok küçüktü onun dışında bir sıkıntımız odadan yana yoktu. balkonun kapısını açtığınızda sürekli içeriye kuş sesleri doluyor, otelin her noktasında doğa harikaydı. Hem oda hem tesis temizliği gayet iyiydi. Temizlik en çok korktuğumuz konuydu, korkuya gerek yokmuş. Tesisin herhangi bir noktasında herhangi bir nahoş koku asla yoktu 3 tane ets görevlisi arkadaş vardı. ilgililerdi ancak bir ihtiyacımız olmadı. Misafir ilişkileri sorumlusu Pırıl hanım gayet ilgili biriydi, odanıza meyve sepeti göndereyim dedi, teşekkür ettim gerek yok dedim. İçecek konusunda gilbeys vodka ve cin var, ama her barda yok, rom var, tekila var, enerji içeceği var ancak litrelik şişede dark blue gibi bir markaydı galiba. içecek konusunda özetle bilinmedik içecekler var. şişe bira felan zaten yok. özel ya da standart kokteyl hazırlamak şöyle dursun personel ben bugün işe başladım gibi bir durumda ancak hiç bir çalışanda ukalalık, küfürlü konuşma vb hiç bir olumsuzluk görmedik. yeme içme kırmızı et yok denebilir, çeşit çok lezzet yok desek yeridir. aç kalmadık ancak lezzetli birşey bulmak oldukça zor. deniz efsane, resimlerde bulanıklık zannediyordum öyle değilmiş, hemen derinleşiyor ve derin kısım yeşil ancak berrak, giriş kısmı kum-taş karışık ve berrak deniz çok çok güzeldi. Deniz ve havuz elbette soğuk ancak girilmeyecek şekilde soğuk değildi. çocuklar havuzda hiç zorlanmadılar sıcaklık açısından. Aquapark kaydırkları yetişkin bölümünü kullandık, çocuk için ayrıca da var. kaydıraklar toplam 5-6 bantlı gayet iyiydi. çalışma saatleri 10-12 ve 14-16 arası. waffle, dondurma, gözleme ve frozen içecek bölümleri var ve hemen yanıbaşındaki çardak, pavilyon gibi kısımlar ücretsiz ve çok hoştu bence. her noktada yiyecek içecek birşeyler var. tesis hem kompakt hem büyük gibi. daha çok kompakt desek yeridir heralde. lobide tüm mobilyalar yeni ve temiz. eğlence olarak boccia ve dart gördük oynadık, ekip eğlendirmeye çalışıyor sıkmıyor. ilk gece dj parti vardı güzeldi. hergün birşeyler vardı, bir gece ysbsncı sanatçılar canlı müzik yaptı v.s. tük kahvesi güzeldi. mehmet efendi kullanıyorlar ve iyi yapıyorlar. sahilde ayaklarınızı denize uzatıp birşeyler içmek pek bi hoşumuza gitti. elbette qr kodla sipariş almıyorlar ancak bir personel gördüğünüzde sipariş verirseniz ya da biz türk kahvemizi sahile söylüyorduk bir personel getiriyordu(müsaitlik ölçüsünde). ilk aklıma gelenler bunlar oldu. ayrıca su sporlarının da uygun olduğunu düşünüyorum. hamburger denilen düşmesiz su oyuncağına bindik 4 kişi ailecek çok hoş bir anı oldu 2,2k verdik. bizi çeken sürat teknesinde bir fotoğrafçı arkadaş vardı. poz başına çıktısı dahil 200lira ona verdik çok güzel resimler çekmiş, hiç bu kadar güzel çekeceğini düşünmemiştim. 2 kişilik kanolar yarım saati 500liraydı. jetski 15dakika 2500 dedi. benim nazarımda ana tatil olamaz, yaz fiyatlarını da haketmiyor bence ancak mayısta ekimde böyle gecelik 2 çocuklu aile için 5-6,5k gibi rakamlara alenen bedavaya çok eğlendiğimizi dinlendiğimizi düşünüyorum, herkese tavsiye ederim.",fiyat performans canavarı :),5,May 2025,"Bursa, Türkiye",Mayıs 2025,Aileyle seyahat etti,,,,,,42 katkı
Green Bay Resort & Spa,"Değerli misafirimiz, Sizi Green Bay Resort & Spa Bodrum`da ağırlamak bir zevkti. Misafirlerimize profesyonel ve güler yüzlü hizmet sunmak amacımızdır. Değerli yorumlarınızı bizimle paylaştığınız için teşekkür ederiz. Konaklamanızdan zevk aldığınız için çok mutluyuz. Otelimiz hakkındaki değerlendirmeleriniz, geri bildirimleriniz, tesisimizi geliştirmemize ve geliştireceğimiz alanları belirlememize yardımcı olmada gerçekten etkili. Otelimizi seçtiğiniz için bir kez daha teşekkür ederiz ve yakın gelecekte sizi Green Bay Resort & Spa Bodrum`da ağırlamaktan mutluluk duyarız. sevgiler, Müşteri İlişkileri Ekibi",Her şey çok güzeldi.,5,May 2025,,Mayıs 2025,Aileyle seyahat etti,,,,,,1 katkı
Green Bay Resort & Spa,"Değerli misafirimiz, Sizi Green Bay Resort & Spa Bodrum`da ağırlamak bir zevkti. Misafirlerimize profesyonel ve güler yüzlü hizmet sunmak amacımızdır. Değerli yorumlarınızı bizimle paylaştığınız için teşekkür ederiz. Konaklamanızdan zevk aldığınız için çok mutluyuz. Otelimiz hakkındaki değerlendirmeleriniz, geri bildirimleriniz, tesisimizi geliştirmemize ve geliştireceğimiz alanları belirlememize yardımcı olmada gerçekten etkili. Otelimizi seçtiğiniz için bir kez daha teşekkür ederiz ve yakın gelecekte sizi Green Bay Resort & Spa Bodrum`da ağırlamaktan mutluluk duyarız. sevgiler, Müşteri İlişkileri Ekibi",Muhteşem bir otel,5,May 2025,,Mayıs 2025,Aileyle seyahat etti,,,,,,1 katkı
Green Bay Resort & Spa,"Değerli misafirimiz, Sizi Green Bay Resort & Spa Bodrum`da ağırlamak bir zevkti. Misafirlerimize profesyonel ve güler yüzlü hizmet sunmak amacımızdır. Değerli yorumlarınızı bizimle paylaştığınız için teşekkür ederiz. Konaklamanızdan zevk aldığınız için çok mutluyuz. Otelimiz hakkındaki değerlendirmeleriniz, geri bildirimleriniz, tesisimizi geliştirmemize ve geliştireceğimiz alanları belirlememize yardımcı olmada gerçekten etkili. Otelimizi seçtiğiniz için bir kez daha teşekkür ederiz ve yakın gelecekte sizi Green Bay Resort & Spa Bodrum`da ağırlamaktan mutluluk duyarız. sevgiler, Müşteri İlişkileri Ekibi",Çok güzel bir deneyimdi.,5,May 2025,,Mayıs 2025,Aileyle seyahat etti,,,,,,1 katkı
Green Bay Resort & Spa,"Değerli misafirimiz, Sizi Green Bay Resort & Spa Bodrum`da ağırlamak bir zevkti. Misafirlerimize profesyonel ve güler yüzlü hizmet sunmak amacımızdır. Değerli yorumlarınızı bizimle paylaştığınız için teşekkür ederiz. Konaklamanızdan zevk aldığınız için çok mutluyuz. Otelimiz hakkındaki değerlendirmeleriniz, geri bildirimleriniz, tesisimizi geliştirmemize ve geliştireceğimiz alanları belirlememize yardımcı olmada gerçekten etkili. Otelimizi seçtiğiniz için bir kez daha teşekkür ederiz ve yakın gelecekte sizi Green Bay Resort & Spa Bodrum`da ağırlamaktan mutluluk duyarız. sevgiler, Müşteri İlişkileri Ekibi",Ormanın içindeki huzur,5,May 2025,,Mayıs 2025,Aileyle seyahat etti,,,,,,1 katkı
Green Bay Resort & Spa,"Değerli misafirimiz, Sizi Green Bay Resort & Spa Bodrum`da ağırlamak bir zevkti. Misafirlerimize profesyonel ve güler yüzlü hizmet sunmak amacımızdır. Değerli yorumlarınızı bizimle paylaştığınız için teşekkür ederiz. Konaklamanızdan zevk aldığınız için çok mutluyuz. Otelimiz hakkındaki değerlendirmeleriniz, geri bildirimleriniz, tesisimizi geliştirmemize ve geliştireceğimiz alanları belirlememize yardımcı olmada gerçekten etkili. Otelimizi seçtiğiniz için bir kez daha teşekkür ederiz ve yakın gelecekte sizi Green Bay Resort & Spa Bodrum`da ağırlamaktan mutluluk duyarız. sevgiler, Müşteri İlişkileri Ekibi",Koyda bir otel,5,May 2025,,Mayıs 2025,Aileyle seyahat etti,,,,,,2 katkı
Green Bay Resort & Spa,"Değerli misafirimiz, Sizi Green Bay Resort & Spa Bodrum`da ağırlamak bir zevkti. Misafirlerimize profesyonel ve güler yüzlü hizmet sunmak amacımızdır. Değerli yorumlarınızı bizimle paylaştığınız için teşekkür ederiz. Konaklamanızdan zevk aldığınız için çok mutluyuz. Otelimiz hakkındaki değerlendirmeleriniz, geri bildirimleriniz, tesisimizi geliştirmemize ve geliştireceğimiz alanları belirlememize yardımcı olmada gerçekten etkili. Otelimizi seçtiğiniz için bir kez daha teşekkür ederiz ve yakın gelecekte sizi Green Bay Resort & Spa Bodrum`da ağırlamaktan mutluluk duyarız. sevgiler, Müşteri İlişkileri Ekibi",Bar ekibine teşekkürler,5,May 2025,,Mayıs 2025,Aileyle seyahat etti,,,,,,2 katkı
Green Bay Resort & Spa,"Değerli misafirimiz, Sizi Green Bay Resort & Spa Bodrum`da ağırlamak bir zevkti. Misafirlerimize profesyonel ve güler yüzlü hizmet sunmak amacımızdır. Değerli yorumlarınızı bizimle paylaştığınız için teşekkür ederiz. Konaklamanızdan zevk aldığınız için çok mutluyuz. Otelimiz hakkındaki değerlendirmeleriniz, geri bildirimleriniz, tesisimizi geliştirmemize ve geliştireceğimiz alanları belirlememize yardımcı olmada gerçekten etkili. Otelimizi seçtiğiniz için bir kez daha teşekkür ederiz ve yakın gelecekte sizi Green Bay Resort & Spa Bodrum`da ağırlamaktan mutluluk duyarız. sevgiler, Müşteri İlişkileri Ekibi",Memnuniyet,5,May 2025,,Mayıs 2025,Aileyle seyahat etti,,,,,,1 katkı
Green Bay Resort & Spa,"Değerli misafirimiz, Sizi Green Bay Resort & Spa Bodrum`da ağırlamak bir zevkti. Misafirlerimize profesyonel ve güler yüzlü hizmet sunmak amacımızdır. Değerli yorumlarınızı bizimle paylaştığınız için teşekkür ederiz. Konaklamanızdan zevk aldığınız için çok mutluyuz. Misafirlerimize değer veriyoruz ve geri bildirimleriniz, tesisimizi geliştirmemize ve geliştireceğimiz alanları belirlememize yardımcı olmada gerçekten etkili. Otelimizi seçtiğiniz için bir kez daha teşekkür ederiz ve yakın gelecekte sizi Green Bay Resort & Spa Bodrum`da ağırlamaktan mutluluk duyarız. Misafir İlişkileri Müdürü",keyifli tatildi,5,May 2025,,Mayıs 2025,Arkadaşlarla seyahat etti,,,,,,1 katkı
Green Bay Resort & Spa,Çöpe atılacak paranız varsa burayı tercih edebilirsiniz ! Otele 3 gece 4 gün rezervasyon yaptırdık. Girişimiz yapıldı atıştırmak için snack büfesine gittim çalışanlar müşterilerin yanında aldırış etmeden küfürlü konuşuyorlar. Bir yandan ürünü hazırlıyorlar bir yandan küfür ediyorlar kendi aralarında. Akşam yemeği için ana restorana gittik garsona içecekleri siz mı getiriyorsunuz biz mi alıyoruz dedim. Söyle Ne istiyorsun ben getireyim ! uslup ler bu şekilde. Yemekten sonra eşim ile birlikte çay alıp bir köşede oturduk çay içiyoruz bu sefer de başka bir çalışan yanımızda telefonla konuşmaya başladı (kocaman alan varken) oda şaşırtmadı telefonda birisiyle kavga ediyor ve küfürlü konuşuyor ! Bu durumu Otelin konseptine dahil olduğunu düşündüm. Ciddi bir üslup problemi mevcut Odanın içerisinde bir önceki müşteriden kalma iç çamaşırı duruyordu. Facia ile başlayan bir gün bizim için bitmek bilmedi Akşam 20:30 civarı lobiye gidip durumu anlattık gece sorumlu yok sabaha iletiriz denildi. Sabah 09:30 da odayı boşaltıp otelden ayrılma kararı verdik. durumu yetkili kişilere ilettik. Defalarca kabul edip yapılanın yanlış olduğunu bizimle hem fikir olduğunu ilettiler. Telafisi için tüm ücretin (kalınan gece dahil) iadesi yapılacağını 2 kez müşteri ilişkileri yöneticisi tarafıma bildirdi. Ve otelden bu şekilde ayrıldık. Gün içersinde tekrar aranıp kaldığınız günün iadesini yapamıyoruz denildi. Sabah ayrı akşam ayrı söylemler. Paranızla rezil olmak böyle bir şeymiş !! Bu ücretlere kesinlikle başka otelleri tercih edin. Ultra herşey dahil konsepti adına asla aldanmayın çeşit çok az ve lezzet yok. Ayrıca Deniz çok derin yüzme bilmeyenler için tehlikeli olduğu söyleyeyim 10 adım sonrası 2 metreden fazla.,Kesinlikle tavsiye ETMİYORUM!!!!,1,Eyl 2024,Türkiye,Eylül 2024,Aileyle seyahat etti,,,,,,5 katkı
Green Bay Resort & Spa,Bodrum’da tatilimizin bitmesine yakın iki gün daha uzatmak istediğimiz için bu oteli bulduk başka otelden geldik iki gece konaklayıp çıkacaktık otelin kapısına arabayla geldiğimiz andan itibaren yaşadığımız hayal kırıklığı inanılmazdı kapıya geldik valizlerimizi indirdik kimse ne hoşgeldin ne valizlerimizi almak hiçbir şey yok içeri girdik otel zaten eski o kadar kötü ki zaten her yerde halı var halının olduğu yerde çok temizlik beklenemez açıkçası neyse dedik odaya çıktık ben hayatımda böyle bir oda görmedim balkonda konulan sehpa sandalyeler zaten balkonda iki kişinin oturması mümkün değil diğer yandaki balkonla araya Duşakabinden yapılan malzemeyle bölmüşler inanılmaz kötüydü. Aşağıya indik bari bir iki şey içelim de bir keyfimiz yerine gelsin dedik snack bar denen kısımda konulan 3-4 tane hamburger vardı kötü bir koku vardı asla yiyemedim snack bar dediğimiz yerde zaten bildiğiniz aile Çay bahçesi o kadar kötüydü ki bir bira içelim dedik plastik bardaklarda biralar verdiler sonra anladık ki daha fazla otelde konaklayamayacağız resepsiyona gittik Işıl hanımla konuştuk sağ olsun bize yardımcı olmaya çalıştı ama yani otelde 2 saat geçirip bir gece parası ödemek zorunda kaldık ertesi günkü paramızı iade ettiler oradan hızlıca çıktık Bodrum’da başka güzel bir oteldeyiz şimdi ama asla ve asla tavsiye etmiyorum çok berbat bir oteldeçok kötüydü hayatımda gittim en kötü oteldi. Ayrıca iyi yorum yapanların da gerçekten otel ve tatil anlayisini anlayamıyorum yorumlara bakarak geldik güzel olduğunu zannettik ama gerçekten inanılmaz kötüydü,Berbat,1,Eyl 2024,,Eylül 2024,Çift olarak seyahat etti,,,,,,9 katkı
Green Bay Resort & Spa,İlk defa geldiğimiz otelden çok memnun kaldık yemekler çok lezzetli tüm personel bizimle oldukça güzel ilgilendi her şey süper 7 gün kaldık ama yetmedi seneye tekrar gelmek için gün sayacagim. Gelmek isteyenler gözü kapalı gelebilir. Animasyon ekibine ilgi alakası dan Sinan beyin güler yüzüyle animasyon dolu dolu ve eğlenceliydi çok teşekkür ederim 😊,Green bay,5,Eyl 2024,,Eylül 2024,Aileyle seyahat etti,,,,,,1 katkı
Green Bay Resort & Spa,"Değerli 906umutcany, Otelimizle ilgili yorumlarınız için teşekkür ederiz! .Eleştirileriniz bizim için çok değerli.Bu sayede kaliteden ödün vermeden kendimizi yenileyebiliyoruz.Eleştirinizle ilgili olarak gerekli birimlere uyarılar yapılmıştır.En kısa zamanda sizi otelimizde tekrar misafir etmekten mutluluk duyarız. Saygılarımızla",Green bay,3,Eyl 2024,,Eylül 2024,Arkadaşlarla seyahat etti,,,,,,1 katkı
Green Bay Resort & Spa,Otelde konakladığımız süre zarfında çoğu şeyden memnun kaldık ancak en çokta belirtmek istediğim noktalardan birisi olarak; “animasyon ekibinin kalitesi güler yüzü ve samimiyetidir” özellikle de ekipten Tan’a teșekkürlerimizi sunarım bizimle bir aile üyesi gibi ilgilendiği için. Tekrar görüşmek dileğiyle☺️,Keyif dolu bir tatil!,5,Eyl 2024,"İstanbul, Türkiye",Eylül 2024,Arkadaşlarla seyahat etti,,,,,,3 katkı
Green Bay Resort & Spa,otelin yemekleri sunumları konumu güzel calışanlar güleryüzlü istenilenleri en kısa sürede gercekleşiyor animasyonlar gayet güzel hiç canımız sıkılmadı ozellikle taylan beye ve animasyon müdürü siban beye ilgi ve alakalarundan dolayı cok tedejkur ederiz iyi tatiller,green bay,4,Eyl 2024,,Eylül 2024,Aileyle seyahat etti,,,,,,1 katkı
Green Bay Resort & Spa,"Odalar her gün temizleniyor, havlular değişiyor. Minibar her gün dolduruluyor. Otel temiz. Yemekleri güzel. Hatta dün türk mutfağı günüydü. Tantuni, çiğ köfte , pide, mantı. Aklına ne gelir ise vardı. Şezlong ve havlu sorunun yok :) beğenmeyen neden beğenmez acaba . İ",Tatil,5,Eyl 2024,,Eylül 2024,Aileyle seyahat etti,,,,,,2 katkı
Green Bay Resort & Spa,4 gün kaldık odalar sadece bir kez temizlendi havlular dahil zorlamayla değişildi ciddi bir personel eksikliği var otel misafiri bir tek yemek yapmıyor bulaşık yıkamıyor.çayını tostunu ekmeğini kaşığını çatalını tüm işleri müşteri yapıyor herşey dahil konseptini değişin kendi işini kendin yapa döndürün.doğası ve denizi güzel otel yeni alınmış bir işletme böyle giderse seneye batar. Tekila istiyorsun bardak yok çay bardağıyla veriyor.türk kahvesi istiyorsun fincan yok karton bardak var. Fiyat yükselmesi bu kadar artmışken biz Türk müşteriler bu kadarını haketmiyoruz hizmetiniz yetersiz👎👎👎,Ortalamanın altı,3,Ağu 2024,,Ağustos 2024,Aileyle seyahat etti,,,,,,8 katkı
Green Bay Resort & Spa,18 Ağustos’tan 03 Eylül’e kadar Otelde konakliyoruz Otelin konumu çok güzel KidsClub‘tan Gamze ve Zehra çok tatlı çok ilgili bayanlar çocuklar ve biz çok memnun kaldık iyiki sizi tanımısiz güzel Kizlar.Yemeklerde gayet lezzetli Teşekkürler Green Bay Resort,Kids Clup,4,Ağu 2024,"Antalya, Türkiye",Ağustos 2024,Aileyle seyahat etti,,,,,,4 katkı
Green Bay Resort & Spa,"Hizmet, misafirperverlik üst düzey. Rahat bir tatil geçirdik. Çocuklar için değişik aktiviteler, gün boyunca verilen dondurma ve waffle, temiz havuzlar ve ferah deniz unutulmaz bir tatil geçirmemizi sağladı. Lezzetli ve çeşitli yemekleri ile her gün ve akşam bizleri şaşırttı. Yine gideriz 🙂",Muhteşem tatil,5,Ağu 2024,,Ağustos 2024,Aileyle seyahat etti,,,,,,1 katkı
Green Bay Resort & Spa,"Değerli cihan u , Zamanınızı ayırıp otelimizle ilgili yorum yazdığınız için teşekkür ederiz! Bu tür eleştiriler sayesinde hizmet kalitemizi yükseltebiliyoruz. Misafirlerimize en iyi konaklama hizmetini sunmak isterken görülüyor ki bu sefer başarılı olamadık. Güveninizi tekrar kazanabilmek için bize bir şans verirseniz, diğer misafirlerimizin vazgeçemediği muhteşem konaklama deneyimlerini size de yaşatabilmek için elimizden geleni yapacağımızı garanti ederiz. Saygılarımızla,",Kötü,1,Ağu 2024,,Ağustos 2024,Aileyle seyahat etti,,,,,,1 katkı
Green Bay Resort & Spa,"Merhabalar, Hala otelde konaklamaktayım Öncelikle biz oteli balayı oteli olarak tercih ettik. Olumsuz yönlerinden bahsetmek istiyorum önce bugün otelde 3. günümüz ve balayı paketinde yer alan ayrıcalıklarımızdan olan bi kaç şeyden hala yararlanamadık üstelikle 3 kere kendi ağzımla istememe rağmen şimdi faydalansam da bi kıymeti kalmadı artık 😧 Onun dışında sabah odaya kahvaltımız geldi öylece bırakıp çıktık akşam odaya geldiğimiz de Herşey olduğu gibi öylece odada duruyordu onuda bildirdik alınması için bakalım odaya birazdan gittiğimde alınmış mı merak içindeyim yani kısacası bazı şeyler söylenilmeden yapılmıyor maalesef😊.Odaları idare edilecek şekilde konforlu diyebiliriz. Şimdi gelelim otelin olumlu taraflarına öncelikle yemek çeşitleri oldukça fazla ve lezzetli. Onun dışında günün belirli saatlerlerinde snack waffle ve pastane hizmetleri var onlarda gayet yeterli yani kısacası buraya geliyorsanız aç kalma ihtimaliniz oldukça düşük. Diğer taraftan personeller gerçekten ilgili alakalı ve güler yüzlü. Animasyon ekibi sürekli bir etkinlik sağlayarak misafirleri eğlendirmek için elinden geleni yapıyorlar. Barlar çok geniş kapsamlı kafanı nereye çevirsen bişey içiyorsun, GreenBay sayesinde geldiğimiz yolu unuttuk. Ayrıca parantez açmak istediğim bi konu var 4.8 feet bar ama burası güzelse bence bunun tek sebebi bar çalışanı Yavuz Bey bir insan bu kadar mı beyefendi olur ayrıca bu kadar mı işini severek yapar ve gerçekten işinin ehli o kadar yoğun ve yorucu çalışmasına karşılık hiç mi suratın düşmez be kardeşim Herşey için teşekkürler Yavuz Bey👏🏻☺️ A’La Carte restorana gelelim bence gayet yeterli ve hizmet ayrıcalığı sunuyor aşçısı ve çalışanlar olarak gayet başarılı bir ekip 👏🏻 Bir parantezde Misafir İlişkileri ve A’La Carte ‘dan sorumlu diye tahmin etmiş olduğum Işıl Hanım’a açmak istiyorum her konuda yardımcı olmak için elinden gelen herşeyi yapmaya çalışıyor tam bir iş bitirici otel içinde yani yoldan gelirken aracınız arıza yapsa Işıl Hanım bir telefonla onu bile çözer kısacası Sizede Herşey için teşekkürler Işıl Hanım 👏🏻 Otelin deniz sıcaklığı mükemmel diyebilirim plajı çok güzel ve denizde sıfır dalga desem abartmış olmam bence ha bu arada konum olarak da çok güzel bu arada otel👏🏻 Havuz sayısı ve büyüklüğü olarakta yeterli diyebilirim ve oldukça temiz havuz keza denizde öyle unuttuğum bişey yok diye düşünüyorum bidaha gelir miyim konusunda balayı paketi konusunda olanlardan dolayı biraz kararsızım sadece 🤨",Balayı,4,Ağu 2024,,Ağustos 2024,Aileyle seyahat etti,,,,,,3 katkı
Green Bay Resort & Spa,"Doğası güzel , sızı yormayacak bı alan heryer bırbırıne yakın . Ana bınanın dısındakı odalarda kaldık daha büyük olduğu bılgısı verıldı oda iyiydı klıma bozuk 😒 gozlemedekı abla elınden gelenı yapıyor ama personel sayısı az yetısemıyor yarım saat sıra bekliyorsunuz . Yemekler beklentımın ustundeydı . Arılar baya var . Denızin konumunun koyda oluşu çok ıyı ama bulanık ara ara koku geliyor , daha önce bulunduğum Bodrum otellerının denızının yanından gecmıyor malesef. Çocuklu aıleler ıcın rahat bir tesis .",Deneyimlerim,3,Ağu 2024,,Ağustos 2024,Aileyle seyahat etti,,,,,,9 katkı
Green Bay Resort & Spa,"Otelde zaman geçirmek için çeşitli mekan ve etkinliklerin olması en dikkat çekici özelliklerden biriydi. Kaldığım süre içerisinde pilates ve zumba etkinliklerine düzenli olarak katıldım ve çok keyif aldım. Bunun için bu etkinlikleri düzenli ve istekli bir şekilde yürüten Gamze ve Eylül hanımlara çok teşekkür ederim. Bunun dışında, animasyon ekibi tarafından organize edilen dans gösterisi, bingo ve karaoke etkinlikleri de oldukça keyifliydi. Tüm Animasyon ekibine teşekkürler. Ancak her gece dans gösterisi yerine bu etkinlik daha seyrek yapılıp misafirlerin etkin olduğu etkinlik sayısı artırılabilir. Kolaylıklar ve başarılar dilerim.",Green Bay dan izlenimler,5,Ağu 2024,"Adana, Türkiye",Ağustos 2024,Aileyle seyahat etti,,,,,,1 katkı
Green Bay Resort & Spa,Otel her şeyiyle güzel tam aile oteli çalışanlar çok güler yüzlü özellikle can kurtaran arkadaşlara çok teşekkür ederiz hem işlerini iyi yapıyorlar hem de yüzme konusunda bize yardımcı oldular hem sahilde hem havuz başında sürekli takipteler. Otel odası temiz ve yemekler güzeldi teşekkürler green bay🥰🥰,Güzel aile oteli,5,Ağu 2024,,Ağustos 2024,Aileyle seyahat etti,,,,,,1 katkı
Green Bay Resort & Spa,"Çift olarak geldik, otel genel olarak güzel, deniz genel olarak çok berrak değil. Temizlik konusunda fena değil, minibar ve banyo malzemelerini biraz aksatıyorlar temizlik için girdiklerinde. Animasyondan oldukça memnunuz, dart oyunları ve pool oyunları baya eğlenceli. Yemek çeşitliliği güzel. Akşam dans etkinlikleri oldukça güzel planlanmış. 4-8 barda Yavuz kokteyl konusunda baya başarılı, kokteylleri hep ona yaptırmaya çalıştık, kendisine teşekkür ederiz. NOT : Snack bardaki neşe hanım ve kızı çok itici , suratsız güler yüzsüz istediğimiz içecekleri istediğimiz gibi vermiyor sürekli şikayet ediyorlar diğer kişilerden biz de duyuyoruz ve ben gerçekten korkuyorum aldığımız içecekleri bir gün suratımıza vuracak diye ….",Güzel otel,5,Ağu 2024,,Ağustos 2024,Çift olarak seyahat etti,,,,,,1 katkı
Green Bay Resort & Spa,Ağustos ayında 3 gece konaklama yaptık ve genel olarak herşeyden çok memnun kaldık.Otelin konumu harika kendine ait bir koy da olması kesinlikle avantaj.Evet denizi derin ve berrak bir deniz değil ama gayet temiz.Yemek çeşitliliği her öğünde çok iyi ve herşey lezzetli.Sadece tatlı büfesi geliştirilebilir.Bar sayısı çok fazla her istediğinize fazla mesafe yürümeden ulaşabiliyorsunuz.Çeşitlilik çok.Snack büfe gayet yeterli.Waffen ve gözlemeler çok lezzetli.Herşey bol ve yeterli.Bitti kalmadı gibi bir durumla hiç karşılaşmadık.Havuzlar çocuklar için ideal.Tüm kullanım alanları çok temiz defalarca temizlendiğini şahitlik ettim ve hatta çalışanlara bu konuda teşekkür ettim.Hiç pis koku kirli alan görmedim.Otel tam kapasite çalışıyordu ve herşeye böyle yetişmek çok zor o yüzden çalışanları ayrıca tebrik ederim.Odalar biraz eski ama herşey gayet temiz.Tek sıkıntıyı havlu alma konusunda yaşadık genelde erken saatlerde bittiği için çoğu zaman kalmadı 1 saat sonra gelecek dendi.Şezlong sayısı yeterli havuzda ve denizde her zaman saat kaç olursa olsun yer bulabildik.Genel olarak Türk ağırlıklı bir oteldi ve animasyonlar akşam eğlenceleri Türklere yönelikti.Tüm etkinliklerden çok keyif aldık.Tam bir fiyat performans oteli idi.Herşey için teşekkürler oğlum şimdiden seneye yapacağımız tatilin hayalini kurmaya başladı bile 😊,Çok memnun kaldık…,5,Ağu 2024,,Ağustos 2024,Aileyle seyahat etti,,,,,,1 katkı
Green Bay Resort & Spa,"Bu işletmede 4 gün kaldık güzel olan şeylerde vardı kötü olanlarda. Sakinlik istiyorsanız güzel bir yer. Yemekler diğer otellere göre faza çeşit olmasa da idare eder diyelim. Bazı günler yemekler güzel çıkarken bazen de çok kötü olabiliyor. Snack bar kısmında çıkan yiyeceklerde değişiklik yapsalar iyi olur. Hep aynı şeyler veriliyor. Birinci günden sonra sıkıcı oluyor. Özellikle sürekli açık olan kısımda çıkan çaylar çok kötü. Birde bazı elemanlar müşteriye iyi davranmıyor. Özellikle orada çalışan bir bayan garson garip makyaj yapan söylenen şeyleri duymazdan geliyor ve müşterileri önemsemiyor ve hiç gülümsemiyor, sanki zorla çalıştırılıyor. Yemekhane personeli çok iyi sürekli yardımcı oluyorlar ve görevlerini yapıyorlar. Saat 10 dan sonra açılan ve disko kısmı olarak bilenen kısımda çalışan yönetici ve müzikleri yapan kişilerden şikayetçiyim. Türk misafirlere hiç de iyi davranmıyorlar. Ruslar söz konusu olduğunda her istenilen müziği çaldıkları halde Türk misafirlerin isteklerini geri çeviriyorlar. Üst üste 7 Rusça şarkı çalarken bir tane bile Türkçe çalmıyorlar. Sanki Türkiye de yaşamıyoruz. Gelen turist yaş ortalaması 30-50 civarında olan insanları sen yabancı anlaşılmayan müzikler çalarak harekete geçiremezsin. Orada görev yapanların buna dikkat edip ona göre müzik çalmaları daha iyi olacaktır. O kısımda animasyondan ve müzikten sorumlu arkadaşın uyarılması gerekir. Diğer şeylerden verilen içeceklerde mesela gerçek meyve suları da verilmeli hiç bir sıkılmış meyve suyu yoktu. Tüm içeceklerde yapay meyve suları vardı. En son olarak da otelin denizi. Buna otelinde yapacak bir şeyi yok ama eğer saydam bir deniz istiyorsanız bu otel seçeneğiniz olmamalı. Kapalı bir koya yerleşmiş olduğu için su akıntısı yok dolayısıyla su sirkülasyonu tam olmayınca temizlik te am olmuyor. Su da ayrıca parıldayan askıda duran partiküller var bunların analiz ettirilip insan sağlığına bir zararı var mı yok mu kontrol ettirilmesi gerekir. Otele ait izlenimlerim bu kadardır.",Sakin bir otel ama,4,Ağu 2024,,Temmuz 2024,Aileyle seyahat etti,,,,,,1 katkı
Green Bay Resort & Spa,Otele 4 puan veriyorum onuda sadece animasyon ekibine hizmetlerden genel olarak memnun olduğumu söyleyebilirim personel eksikliği ve yemekler vasat personel eksikliği açık sekıidr gözlemlenebiliyor yemek saatlerinde içecek servisi bile yok onun dışında animasyon ekibinden çok memnun kaldık işlerini severek yaptıkları belli. Aktiviteleri eğlenceleri ilgi ve alakaları yeterli düzeyde özelliklede mini cluptan çok memnun kaldık çocuklara yaklaşımları etkinlikleride yeterli seviyede ayrıca mini cluptan Zehra hanıma da güler yüzlülüğü ve bizimle olan ilgisi içinde çok teşekkür ediyorum. Dediğim gibi tek bizi memnun eden animasyon ekibiydi,Animasyon dışında memnun kalmadık,4,Ağu 2024,,Ağustos 2024,Aileyle seyahat etti,,,,,,1 katkı
Green Bay Resort & Spa,Otel gercekten cok iyi konum olarak harika bir koyda gercekten cok keyif aldik yemekleri lezzetli ve cesitli ozellikle animassyin ekibinden cok memnun kaldik cok ilgil teskkur ediyirum herkese tavsiye ederim gonul rahatligiyla gelebikirsiniz,Harika,5,Ağu 2024,,Ağustos 2024,Aileyle seyahat etti,,,,,,1 katkı
Green Bay Resort & Spa,"Değerli Gökçe Ç, Zamanınızı ayırıp otelimizle ilgili yorum yazdığınız için teşekkür ederiz! Bu tür eleştiriler sayesinde hizmet kalitemizi yükseltebiliyoruz. Misafirlerimize en iyi konaklama hizmetini sunmak isterken görülüyor ki bu sefer başarılı olamadık. Güveninizi tekrar kazanabilmek için bize bir şans verirseniz, diğer misafirlerimizin vazgeçemediği muhteşem konaklama deneyimlerini size de yaşatabilmek için elimizden geleni yapacağımızı garanti ederiz. Saygılarımızla,",Rezillik,1,Ağu 2024,,Ağustos 2024,Aileyle seyahat etti,,,,,,2 katkı
Green Bay Resort & Spa,"Otele geçen sene geldik tam anlamıyla fiyat performanstı .Bu sene havlu almak bile ikili ilişki ile oldu .Oda temizliği için kendim temizlikçi ile iletişime geçtim ancak temizliği yaptırdım . Tam anlamıyla rezalet .Otel el değiştirmiş anlıyorum fakat bu kadar ilgisiz sahipsiz bir işletme görmedim . Çalışanlara sorunu söyleyince yakan top oynuyorlar . Havuz aşırı kirli temizlik yok . İyi yanı yemekleri lezzetli ,Alkol kalite ama barmenler de otelin işletmesine ayak uydurmuş durumda .",Rezalet,1,Ağu 2024,,Ağustos 2024,Aileyle seyahat etti,,,,,,5 katkı
Green Bay Resort & Spa,"Yemyeşil bir doga, kendine ait bir koyda, harika bir tesis. 2 cocugumuzla aile odasında kaldık. Havuzlar, kaydıraklar, deniz ve odamız mükemmeldi. Şezlong ve havlu derdi asla yaşamadık. Yemekler dört dörtlüktü, şefler, garsonlar, animasyon ekibi ve hatta cankurtaranlar bile o sıcakta muthis performans sergilediler. Harika vakit geçirdik. Tüm personel guleryuzlu ve yardımcıydı. (Keske personelin calisma saatleri daha makul olsaydı, bir tek onu elestirebilirim, cok yorucu bir tempo. )Mutlaka önerilecek bir tesis.",Süper Tesis,5,Ağu 2024,,Ağustos 2024,Aileyle seyahat etti,,,,,,2 katkı
Green Bay Resort & Spa,"Çok büyük umutlarla gittiğim otelin bu kadar vasat olması beni üzdü. Eski bir otel olması bir yana çalışan eksikliği inanılmaz hissediliyordu. Odaların temizliği inanılmaz yetersiz odaya gelip sadece yatakları topluyorlar, silmek süpürmek yok. Odalardaki banyolar şikayet etmeden asla temizlenmiyor. 3 gün boyun lavabo kenarındaki kıl vb şeylerin alınmadı taki şikayet edene kadar. Ana restoran daki yemekler sürekli tekrar düşüyordu. Hergün aynı mezeler aynı tatlılar. Makarna alıyorsunuz buz gibi. Alakart restoranda balık kısmını seçmiştik ama ondan da memnun kalmadık. Havuzlar inanılmaz pis. Asla süpürülmüyor. Snack restoran bölümündeki sandalyeler kırık. Ana restoran daki sandalyeler yapış yapış yağlı. Tüm bunların yanında Snack bardaki Neşe hanım, 4.8 Feet Bardaki akşam çalışanı Ahmet, Ana restorandaki Veysel güler yüzleriyle açığı kapatmaya çalışıyorlar. Animasyon ekibindeki herkes inanılmaz şeker, güleryüzlü ve ilgililer. Özellikle Sinan, Taylan, Gamze, Eylül ve Ege (aklımda kalan isimler) çok ilgili ve sıcak kanlılardı. Bunların haricinde çok güzel bir denize sahip sadece.",Bakımsız ve yetersiz,2,Ağu 2024,,Temmuz 2024,Aileyle seyahat etti,,,,,,1 katkı
Green Bay Resort & Spa,"En son bir hafta önce greenbay resort otele eşim ve oğlum ile birlikte geldiğimde bize tahsis edilen odanın temizliğinin detaylı olarak yapılmadığını odanın kullanım için yetersiz, demode olmuş banyo, soğutmayan buzdolabı, birde balkonu içler acısı ki iki balkonu çağdışı bir yöntemle plastik bir levhayla ikiye böldüklerini görünce neye uğradığımızı şaşırdım. İlk görünüş bende ve ailemde olumsuz bir durum yarattı. Odanın değiştirilmesini talep ettiysek te bir sonuç alamadık. Çünkü hepsinde buna benzer sorun olduğu anlaşılıyordu. Hatta ayrılmayı bile düşündük ancak uzun bir yorucu yolculuk sonunda buradan bu şekilde olan oldu diyerek tatilime devam ettim. Otel barınma ve diğer faaliyetleri ile tamamen tezat oluşturduğunu fark ettim. Konaklama dışında herşey güzeldi. Deniz, havuz, barlar eğlence aktiviteleri oldukça mükkemmeldi çalışan görevliler özellikle sinek barda bulunan Neşe Coşkun ve Halil Kılıç olağanüstü derecede biz misafirlerine hizmetlerini en iyi şekilde yerine getirdiler. Yemeklere gelince bol çeşitli ve lezzetliydiler. Tesisin ikinci bir sorunu ise Alacart restoran bölümü olup adından da bahsedileceği gibi sipariş menüsü olmadan yani sipariş vermeden Burada bulunan şef bizlere Türk mutfağında ellerinde 3 adet menü bulunduğunu bunların da Edirne tava ciğeri, beyti kebap ve tavuk şiş olduğunu ve bunları servis edeceklerine söyledi bunun üzerine tam bir hayal kırıklığı yaşadık alakart restoranı böyle olmamalı sonuçta istediğini yiyebilmelisin istemediğin bir yiyecek sana dayatılmamalı bunun üzerine gelen menüyü yiyemedik ve masadan kalktık alakart restoranı dayatma usulü olarak çalışmamalı dır. Restoran bölümünde alakart restoranından daha fazla çeşit olduğunu gördüğümüzde alakart restoranının bir anlam ifade etmediğini fark ettik bu belirtmiş olduğum iki sorunun dışında yemek ve eğlence konusunda sorunu olmayan tesisin acil olarak odalarını yenilemesi ve alakart restoranına çözüm bulması gereklidir.",Aktiviteleri mükemmel ötesi,4,Tem 2024,,Temmuz 2024,Aileyle seyahat etti,,,,,,1 katkı
Green Bay Resort & Spa,"Üst üste 3 yıldır geldiğimiz Green Bay Resort & Spa bizim için artık misafirlikten ziyade, anne babamızın yazlık evine gelmişiz hissini yaşatan bir yer. Bu sıcaklığı bize hissettiren ise tamamen Green Bay Resort & Spa ailesi. Öyle ki, bir süredir peynir tatlısını özlediğimi belirttiğim sevgili Hamit Şef’in isteği üzerine mutfaktaki arkadaşlar hemen ertesi gün peynir tatlısı hazırladılar, harika bir jestti 😊. Her gün oradaymışız gibi sohbet ettiğimiz, en ufak sorunumuzda bile ilgilenen ve sürekli sahada her şeyi koordine eden sevgili Mustafa Mızrak Bey'e, son gün bizi güzel bir jestle uğurlayan ve yoğun programına rağmen masamıza gelip bizimle sohbet eden sevgili Güngör Şef 'e, Snack Restoran’da hem restoranı yönetip calisanlarin yetisemedigi yerde hem masaları toparlayıp hem de çay servisi yaparak ve her zaman güler yüzüyle bizi karşılayan sevgili Sebahittin Bey'e, restoranda güler yüzüyle bizi karşılayıp servis yapan sevgili Veysel Bey'e, güzel kokteylleri ve güler yüzüyle Lobby Bar’daki sevgili Kadir Bey'e, çocuklarımıza dondurma servisi yaparken enerjisiyle bizi mest eden cocuklarimizin Halime Teyzesi sevgili Halime Hanim’a ve zarif sohbeti için çok sevgili Seval Hanım'a teşekkür ederiz. Sayenizde harika anılarımız oldu ve ayrılırken yine hüzünlendik. Yeni yönetimi merak ediyorduk ve gördük ki gelecek sezon için birçok güzel projeyle oldukça motive olmuş bir ekip var. Bu sezon yetiştiremedikleri her şeyi gelecek sezon hayata geçirmek için şimdiden çalışmalara başlamışlar. Biz de gelecek yıl için şimdiden gün sayıyoruz. Bu yıl birçok şey değişmiş, özellikle kalite anlamında. Kullanılan ürünlerin kalitesini hemen fark ediyorsunuz. Ortak kullanım alanlarındaki lavabolar ve tuvaletler her daim tertemiz. Snack Restoran’daki yerler sürekli temizdi, denizden gelen giden birçok kişiye rağmen rahatsız edici hiçbir durum yoktu; oradaki beyefendi sürekli işinin başındaydı. Plaj da sürekli temizleniyordu. Biz havuzları kullanmadık ama sanırım bu konuda da yeni projeler var. Animasyon ekibi daha canlı bir hale gelmiş, tüm gün güzel enerjileriyle tatilimizi güzelleştirdiler; sevgili Gamze ve Eylül Hanım’a çok teşekkür ediyoruz. Buraya gelmek bizi her zaman mutlu ediyor; sebebini düşündüğümüzde anladık ki, ekibin içtenliği, samimiyeti ve ilgisi. Herkese emekleri için ayrı ayrı teşekkür ediyoruz. Sevgili Güngör Şef’e, Hamit Şef’e ve mutfak ekibine de özenli, lezzetli ve harika yemekleri için teşekkür ederiz. (Güngör Şef’im, yemeklerinizi her yediğinde mest olan eşimden bu teşekkür 😊) En kısa zamanda görüşmek üzere, biliyorsunuz Danimarka’da ki gönüllü elçileriniz her daim kulaklarınızı çınlatıyor.",Hiç Bitmese Keşke Dediğimiz Bir Tatildi!,5,Tem 2024,Danimarka,Temmuz 2024,Aileyle seyahat etti,,,,,,40 katkı
Green Bay Resort & Spa,"Otel çok güzel ve çok temiz çalışanlar çok ilgili ilk defa Türklerin böyle hizmet aldığı Baska otel yoktur. Ufak problemlerin halledilme süresi sadece 10 dakika. Crystal değil ve yorumlar kötü diye rezervasyonları iptal ettirecektir. Şuan ayrılıyoruz iyiki buradaydık. Öncelikle Şafak, Selin ve Aksaraylı arkadaşa selamlar.",Temiz güzel güvenli ve aile dostu,5,Tem 2024,,Temmuz 2024,Aileyle seyahat etti,,,,,,6 katkı
Green Bay Resort & Spa,Oncelikle burada tek belirtmek istedigim sicak bir havanin yaninda animasyon ekibinin cok samimi olmasi biz ve cocuklarimla cok ilgilendiler adeta bir kardeslerdi diyebilirim oteldeki her gunumuz dolu dolu gecti ve cok eglendik ( animasyon ) ekibi ile birlikte helsine birer birer tesekkur ediyoruz emeklerinize saglik ama ayni isi yaptigim canim kardesim dj romeo ya ayrica tesekkur ediyoruz.Bu arada unutmadan cocuklarimizi guvenerek emanet ettigimiz gamze ve havuz ve diger oyunlarda oglumla ilgilenen taylan abisinede teşekkür ederim!! Geliste bizi karsiliyan cihat kardesim ve bizimle ilgilenen serhat mudur de saolsun . . Memnun olmadigimiz yerlerden bir otel genelinde tuvalet az ve temizliginde eksik var.Odamizdaki televizyonumuz calismiyor. Yemek cesitleri az bardak ve tabaklar temiz degil genelde dudak izleri var lekeler ben 5 yildizli otel degilde 4 yildizli otel diyebilirim,5 yildiz degilde 4 yildiz,5,Tem 2024,,Temmuz 2024,Aileyle seyahat etti,,,,,,4 katkı
Green Bay Resort & Spa,"Selamlar ben ailemle temmuz ayında,bu gun son gunum bırada tatil yaptıq.İlk gunden berı butun personal bızımle ilgilendi,her ne dediksek ne istediysek hemen yardımcı oldular.Özellikle Selin xanim reseprionda,Ülkü,Kadir çpx sagolsunlar,çoc yardimcı oldular,gelirmiyim evet🙏🏻",Teşekkürname,5,Tem 2024,,Temmuz 2024,Aileyle seyahat etti,,,,,,1 katkı
Green Bay Resort & Spa,Doğukan barmen 4.8 feet çok iyi ...animasyon görevlisi ege beyefendi çok ilgiliydi yemekler çok iyiydi..fakat olumsuz olarak ultra herşey dahil bir otelde mısırın paralı olması bize komik geldi ve otele yakışmadı bence çocukların istediği özendigi birşeyi bu şekilde paralı yapması hiç hoş değildi .tam bir aile oteli gece 12 den sonra hayat bitiyor biz pek sevmedik disco var ama açık değil .biz Antalya otellerini baya görmüş biri olarak eğer çocuğunuz var diye eğlenmek yok diyorsaniz ege...,Benim nacizane görüşlerim,3,Tem 2024,"Selçuklu, Türkiye",Temmuz 2024,Aileyle seyahat etti,,,,,,2 katkı
Green Bay Resort & Spa,"Değerli 417_zgey, Zamanınızı ayırıp otelimizle ilgili yorum yazdığınız için teşekkür ederiz! Bu tür eleştiriler sayesinde hizmet kalitemizi yükseltebiliyoruz. Misafirlerimize en iyi konaklama hizmetini sunmak isterken görülüyor ki bu sefer başarılı olamadık. Güveninizi tekrar kazanabilmek için bize bir şans verirseniz, diğer misafirlerimizin vazgeçemediği muhteşem konaklama deneyimlerini size de yaşatabilmek için elimizden geleni yapacağımızı garanti ederiz. Saygılarımızla,",Kötü bir deneyim,1,Tem 2024,,Temmuz 2024,Aileyle seyahat etti,,,,,,3 katkı
Green Bay Resort & Spa,Onur -Gülhan Başar çifti 11 Temmuz 14 Temmuz arasında otelde rezervasyonumuz vardı.Gelmeden önce yorumlara baktığımda çoğunlukla olumlu yorumla karşılaşmıştım .Oraya vardığımız andan itibaren bizi güleryüzlü personel karşıladı .Odalarımız sevis yeme içme de kalite son derece yeterli idi .Otel dolu olmasına rağmen rahatça plajda havuzlarda yer bulabildik.Sabah ne zaman gidersek gidelim yer bulma sorunu yaşamadık .Denİzi mükemmel diyebilirim sadece 5 mt sonra derinleşiyor dikkat edilmesi gerekir .Son senelerde tatilimizi geçirdiğimiz en güzel ve düzenli otel diyebilirim .Herkese de gönül rahatlığıyla tavsiye ederim .Mutlaka tekrar tatilimi burda geçirmek için geleceğim .(Not :4-8 snack barda bize kokteyllerimizi hazırlayan Doğukan beyi asla unutmayacağız .işini bu kadar severek yapan bir barmen inanın görmedim.Sevgilerimizi iletiyoruz.),Mükemmel bir deneyim,5,Tem 2024,,Temmuz 2024,Aileyle seyahat etti,,,,,,1 katkı
Green Bay Resort & Spa,"11-15 temmuz tarihleri arasında konakladık. Öncelikle otel konum olarak süper bir yerde. Hemen hemen kendine ait bir koyda. Bu deniz olarak da çok büyük bir avantaj sağlıyor. Deniz hep sakin dalga yok. Evet hemen derinleşiyor ve dip kum olduğu için berrak değil ama inanın mükemmel bir su. Sırf denizi için bile tercih edilebilir. Otelin diğer özelliklerine gelirsek; 1. Odalar küçük ancak yeterli. House keeping iyi çalışıyor. Otel küçük olduğundan odaya ulaşım çok rahat. 2.otel büyük değil ve kompakt bir otel. Her yer çok yakın, yormuyor. 3.plajda şezlong sıkıntısı olmuyor (otel full idi) 4.restaurantlarda yemek çeşidi çok fazla değil ama inanın olan yemekler çok lezzetli. Ne oteller gördüm burdan çok fazla çeşit vardı ama hepsi yapılmış olmak için vardı sanki. Burada lezzetsiz bur şey yemedik. Executive şefin emeğine sağlık. Ancak önümüzdeki dönemde kendisinin bütçesibiraz daha artırılır sa daha guzel olacaktır. 5. İçecekler markalı ve çakma bir şey yok. Yeterli. 6.alacart restaurant ambiansı ve sunum güzel, yemekler lezzetli 7.çalısanlar gerçekten otele değer katıyor. Resepsiyondan enes, lobi bar kadir, snack restaurant reyşan ve 4.8 bardan Doğukan ismini hatırladığım takdiri hak eden arkadaşlar. Ancak bu diğer personelin de hakkını yemek gibi algılanmasin , bütün çalışanların emeklerine sağlık. Bu kadar olumlu sözden sonra olumsuz yanlarına da gelirsek otelde gece eğlencesi hiç yok diyebiliriz . Animasyon gündüz birseyler yapmaya çalışıyor ancak akşam yemeği sonrası tam bir inziva . Eğer tüm sene yoğun çalıştı iseniz ve kendinizi yavaşlatmak ve sakinleştirmek ise amacınız, evet bu otel çok doğru seçim, ama biraz eğlenelim diyorsanız otelde böyle bir şans yok . Bodrum gece turu şart, çocuk varsa da bu pek mümkün değil tabi. İşletmeye yonelik 2 tavsiyem yönetime; 1. Bence otelin en güzel konumdaki yeri clam bar. Ancak akşamları ne yazikki hizmet vermiyor . Belki 4.8 yakın diye bu tercih ama personel aksiyonu alarak buranın gece hizmet vermesinin ilgi çekeceği inancındayım. Ben her gece içeceğimi 4.8 den alıp burada oturdum ve çok kişi benim gibi yaptı. Yorumları aynı idi. 2.beer garden olarak dizayn edilen bölge efektif kullanılamıyor. Hem barın imkanları artırılıp sunulan biralar cesitlenmeli, hem de çalışma saatleri üzerinde düşünülmeli. Son olarak geçen yıl burada konaklama yapmış ve bu sene tekrar gelen bir çiftle tanıştık, bu sene el değiştirmeden sonra hizmetin çok daha iyi olduğunu söylediler. Bunu da belirtmek istedim.",Sakin ve huzurlu bir aile oteli,4,Tem 2024,"İstanbul, Türkiye",Temmuz 2024,Aileyle seyahat etti,,,,,,3 katkı
Green Bay Resort & Spa,"Değerli 703salihy, Otelimizle ilgili güzel yorumlarınız için teşekkür ederiz! Konaklamanızdan memnun kaldığınıza sevindik.Eleştirileriniz bizim için çok değerli.Bu sayede kaliteden ödün vermeden kendimizi yenileyebiliyoruz. En kısa zamanda sizi otelimizde tekrar misafir etmekten mutluluk duyarız. Saygılarımızla,",Otel çok iyi personel.cok ilgili,5,Tem 2024,,Temmuz 2024,Aileyle seyahat etti,,,,,,3 katkı
Green Bay Resort & Spa,"Otel güzeldi, çalışanların hepsi ilgili güler yüzlü insanlardı. Etkinlikler, gösteriler, karaoke vs. eğlenceli ve güzeldi. Şansım olsa 1 hafta daha kalırdım. Çalışanlardan animasyon ekibinden Tan'a, Romeo'ya ve bar çalışanı Doğukan Abi'ye, İsa'ya selamlar ve teşekkürler.",Güzel oteldi,5,Tem 2024,,Temmuz 2024,Aileyle seyahat etti,,,,,,1 katkı
Green Bay Resort & Spa,"Şuan otelde tatilimizin 4.günündeyiz ailecek geldik. Oteli Tatilbudur dan aldık.olumsuz yorumlar sebebi ile okadar çok iptal etmek arasında kaldık ki son anda şansa diyip otele giriş yaptık. İlk girdiğimiz andan itibaren kapıda karşılandık valizlerimiz taşındı odamız ayarlandı. Temizliğe okadar düşkün biriyim ki fazlası ile korkarak geldim ve otel girişinde ki temizlik kokusu beni odaya kadar mest etti:) heyecanla odanın temizliğini beklerken içim rahatladı temiz düzenli bir oda ufak tefek eksiklikler var evet ama sonuç olarak burası bir tatil oteli deniz kum , biraz normal geliyor. böylece tatilimiz güzel başladı. Deniz mükemmel havuzlar gayet büyük otel dolu olmasına rağmen o kalabalık sizi yormuyor çünkü kapasite fazlası ile büyük. En şaşırdığım helal olsun dediğim bir diğer konu ise dışarı da ki genel kullanım WC’leri ben bu kalabalığa böyle temiz WC’ler görmedim tebrik ederim.Yorumlarda yemeklerin kötü olduğunu ve yetersiz aynı çeşit olduğunu yazmışlar asla inanmayın hergün yeni çeşit dolu dolu yemekler, çalışanlar fazlasıyla saygılı ve yardımcı okadar koşturmalarına rağmen güleçler en büyük teşekkürümüz onlara 🙏🏽 ve bizi rahatsız eden tek prüz ise sonraki günlerdeki oda temizliği çarşaflar değiştirilmiyor odanın yerlerini ve WC yi temizleyip silip gidiyorlar, günlük bunların değişmesi gerekli bir durum bu konuyu dikkate almalarını rica ederim onun dışında bir pürüz yaşamadık herkese çok teşekkür ederiz mutlu huzurlu bir tatil geçirdik. Benim gibi tereddütte kalanlar içiniz rahat olsun. Seneye inşallah tekrar buradayız görüşmek üzere",Yasemin,4,Tem 2024,,Temmuz 2024,Aileyle seyahat etti,,,,,,1 katkı
Green Bay Resort & Spa,"Merhaba, öncelikle ilk girdiğim an dan itibaren karşılaştığım herkes çok kibar (arada bir kaç kişi hariç,bu kadar olmasıda doğal:) bir çok otelde konakladım çoğu işletmede çalışanlar memnuniyetsiz di. Eve odalar biraz eski fakat dert edecek kadar sorun değil. Minibar da cola fanta sprite ve su veriliyor günlük olarak. Şunu özellikle belirtmek istiyorum yemekler daha önce yediğim otel yemekleri gibi birbirine benzeyen standart bir tat yok aksine bu zamana kadar konakladığım yaklaşık 20 otelden daha lezzetliydi herkesin eline ve emeğine sağlık teşekkür ederim.Hatta öğlen restaurantta dondurma verip yemekten sonrada waffle yapan ablam her yerde olmasına rağmen hep güleryüzlüydü teşekkür ederim. Sizlerde burada bizlerin rahatı için emek veren arkadaşlara bir teşekkürü çok görmeyin bence su bile alsanız teşekkür edin. Havuz yeterli her yer temiz ve düzenli tutulma çabası içinde bu daha da büyük bir emek.Denizi güzel şezlong yeterli öyle şezlong peşinde koşturmaya gerek kalmıyor. İlk günümde izlenimlerim budur",Güzel Bir Başlangıç:),5,Tem 2024,,Temmuz 2024,Aileyle seyahat etti,,,,,,2 katkı
Green Bay Resort & Spa,"Öncelikle Otele ilk girişten itibaren bizim ile ilgilenen şafak beye teşekkür ederiz. 4.8 barda ki ilgi çok övülmüştü fakat resepsiyonda hazırlayanlar kesinlikle daha özenli ve güzel hazırlıyorlar diğer yerlerde kahvesinden kokteyline hep baştan savma hazırlandı. Çocuk dostu otel kids club ,mini club başta olmak üzere çocuklar için oldukça güzel aktiviteler bulunuyor. Zehra hanıma ilgisinden teşekkür ederiz. Ayrıca odamız hergün temizlendi. Yemekler herkese uygun çeşit oldukça boldu. Kuzu kol , et ızgara vs. inanılmaz lezzetlilerdi. Denizi söylenildiği gibi derin ve bulanık ama yeterli balıklar ile yüzüyorsunuz.",Genel yorum,4,Tem 2024,,Temmuz 2024,Aileyle seyahat etti,,,,,,6 katkı
Green Bay Resort & Spa,Otelden çok memnun kaldık temiz ve yemeklerı lezzetliydi özellikle 4/8feet bar daki barmen dogukan beyin güler yüzü ve hizmetinden çok memnun kaldık teşekkürler animasyon ekibi taylan gamze ilker ve müdürleri sinan bey misafirlerle çok ilgili ve alakalıydı bizleri çok eylendırdıler ve ilgilendiler hepsine çok teşekkür ederim saygılar.,Saygı ile hizmette kusursuz,5,Tem 2024,,Temmuz 2024,Aileyle seyahat etti,,,,,,1 katkı
Green Bay Resort & Spa,Halen otelde konaklamaktayım. Artı ve eksik yönlerini belirtmek istedim. Otel konum olarak harika bir noktada. Denizi muhteşem dalga yok sanki çarşaf gibi bir denizi var sahil ve deniz tabanı kum olduğundan dolayı biraz bulanık ama muhteşem bir denizi var. Çabuk derinleşiyor yüzme bilmeyenler dikkat etmeli. Etrafında başka bir otel olmadığından her yer yeşillik ve orman. Havuzları yeterli zaten denizin güzelliğinden dolayı herkes sahili tercih ediyor. Diğer oteller gibi havuz başında yer kapma olayı yok herkes sahili tercih etmekte. Yeme içme konusunda kahvaltı ve ana yemekler lezzetli ancak çeşit olarak yetersiz geldi bana biraz daha özellikle et yemekleri çeşitlendirilebilir. Fiyat performans olarak yeterli bşr otel. Ama şunu belirtmek isterim insan denizi ve doğası için bile buraya gelebilir,Huzurlu sakin bir tatil,4,Tem 2024,,Temmuz 2024,Aileyle seyahat etti,,,,,,2 katkı
Green Bay Resort & Spa,Oncelikle sunu soylemek isterim restoranlardaki tabaklar ve bardaki bardaklar pis ve lekeli geliyor. Onceki yemekten yemek artigi olan tabaklara cok denk geldik. Oda temizligi cok titizseniz sizi rahatsiz edebilir ama bu kadardan birsey olmaz derseniz yeterli olur. TURKISH NIGHT duzenleyip ARAPCA sarki ile aksam etkinligi duzenlemek beni asiri uzdu ve sinirlendirdi. Bunlar haricinde hersey harikaydi ozellikle denizine asik olursunuz. Kapali koy olmasindan dolayi saat kac olursa olsun sicakligi yeterli olan havuz gibi bir deniz sizi karsiliyor. Otel full dolu olmasina ragmen her zaman denizde havuzda yer bulabiliyorsunuz. Biraz kafa dinlemek icin ideal bir otel. Adult havuza aksam 5 e kadar kesinlikle cocuk giremiyor. Animasyon ekibi harika isler cikartti cok kibarlar ve enerjileri ile sizi her turlu eglendiriyorlar. Hepsine cok tesekkur ediyoruz. Snack bardaki Emir beyin guler yuzlulugu ve isini seven hali bizi cok memnun etti ayrica 4.8 bardaki Dogukan beyin kaliteli kokteyllerinide es gecemeyecegim. ben rakip firma ya da karalama cabasinda ki memnuniyetsiz misafirlerden degilim. Cunku sikayetler icin aradiginizda size rakip firma yorumlari vs diyorlar. Basta saydiklarim haric biz genel olarak memnun kaldik. Saygilar.,Hersey guzel sadece 1-2 eksik,4,Tem 2024,,Haziran 2024,Çift olarak seyahat etti,,,,,,1 katkı
Green Bay Resort & Spa,Otel Yer olarak güzel Bir koyu Hizmette sınır yok Snack resturant animasyon ekibi Akşamlar belli saatlerde çocuklar için eğlence mini club resturant yemekleri süper servis departmanı özellikle harika bunu da yazmadan geçemem 4.8 feet barda bulunan şimdiye kadar gördügüm en iyi barmenlerden Sayın Doğukan beye yaptıgı görselli hem Ekşi Ve hem tatlı kokteylerden memnuniyetimizi hem kendine Hem Müdürü Mustafa beye ve Otelin bütün departmanlarına iletiyoruz. Herşey için çok tesekkürler seneye İnşallah görüsmek üzere sağlıcakla kalın.. Tatilimizi eşsiz kılan Doğukan beye ve Otelde Bütün personellere sonsuz tesekkürler.,Çok güzel bir hafta geçirdik,5,Tem 2024,,Haziran 2024,Aileyle seyahat etti,,,,,,2 katkı
Green Bay Resort & Spa,"Otel temiz ve bakımlı, sadece odaları çok dar, aile odasında ranzali odada kalmanıza rağmen çok dar geldi.. temiz ve doğası mükemmel, ormanın içinde konumlanmış berrak bir denizi var.. yemekleri vasat ama hijyen on planda , tercih edilebilir bir otel.. havuzu aquaparki güzel",Greenbay,5,Haz 2024,"Muğla, Türkiye",Haziran 2024,Aileyle seyahat etti,,,,,,51 katkı
Green Bay Resort & Spa,"İlk gece bize ayrılan odada kalamadık 2. gece oda değiştirdik. Denizi malesef bulanık deniz gözlüğüyle bile keyif alınmıyor fakat aile için sessiz sakin huzurlu bir ortam, iskele var fakat paralı herşey dahil geldiğim tatilde bu çok saçma geldi ve kötü puan sebebi... Yemekler ve personel iyi, özellikle bar personelleri Emir ve Doğukan bey tatilimizi güzelleştirdi... İskele bardaki gençler Ali özelikle çok ilgili, saygılı... ufak tefek teknik arızalar yaşasak da keyif aldık...Bir daha deniz bulanıklığı sebebi ile gelmeyi düşünmüyorum!..","Bulanık deniz, süper bar personeli....",4,Haz 2024,,Haziran 2024,Aileyle seyahat etti,,,,,,11 katkı
Green Bay Resort & Spa,"22-27 Haziran arası konakladık. Başta Işıl hanım olmak üzere, animasyon ekibinden Taylan bey, Soner bey ve diger arkadaşlara, Sebahattin beye ve diğer tüm personele teşekkür ederiz. Kusursuz bir tatil oldu. Çok memnun kaldık. Olumsuz yorum yapanlara inanmayın. Yenekler, havuzlar, personel manzara, deniz ,konum herşey fevkalade. Olumsuz birşey biz görmedik. Gidecek olan kişilere tavsiye ederim.",Fevkalade / Tam puan,5,Haz 2024,"İstanbul, Türkiye",Haziran 2024,Aileyle seyahat etti,,,,,,1 katkı
Green Bay Resort & Spa,"Mükemmel ve kusursuz bir tatil için doğru adres, Green bay resort & spa, Otel bir aile oteli olmakla beraber , reception’dan girerken bunu anlamanız çok uzun sürmeyecek , Executive Chef GÜNGÖR Bey yönetiminde bulunan açık büfe veya Alakart restoranlarda muhteşem ve çok lezzetli yemekler, birbirinden farklı tatlılar ile biz misafirlere hizmet veren tüm personele sonsuz teşekkürler….. Otelin büyüleyici kumsal’ından ayrılmak istemeyeceğiniz için , gün içinde kullanacacağınız snack bar ve restoranı sizlere yetecektir, kendini zi şımartmak istiyorsanız kesinlikle tavsiye ederiz, Herkes’e iyi tatiller……..",Mükemmel’i sevenler için..,5,Haz 2024,,Haziran 2024,Aileyle seyahat etti,,,,,,1 katkı
Green Bay Resort & Spa,"Haziranın ilk pazartesi günü gittik. Konumu harika bir koyda. Denizi çok güzel. Yemekler ilk gün baya az çeşitliydi. Kahvaltısı güzel. İkinci gün akşam oldukça iyiydi. Tatlı bölümü baya zengin özellikle baklava ağırlıklı. Dondurması da çok güzel. Bira efes, rakı yeni rakı özel seri, şarap da cok güzel. Fakat her yemekte kadeh sıkıntısı var. Rakı bardağı kalmadı diyorlar. Hatta tersliyor bitmiş demekki diye. Ama yemek gün boyu bol mutlaka zevkinize uygun birseyler bulursunuz. Aşçılar ve resepsiyon dışında çalışanlar hiç profesyonel değil. İskeledeki bardaklar 4-5 saat sonra toplanıyor. Havlu sıkıntısı da büyük. Yarım saat havlu kuyruğunda bekledikten sonra alabildik. Ultra herşey dahil ama yemekten sonra tekila istedik bitti dediler. Saat 11 de başlaması gereken gözleme sırasına tam saatinde 1. Sıradan girdiğim halde 45 dk peynirin gelmesi beklendi ve sıcakta 1 saatim de öyle geçti. Kahvaltı çok güzel. Oda temiz,klima harika. İlginç olan oda kapılarının arkasında acil çıkış krokisi yok ki kiraya verdiğimiz evlerde bile mecbur kılındı. Odayı temizleyenler aldıkları havlularin temizini bırakmamışlar tekrardan istedik. Sehpadaki kullanılmış peceteyi de almamışlar. Canlı müzik baya iyi önceden yer kapmanız gerek. Soğuk kahve ve bilinen kokteyller için malzeme eksik. Barmenler bile şikayetçi özellikle bardak konusunda. Ultra herşey dahilde böyle sıkıntılar olmamalı",Güzel bir koy,3,Haz 2024,"İzmir, Türkiye",Haziran 2024,Çift olarak seyahat etti,,,,,,53 katkı
Green Bay Resort & Spa,2024 yılı haziran ayında kurban bayramı tatilini fırsat bilip 2 yetişkin 2 çocuk bursa dan otobüsle ile ailecek gitmiş olduğumuz otele ilk şoku otele girişte yaşadık. Otele giriş saatimiz 14:00 olmasına rağmen saat 10:00 da otele giriş yaptık saat 14:00 kadar lobide bekliyeceğimizi düşünürken bize odamızın hazır olduğunu söyleyip odaya aldılar. Bu inceliklerinden dolayı tatilimizin daha başlangıçtan güzel geçeceğini anlamış olduk. Resepsiyondaki arkadaşlar gayet güler yüzlü ve ilgililer. Bize odaya kadar valizlerimizi taşıyarak eşlik ettiler. Odamız gayet temiz ve düzenliydi. Kliması çalışıyordu. Mini buzdolabında içecekler vardı. Kaldıgımız gün süresince dolabı hep doldurdular. Oda temizliği her gün yapıldı. Havluymuş çarşafmış bir sıkıntı yaşamadık. Bu arada bizim aracımız olmadığı için bayram günü bayram namazına gitmek için servis ayarlaya bilmeleri konusunda ricada bulundum ve bu ricamı geri çevirmediklerinden dolayı ayrıca teşekkür ediyorum. Yemek konusuna gelecek olursak hiç bir şekilde aç kalmazsınız. Kurban bayramı olması nedeni ile aşçı şefine yemekte kavurma beklentim vardı dedim sağolsun hemen isterseniz yaptırabilirim dedi. Tabi ben o esnada kuzu tandırı mideye indiriyodum :)) Çalışan personel her ihtiyaca cevap vermeye çalışıyor. Otel konum olarak güzel bir yerde kendinizi doğa ile iç içe hissedebilceginiz sakin geniş ferah bir yerde. Animasyondaki arkadaşlar sizi eğlendirmek için elinden geleni yapıyor. Çocukların asla sıkılmayacagı keyif alacagı bir aqua parkı var.Aqua parkın havuz derinliği 110 cm. Kısaca ödemiş olduğum parayı son kuruşuna kadar hak eden bir otel oldu. Otelden çıkış saati 12:00 olmasına rağmen yönetimden rica da bulundum ve 12:00 da odayı boşaltıp akşam saat 18:00 kadar otel imkanlarından faydalana bileceğimiz söylendi ve bizde valizleri lobiye bırakıp 18:00 kadar tatilimizi uzatmış olduk. Tekrardan tüm yönetim ve personeline ailemle birlikte bize güzel keyifli ve huzurlu bir tatil geçirmemizi sağladığı için çok teşekkür ediyorum. Bundan sonraki tatil planlarımda ilk sırada yer vereceğim bir otel olacak..,Huzurlu güvenli ve keyifli bir tatilin adresi...,5,Haz 2024,,Haziran 2024,Aileyle seyahat etti,,,,,,1 katkı
Green Bay Resort & Spa,İşletme olarak çok içten karşılandık bir aile oteli edasında tatilimizi geçirdik. Çok mutlu olduk. Tekrardan gelmeyi düşünür müyüz? Kesinlikle evet. Sadece yemek konusunda pasta tarzı tatlılar yeterince iyi değildi fakat gene de her şey üst seviyedeydi.,Harika,5,Haz 2024,,Haziran 2024,Çift olarak seyahat etti,,,,,,1 katkı
Green Bay Resort & Spa,"Bir çok otele gittim ancak buranın manzarası, otelin konumu , personellerin ilgisi hersey mükemmel diyecek kadar güzel. Çok ama çok küçük eksiklikleri var ancak . Fiyat performans kesinlikle üst düzeyde. Herkese hitap edecek bir otel. Tatilbudur personelinin ilgisi ayrıca takdire şayan. Herkesin emeğine sağlık",Greenbay resort + tatilbudur farkı,5,Haz 2024,,Haziran 2024,Aileyle seyahat etti,,,,,,1 katkı
Green Bay Resort & Spa,Her sene farklı otellere giderek deneyimleyen birisi olarak söylemek istiyorum otel beklentilerimin çok üstündeydi özellikle personel güler yüzlü ve alakalııydı benim için çok önemli bu konu yemekleri inanılmaz lezzetliydi kullandıkları ürünler ve malzemeler çok kaliteliydi tek olumlu bulmadigim yer gece eğlendirme anlamında çok zayıflar her akşam dans grubu ya da farklı bir aktivite yapılabilir ama onun yerine karaoke ya da tombala gibi aktiviteler yapıldı burası biraz kısa kaldı bence.Ayrıca tatil.com personellerinden Furkan bey ve çok ilgili ve alakalııydı kendisine de özellikle teşekkür etmek istiyorum.,"Yemek, Personel Güleryüz ve alaka, Otelin konumu",5,Haz 2024,,Haziran 2024,Aileyle seyahat etti,,,,,,1 katkı
Green Bay Resort & Spa,"Girişte karşılama güzeldi, saatinde odamıza alındık. Odamız her gün temizleniyordu restauranttaki çalışanlar çok saygılı güleryüzlüydü. Animasyon showları güzeldi. Özellikle Ayça Hanıma ilgisinden ötürü teşekkür ederiz. Barmenler özveriyle çalışıyor bütün taleplerimizi eksiksiz yerine getirdi",Tatil,4,Haz 2024,,Haziran 2024,Arkadaşlarla seyahat etti,,,,,,1 katkı
Green Bay Resort & Spa,"Çok güzel bir otel yeşilliği çok fazla denizi dalgasız ve kum..havuzlar yeteri kadar, şezlonglar yeterince var , hiçbir yerde sıra yok, Yemekler çok iyi , herkese göre yemek var , alkolsüz kokteyller çok güzeldi yoğunluktan dolayı aksaklıklar olsa da çalışanlara ayrıca teşekkürler hepsi çok çalışıyor ailece 4 gün kaldık çok memnun ayrılıyoruz tavsiye ederim",Harika,5,Haz 2024,,Haziran 2024,Aileyle seyahat etti,,,,,,2 katkı
Green Bay Resort & Spa,2024 haziran ayında eşimle geldik. Oteli çok ama çok beğendik yemekler aktiveteler vs çok iyi. Çocuklu misafirler içinde bence çok uygun bir otel. Tatil budur ile rezervasyon yaptırmıştık. Bizimle burada tatil budur’dan Furkan bey ilgilendi. İlgisi ve samimiyetini çok beğendik.,Harikaa,5,Haz 2024,,Haziran 2024,Çift olarak seyahat etti,,,,,,1 katkı
Green Bay Resort & Spa,İki yıldır tatil budur dan Aldığımız tatil memnuniyeti katlanarak artıyor bu yıl ki tatil budurun önerisi ile aldığımız tatilden ve Furkan beyin oteldeki ilgisinden son derece memnun kaldık itina ile öneririm önünüzdeki yılda kesinlikle tatil budurun önerisi ile tatil alıcam bundan sonraki tüm tatillerim tatil budur 🥰,Memnuniyet,5,Haz 2024,"İzmir, Türkiye",Haziran 2024,Aileyle seyahat etti,,,,,,8 katkı
Green Bay Resort & Spa,Burayı iyiki tercih etmişim hem konum hem kalite hem güler yüz hepsi bir arada otel girişimizden otelde geçirdiğimiz süre boyunca tatilburdur personelinede ayrıca teşekkür etmek isterim ilgisinde dolayı gelmek isteyen herkese tavsiye ederim,Çok keyifli bir tatil,4,Haz 2024,,Haziran 2024,Aileyle seyahat etti,,,,,,1 katkı
Green Bay Resort & Spa,Öncelikle animasyon ekibine çok teşekkür ederim özelliklede Taylan kardesimize ilgi alak kontak faslasiyla iyiydi emeklerine sağlık herkese tavsiye ediyorum lütfen gidip animasyon ekibine bakın tanışın ve geceleri Clup etkinlikleri var kesin gidin özel koruma gibi yanınızdan aytilmiyorlar fazlasiyla güven veriyorlar iyi tatiller,Animasyon,4,Haz 2024,,Haziran 2024,Aileyle seyahat etti,,,,,,1 katkı
Green Bay Resort & Spa,Otel olarak çok begendik eglendik aninasyin ekibi çok fazla iyiydi özellikle Taylan beye çok teşekkür ederim seneye tekrar bu otele geleceğim animasyon ekibiyle eğlenmek mükemmel birşey lütfen yanlarina gidip herşeyi öğrenin iyi tatiller,Animasyon ekibi,4,Haz 2024,,Haziran 2024,Aileyle seyahat etti,,,,,,1 katkı
Green Bay Resort & Spa,"Ailemle birlikte kusursuz diyebileceğim 5 gün geçirdik. Rahatımız için herşey düşünülmüş. Hijyen, lezzetli ve çeşitli yemekler, farklı havuz seçenekleri tertemiz deniz doğa harikası bir koy da bulunan greenbay otel kesinlikle tekrardan gelinecek yerlerden. Tüm otel personeline ve tatilbudur temsilcileri Furkan bey ile Edem bey e herşey için teşekkürler...",Doğal güzellikler ile bütünleşmiş greenbay,5,Haz 2024,,Haziran 2024,Aileyle seyahat etti,,,,,,1 katkı
Green Bay Resort & Spa,Animasyon oldukca iyi ozellile güleryüzlü personel ege kardeşim cok iyi bu konuda yemekler iyi personel elinden gelenin en iyisini yapiyor sorunlar var lakin duzelir ala carte restoran muduru cok iyi yemekleri harika genel olarak güzeldi,Güzel bir deneyim,5,Haz 2024,"İnegöl, Türkiye",Haziran 2024,Çift olarak seyahat etti,,,,,,24 katkı
Green Bay Resort & Spa,"Otelin konumu harikaydı, özel bir koyda sahilin bir kısmı kum, bir kısmı taşlıktı. Su sporları olmadığı sürece deniz çok temizdi. havuzlar süperdi. Tarih sebebiyle sanırım sakin bir döneme denk geldik, kalabalık sorunları yaşamadık. Yemekler çok çeşitli ve lezzetliydi, özellikle pastane grubu çok çok iyiydi. Her gün beyaz et kırmızı et ve balık mutlaka vardı. Akşamları sadece mini cluba katılabildik, animasyon ekibi yeni ve oldukça başarılıydı. Odamız hergün temizlendi. Personel az olmasına rağmen güler yüzlü ve çok ilgililerdi. Şule, Güldeniz, Figen, Gamze, Şafak, Pelin, resepsiyondaki güzel kız ve adını hatırlayamadığımız bütün çalışanların emeklerine sağlık…",Tekrar gitmek isteyeceğimiz bir tatildi.,5,Haz 2024,"Ankara, Türkiye",Mayıs 2024,Aileyle seyahat etti,,,,,,1 katkı
Green Bay Resort & Spa,Otel konumu cok ıyı cok keyıf aldık ozellikle animasyon cok basarılı cok eglendık mını klup cocuklarla cok ilgili yemekler lezız ıckıler kaliteli burada olmaktan cok keyif aldık herkese tavsiye ediyorummını klup cocuklarla cok ilgili yemekler lezız ıckıler kaliteli burada olmaktan cok keyif aldık herkese tavsiye ediyorum,Huzurlu,5,Haz 2024,,Haziran 2024,Aileyle seyahat etti,,,,,,1 katkı
Green Bay Resort & Spa,"Otelin konumu ve doğası çok güzel. Bazı eksikler tabi ki var ama, genel olarak memnun kaldık. Özellikle animasyon takımı çok cana yakın ve başarılıydı ❤️👋. Animasyon takımından Taylan bey ve Ege beye çok çok teşekkür ederiz. Herkese iyi tatiller .",02.06/07.06,4,Haz 2024,"İstanbul, Türkiye",Haziran 2024,Aileyle seyahat etti,,,,,,2 katkı
Green Bay Resort & Spa,Otelin konumu cok güzel doğası muhteşem…..harika yemekleri güzel…..animasyon gösterileri etkinlikleri çok güzel animatörlerin ilgi alakası cok iyi mini clup cocuklara ilgi ve alaka superdi her sey ıcım cok tesekkur ederım kesinlikle oteli tavsiye edıyorum,Harika,5,Haz 2024,,Haziran 2024,Çift olarak seyahat etti,,,,,,1 katkı
Green Bay Resort & Spa,"Değerli Burak Bey, Zamanınızı ayırıp otelimizle ilgili yorum yazdığınız için teşekkür ederiz! Bu tür eleştiriler sayesinde hizmet kalitemizi yükseltebiliyoruz. Misafirlerimize en iyi konaklama hizmetini sunmak isterken görülüyor ki bu sefer başarılı olamadık. Güveninizi tekrar kazanabilmek için bize bir şans verirseniz, diğer misafirlerimizin vazgeçemediği muhteşem konaklama deneyimlerini size de yaşatabilmek için elimizden geleni yapacağımızı garanti ederiz. Saygılarımızla,",Beklediğim gibi değil,1,Haz 2024,,Haziran 2024,Çift olarak seyahat etti,,,,,,1 katkı
Green Bay Resort & Spa,"Çok güzel bir otel , yemekler çok lezzetli , çok temiz çalışanlar güler yüzlü özellikle animasyon ekibi muhteşem çok memnun kaldık tekrar gelmek istiyoruz çocuğunuz ve aileniz ile gelebileceğiniz güzel bir yer denizi gayet temiz kısacası bir çok sevdik ☺️",Mükemmel,5,May 2024,,Mayıs 2024,Aileyle seyahat etti,,,,,,1 katkı
Green Bay Resort & Spa,Animasyon ekibi ve Taylan kardeşime sonsuz teşekkürlerimi sunarım . Animasyon ekibi olarak bize bu tatili eğlenceli hale getirdikleri için teşekkür ederiz . Çok düşünerek gelmiştik ama iyi ki gelmişiz . Kafa dinlenilecek bir yer . Eğlenmek isteyen Taylan beyi bulabilir :),Yunus Çiçek,5,May 2024,,Mayıs 2024,Arkadaşlarla seyahat etti,,,,,,1 katkı
Green Bay Resort & Spa,Otele bugün giriş yaptık çok sıcak bir ortam odamızı beğenmedik ama sağolsunlar hızlıca destek oldular aile için oldukça uygun şimdiden oğlumuz çok iyi vakit geçirdi.Tek olumsuz nokta denize iki adım atınca derinleşiyor çocukları tek başına bırakmamak lazım.,Teşekkürler,5,May 2024,,Mayıs 2024,Aileyle seyahat etti,,,,,,1 katkı
Green Bay Resort & Spa,Konumu ve sahili gerçekten mükemmel. Odaları temiz ve güzeldi.Yemekleri lezzetliydi açık büfesi zengindi. servis personeli çok ilgiliydi. Ercan bey ve Ozan beye ilgilerinden dolayı çok teşekkür ederiz.. gelip kalınacak güzel bir otel.,Harika bir otel,5,May 2024,Türkiye,Mayıs 2024,Arkadaşlarla seyahat etti,,,,,,3 katkı
Green Bay Resort & Spa,Otelde 17-19 mayıs tarıhleri arasında konakladık. Otel tam anlamıyla fiyat performans üzerinde bir otel. Yiyecek içecek kalitesi ödediğiniz fiyatın üzerinde. Odalar temiz. Personel güler yüzlü ve çok ilgili.içecekler premium seviyesinde denizi güzel tekrar gelinebilecek bir otel.,Tekrar geleceğiz.,5,May 2024,,Mayıs 2024,Aileyle seyahat etti,,,,,,8 katkı
Green Bay Resort & Spa,"16 mayıs 3 gece konaklama, 2 aile geldik. Tesis gayet güzel, öncelikle ender bulunur bir konumda. Deniz bir gölü andırıyor. Yemyeşil tepeler yansıyor suya. Temizlik, yemekler içkiler iyi. Personel çok iyi. Resepsiyonda Bayram beyin kaliteli tavırları ile başluyor bu izlenim. Restoronda Şule hanım bizleri çok memnun ettti. Mesaisinin her dakikaaında saygı ve güleryüz hiç eksik olmuyor. Barda Murat bey de saat 10:00 da nasıl çabalayıp didiniyorsa 17:00 de aynı şekilde hızlı ve kibar. Dinkenmiş ve huzurla ayrılıyoruz. (Not: Sirk vardı tiyatroda, göstericilerin ipi sahne tavanından bir parçayı düşürdü, ayna gibi bir camdı. Görevli yoktu sanırım o an, göstericiler bakındılar ama o cam kırıklarının içinde devam etmek zorunda kaldılar, kendim bir faraş ve süpürge bulup verdim sahnenin yanından)",Güzel manzara,4,May 2024,"İzmir İli, Türkiye",Mayıs 2024,Aileyle seyahat etti,,,,,,17 katkı
Green Bay Resort & Spa,Otel çok güzel bir koya yayılmış en önemlisi personel müthiş Deniz Murat Ozan Aydan ve mükemmel şefimiz Okan Usta gerek servis gerekse yemekleri ile tüm personeli çok sevdik tertemiz bir otel şiddetle tavsiye ederiz çok keyifli bir tatil geçirdik teşekkürler…,Keyifle geçen tatilimiz,5,May 2024,,Mayıs 2024,Arkadaşlarla seyahat etti,,,,,,1 katkı
Green Bay Resort & Spa,"Otel bu yıl Crystal zincirinden ayrılmış bu nedenle tereddüt ederek tercih ettik açıkçası. Zaman problemimiz olduğu için tek gece konakladık, otele girişimiz pek hoş olmadı, resepsiyon gündüz ekibi işlerinde epey acemiydi. 4 yetişkin bir bebek iki oda olarak tatilbudur’dan rezervasyon yaptırdık oda kombinasyonu acenteden hazır gönderildiği halde oda düzenlenmesinin nasıl olduğunu anlamaları uzun sürdü. Odalar hazır olduğunda anahtarları verdiler ve biz söyleyene kadar kimse odaya eşlik etmek konusunda bir girişimde bulunmadı. Asansörün bozuk olduğunu, bebek arabasını üst kata kendimiz çıkarmamız gerektiği söylendi, bellboy yok mu diye sorduğumuzda tek bir kişi olduğunu onun da hasta olduğu için çalışmadığını söylediler ne yazık ki resepsiyon personeli kriz çözümü konusunda başarısızdı… ayrıca koridorun sonundaki asansörün çalıştığını da bir kaç saat sonra otelin fotoğrafçılarından öğrendik. Resepsiyon personelinin biliyor olması gereken bilgiyi alakasız birinden almak sinirlerimi bozmadı değil… bu problem haricinde her şey güzeldi, tek tek isim vermem ismini unuttuklarıma haksızlık olur, lobi bar, restoran, snack bar, 4.8 bar tüm çalışanlara teşekkür ederiz. İşini bu kadar özveriyle yapan, misafir memnuniyeti için bu kadar çabalayan bir ekip görmedim. Sadece otel personeli için bile tercih edilebilir bir otel. Alkol kalitesi ve kokteyller çok iyiydi. Otelin doğası muazzam özel bir koyda yer alıyor. Deniz hemen derinleşiyor ama temiz ve sakin. Kompakt bir tesis, özellikle çocuklu aileler için her alana ulaşım kolay. Oda hijyenine biraz daha özen gösterilebilir. Bir de yastıklar çok rahatsızdı. Yaklaşık on yıldır turizm sektöründe çalışan biri olarak otelden bağımsız Tatilbudur için şunu söylemeden geçemeyeceğim, otelde aquaparklı havuz tadilattaymış ancak bu bilgi sorduğum halde acente görevlisi tarafından verilmedi. Bir acente otelin rezervasyon ofisi olarak hizmet veriyorsa o acente personelinin otel personelinden bile daha fazla bilgiye sahip olması gerekir o otel hakkında.",Fiyat performans,4,May 2024,,Mayıs 2024,Aileyle seyahat etti,,,,,,34 katkı
Green Bay Resort & Spa,Çok güzel bir otel ailem ile geldim çok mutlu olduk çalışanları çok güler yüzlü yemekleri çok güzel herkese uygun tatlar mevcut çocukla geldiğimizde genelde hep zorluk çekerdik ama çocuk için çoğu şey düşünülmüş gayet güzel rahat bir tatil geçirdik bütün çalışanlara ve otel yönetimine teşekkür ederiz 🙏,Aile tatili,5,May 2024,,Mayıs 2024,Aileyle seyahat etti,,,,,,5 katkı
Green Bay Resort & Spa,Tatilimizde her yerde bize yardimci olan Can beye teşekkür ederiz. Servis kalitesi gerçekten çok iyi yemekler çok lezzetliydi odalar temiz her gece farklı etkinlikler duzenlinyor. Kokteyllerden mazlum beyin spesical kokteylini deneyin,Can beye teşekkürler,5,May 2024,,Mayıs 2024,Aileyle seyahat etti,,,,,,1 katkı
Green Bay Resort & Spa,alkol cenneti desek yeridir o nasıl kokteyller farklı tadlara alışmak lazım. bar sorumluluları can ve bırak beye teşekkür ederiz ilgi ve alakası için güler yüzlü personelleri yetişdirdikşeri için yemekler gayet iyidi odalar temizdi sahili mükemmel görüşmek üzere green bay ailesi,servis ekibi,5,May 2024,,Mayıs 2024,Aileyle seyahat etti,,,,,,1 katkı
Green Bay Resort & Spa,Servis ekibine öncelik vermek istiyorum hepsi güler yüzlü hızlı çocuklar için özellikle tavsiye ederim kokteyl içen birisi değilim ısrar üzerine verdiler ilk defa denedim alkol sek içilen bir sey degilmiş bütün tatil boyunca farklı kpkteyller denedım CAN. Şefe teşekkür ederim ilgi alaksı için ve şahin beye görüşmek üzere green bay ailesi,Aile için mükemmel,5,May 2024,,Mayıs 2024,Aileyle seyahat etti,,,,,,1 katkı
Green Bay Resort & Spa,Bir cok otel gezdim şunu anladım ben tatil falan yapmamışım Spesial kokteylleri deneyin mutlaka CAN şefe tavsiyrleri için çok teşekkür ederiz boyle güler yüzlü ekibi sağladığı için bir çok sey yazmak isterdim ama satırlara sığmaz teşekkürler green bay ailesi,Bar daki hikayemiz oldu tatil,5,May 2024,,Mayıs 2024,Aileyle seyahat etti,,,,,,2 katkı
Green Bay Resort & Spa,Öncelikle otelin herhangi bir aktivitesi yok bir yıldızı ordan kırdım çok sakin sessiz bir tatil isteyenler için ideal bir otel uygun fiyata gittiğimiz için pek bi eleştiri yapmak istemiyorum ama geliştirilmesi gerekentiğini düşünüyorum personelleri çok güleryüzlü çok yardımcı oluyorlar personel seçimleri oldukça iyi bardan nisa hanımla sohbet etme fırsatımız oldu her konuda yardımcı olmaya çalıştı çok memnun kaldık ayrıca teşekkür ediyorum:),Personeller,4,May 2024,,Mayıs 2024,Aileyle seyahat etti,,,,,,1 katkı
Green Bay Resort & Spa,Buraya geldigimizde bir hayalimiz vardi daha otesinde bir sey yasadik hic duymadigimiz kokteyller vardi basta tedirgindik sonrasinda mihtesem bir deneyim oldu bizim icin tatil boyu bizimle ilgilenen can sefe tesekkur etmek istiyoruz ve guler yuzlu servis ekibine tesekkurler green bay ailesi,Icecek kalitesi,5,May 2024,,Mayıs 2024,Arkadaşlarla seyahat etti,,,,,,1 katkı
Green Bay Resort & Spa,Bir çok yer gezdik bu kadar çeşit bulamadık efsane kokteyll çeşitleri vardı personel cok güler yüzlü her knuda yardım sever bar kaptanı can beye çok teşekkür ederim ilgi alakası için snack barda fırat usta lahmacunu efsaniydi güzel bir deneyimdi oldu teşekkür ederiz,Kokteyl cenneti,5,May 2024,,Mayıs 2024,Aileyle seyahat etti,,,,,,1 katkı
Green Bay Resort & Spa,Kokteyller efsaneydi mutlaka barlarda spesial kokteyller i deneyin servis arkadaşlar in hepsine teşekkür ederim oldukça güler yüzlüydu doğa konumu harikaydı odalar temiz ve düzenlydi 4.8 bar da oldukça eğlendik teşekkür Ler seneye görüşmek üzere,Bar ekibi,5,May 2024,,Mayıs 2024,Aileyle seyahat etti,,,,,,1 katkı
Green Bay Resort & Spa,Daha önce gittiğimiz yerlere göre kıyaslayınca mükemmel bir deneyim oldu bar şeflerinden abdulcana çok teseederiz ayrıca lezzetli yemekleriyle sefa beye teşekkür ederiz. Fırında Fırat beye mükemmeldi kokteyller ve sunumlar için teşekkür ederiz en önemlisi herkes güler yüzlüydü,Harika bir tatil,5,May 2024,,Mayıs 2024,Aileyle seyahat etti,,,,,,2 katkı
Green Bay Resort & Spa,Merhabalar güzel ve keyifli bir tatil geçirmek için seçilebilecek otellerden biri yemekler gerçekten çok lezzetli ve tazeydi . Alkoller orjinaldi .Havuzlar güzel ve temizdi. Oralar konforlu ve temizdi . Otel işletme müdüru ve hemşerim güvenlik müdürü ( Zonguldak ) ilgilendikleri için teşekkür ederim . Garsonlar Kemal Yakup cansu Sedat İsmail gerçekten bütün tatil boyunca bizimle ilgilendiler hizmetden asla eksik birakmadilar çok cana yakınlar hepsi gercekten bir aile olduk kardeşlerimizle .. otelin tek kötü tarafına gelelim arkadaşlar. Animasyon müdür Kasım kendini beğenmiş müşteri memnuniyetine özen vermeyen ukala ve saygısız bir kişiliğe sahiptir. Eğlence zamanı gelir müziği keser sesi kısar ukala ukala cevaplar verir canını sıkar. Tartışmaya girer saçma sapan konuşur tatlimizin içine eden kişi Kasım bey sizede teşekkür ederiz. Animosyonda sadece ümit diye bir arkdasimiz bizlere yardımcı oldu eğlendirdi . Gotmeden önce bunları göz önüne alınız ..,Saygısiz Kasım!!,3,May 2024,,Mayıs 2024,Aileyle seyahat etti,,,,,,2 katkı
Green Bay Resort & Spa,Barmen Sedatın ilgisi için teşekkür ederim gayet güzel hizmet verdi bize . Otelde böcek sıkıntısı çok düzeltilirse daha iyi olur. 4.8 bar akşam ekibinden Kemal ve Nisa hanımında ellerine sağlık baya bizi mutlu ettiler . Cankurtaran Mehmet beyefendiyede teşekkür ediyorum gereken ilgiyi oda bize gösterdi,İyi,4,May 2024,,Mayıs 2024,Aileyle seyahat etti,,,,,,1 katkı
Green Bay Resort & Spa,Bu yıl da tercih ettiğimiz green bay hotel daha önceki sezonlara göre personel ve işletme anlamında çok daha güzel olmuş. Ailemle birlikte çok memnun kaldık özellikle bar ve restaurant ekibinin güler yüz ilgi ve alakasından dolayı teşekkür etmek istediğim kişiler Cahit bey Şahin bey ve Güldeniz hanıma ismini bilmediğim tüm ekibe çok teşekkürler. Tekrar görüşmek üzere💯❤,Çok güzel ve eğlenceli,5,May 2024,,Mayıs 2024,Aileyle seyahat etti,,,,,,1 katkı
Green Bay Resort & Spa,Daha öncede tercih ettiğim green by otel bu yıl inanılmaz şaşırttı beni bar ve restaurant ekibi o kadar güler yüzlü ve ilgili ki kendimizi tam anlamıyla evimizde hissettik ayırı etten bu ekibin çocuklarıma yaklaşımı da çok memnun etti bizi yemeklerin lezzeti çok güzeldi genel anlamda önce ki yıllara göre çok daha memnun ve mutlu ayrıldık. Bu yaz ikinci tatilimiz de tekrar görüşmek üzere herşey için teşekkürler.,Harika çalışanlar,5,May 2024,,Mayıs 2024,Aileyle seyahat etti,,,,,,1 katkı
Green Bay Resort & Spa,Bodrumda muhteşem koy özelliği. Otel içerisinde her yere ulaşımın rahat olması çok güzel. Ön büroda Bayram Bey in yardımları ve insanı özel hissettiren yardımcı olma çabası görülmeye değerdi. Otelin içecek kalitesi üst seviyede. Yiyecek kötü değil ortalama seviyede. Personellerin ilgilenme ve yardımcı olma çabaları üst seviyede.,Tavsiye ederim,5,May 2024,,Mayıs 2024,Aileyle seyahat etti,,,,,,7 katkı
Green Bay Resort & Spa,Hangi otelin bünyesine katıldığını merak ettiğim otel. Crystal otel satmış. Geçen sene crystal bünyesindeyken de çok sevmiştim keşke satılmasaydı. Denizi koyu mükemmel . Ayrıca akşam eğlencelerinin olması da çok güzeldi. Daha lüks otellerde konakladım ama bu otelin ruhu farklıydı o yüzden merak ediyorum yeni adını bilgi verilirse de sevinirim.,Crystal,5,Şub 2024,,Haziran 2023,Aileyle seyahat etti,,,,,,3 katkı
Green Bay Resort & Spa,"Değerli Misafirimiz, Zamanınızı ayırıp otelimizle ilgili yorum yazdığınız için teşekkür ederiz! Bu tür eleştiriler sayesinde hizmet kalitemizi yükseltebiliyoruz. Misafirlerimize en iyi konaklama hizmetini sunmak isterken görülüyor ki bu sefer başarılı olamadık. Güveninizi tekrar kazanabilmek için bize bir şans verirseniz, diğer misafirlerimizin vazgeçemediği muhteşem konaklama deneyimlerini size de yaşatabilmek için elimizden geleni yapacağımızı garanti ederiz. Saygılarımızla,",Zayıf,1,Şub 2024,"İzmir, Türkiye",Ağustos 2023,Aileyle seyahat etti,,,,,,2 katkı
Green Bay Resort & Spa,"Otel ulaşılabilir olması açısından iyi. Fakat beklentimizin altında kaldı. Öncelikle ultra her şey dahil kapsamındaki bir otelde içeceğinizi bile kendiniz almamalısınız. Her yerde aynı içecek seçenekleri yok, sıcak istiyorsanız bir yere soğuk istiyorsanız başka bir yere gitmeniz gerekiyor. Türk gecesi tarzında bir gece yapılmıştı, onun dışında yemekler de çok iyi değildi. Temizlik açısından da yetersiz buldum, özellikle havuz çok pisti ve havuzun ortasındaki barın yer temizliği suları havuza gidiyordu. (Tatil dönüşü hastalandım üstelik) Odalar fena değildi, fakat odaların temizliği için de notlar bırakmazsanız süpürmüyorlar bile açıkçası. Minibarda su dolumu yapıldıysa gidip bir yemek yerinden sizin su almanız gerekiyor. Tekrar gitmeyeceğim bir otel oldu.",Beklentinin Çok altında Kaldı,2,Kas 2023,,Eylül 2023,Çift olarak seyahat etti,,,,,,2 katkı
Green Bay Resort & Spa,"Değerli misafirimiz Ahmet A, Öncelikle geçmiş olsun dilleklerimize sunarız. Tatiliniz için Crystal Green Bay Resort & Spa’yı tercih ettiğiniz için teşekkür ederiz. Crystal markasını tatil programınıza eklemeniz ve bu güzel yorumlarınız bizler için birer motivasyon kaynağıdır. Latif geri bildiriminiz için sizlere şükranlarımızı sunar, sağlıklı günler dileriz. Tekrar görüşmek dileğiyle Ahmet Derin İşletme Müdürü","güleryüzlü hizmet , temiz, hijyenik , güvenli",5,Eki 2023,,Ekim 2023,Çift olarak seyahat etti,,,,,,2 katkı
Green Bay Resort & Spa,"Değerli misafirimiz Neriman Ö, Tatiliniz için Crystal Green Bay Resort & Spa’yı tercih ettiğiniz için teşekkür ederiz. Crystal markasını tatil programınıza eklemeniz ve bu güzel yorumlarınız bizler için birer motivasyon kaynağıdır. Latif geri bildiriminiz için sizlere şükranlarımızı sunar, sağlıklı günler dileriz. Tekrar görüşmek dileğiyle Ahmet Derin İşletme Müdürü",Doğa manzaralı harika bir otel,5,Eki 2023,,Ekim 2023,Aileyle seyahat etti,,,,,,1 katkı
Green Bay Resort & Spa,"Oteliniz konum olarak dinlenmek için harika ,Bodrum a biraz uzak. Yemekler, sunum temizlik başarılı çalışanlar kibar ve özverili .Güngör şef ve Alakart restoran çok başarılı( çeşit ve lezzetler )Oteldeki dans festivali ,animasyondaki başarılı gruplar, canlı müzik grupları günü dolu dolu yaşatmakta .Tek olumsuz yan Bodrum denince akla gelen ışıltılı deniz burada maalesef bulanık durgun ne yazık ki hayallerimizi yıktı. sizlere güzel anılar için teşekkürler.",TATİL ÖZETİ,4,Eki 2023,,Eylül 2023,Aileyle seyahat etti,,,,,,1 katkı
Green Bay Resort & Spa,"Değerli misafirimiz Nurcan B, Tatiliniz için Crystal Green Bay Resort & Spa’yı tercih ettiğiniz için teşekkür ederiz. Crystal markasını tatil programınıza eklemeniz ve bu güzel yorumlarınız bizler için birer motivasyon kaynağıdır. Latif geri bildiriminiz için sizlere şükranlarımızı sunar, sağlıklı günler dileriz. Tekrar görüşmek dileğiyle Ahmet Derin İşletme Müdürü",Çok iyi,5,Eki 2023,,Ekim 2023,Çift olarak seyahat etti,,,,,,1 katkı
Green Bay Resort & Spa,"Değerli misafirimiz Fatih D, Tatiliniz için Crystal Green Bay Resort & Spa’yı tercih ettiğiniz için teşekkür ederiz. Crystal markasını tatil programınıza eklemeniz ve bu güzel yorumlarınız bizler için birer motivasyon kaynağıdır. Latif geri bildiriminiz için sizlere şükranlarımızı sunar, sağlıklı günler dileriz. Tekrar görüşmek dileğiyle Ahmet Derin İşletme Müdürü",Tek başına mükemmel bir tatil yeri.,5,Eki 2023,,Ekim 2023,Aileyle seyahat etti,,,,,,1 katkı
Green Bay Resort & Spa,"Otel temiz ve güzeldi. Çalışanlar güler yüzlüydü. Yemeklerde gayet yeterli ve lezzetliydi. ,Denizi de beğendim. Fakat otel için bir iki ufak eleştirim olacak. Bunlardan ilki otelin bence yenilenmeye ihtiyacı var temiz fakat biraz eski bir otel. Odalara belki sinek teli yapılabilir çünkü etraf yeşillik olduğu için çok fazla sinek böcek içeri girebiliyor. İçki kalitesi bence iyi en azından bilindik markalar var. O konuda sıkıntı yok fakat bence barmenler başarılı değil çünkü en temel kokteylleri bile çok iyi yapamıyorlar. Yani en kaliteli içkide olsa yine kokteyl konusunda vasat kalıyor otel. Ve otel broşüründe belirtilen bira çeşitlerinin olduğu beer gardenda sadece otelin her yerinde olan tek bir bira var. Yine broşürde olan disco pandeminden beri kapalıymış ama hala broşürde yazıyor. Ya broşür yenilenmeli ya da broşürde olan şeyler misafirlere sunulmalı. Bu yazmış olduğum bir iki eksiklik dışında bence güzel bir otel biz memnun kaldık.",Keyifli ve güzel bir tatildi,4,Eki 2023,,Eylül 2023,Aileyle seyahat etti,,,,,,3 katkı
Green Bay Resort & Spa,"Saat 14.30 da otele gelmemize ragmen odamızın hazır olmadıgını söylediler.Saat 16.30 da odaya giriş yapabildik.Odalarda Tv kanalları eksikti görüntü kalitesi çok kötüydü.Balkonlar diger odanın balkonuyla beraberdi aradaki engelin bir faydası olmamış.Yan odanın balkonuna çıkan bizim odanın balkonuna çıkmış gibiydi.1205 numaralı odada kaldık.Odamızın altında çalısan personellerin her sabah geldiği makina dairesi gibi birsey vardı seslerinden hiç uyuyamadık.Onun dısında yemek kalitesi,animasyon gösterileri vs.güzeldi memnun kaldık.",NE ŞİŞ YANSIN NE KEBAP,3,Eki 2023,,Eylül 2023,Çift olarak seyahat etti,,,,,,1 katkı
Green Bay Resort & Spa,"Ailecek 6 gece konaklamış bir misafiniz olarak otelden genel olarak memnun kaldım ancak eksik gördüğüm birkaç hususa da değinmeden geçmeyeceğim. Çünkü bunlar az maliyetli ancak misafirler açısından gayet önemli detaylar: 1. Otelde odalar dışarısı hafif serin olmasına rağmen çok sıcak ve basık, bu nedenle cam açılması gerekiyor ancak sineklik olmadığı için açamıyorsunuz. Çünkü ormanlık bir alan olduğundan ilaçlama da yapsanız sivrisinek, arı vs. giriyor. Klimanın da konumu gereği devamlı açamıyorsunuz çünkü direk yatak hizasında, yani basit bir sineklik çok önemli detay. Neden bu maliyetten kaçınılmış anlamak güç. 2. Otelde bebek arabası ya da engelliler için yürüme alanları çok az düşünülmüş. Plajda buna dair bir yol yok, araba kuma saplanıyor. Asansörlerin hepsini kullanamıyorsunuz çünkü bazılarının geçişlerinde merdiven var. Kaldığımız dönemde yakın olan asansör de arızalıydı ve yapılmadı. Yani bir yere inip çıkmak için neredeyse bütün katı dolaşmak zorunda kalıyorsunuz. Ayrıca amfitiyatronun bulunduğu alana geçmek için de rampa yoktu, rampa olan yer otelin en uç noktasında. Bunlar basit ama önemli detaylar. 3. Otelde snack bar bölümü iddia ediyorum self servis olsa daha verimli çalışırdı hem de personeli başka yere kaydırırdınız. Çünkü sipariş usulü, yoğunluk olduğu zaman çok bekliyorsunuz. Personel çok yetersiz. 3-4 sayfa menü var ancak tüketebileceğiniz ürünler sınırlı. Zaten gerek yok, otelde 3 öğün açık büfe yemek var. Daha az seçenek ve self servisle bu iş çözülebilirdi. 4. Temizlik konusunda ise odalar ve eşyalar daha temiz olabilir. Burada kesinlikle görevli hanımlara en ufak serzenişim yok çünkü hiç boş kalmıyorlar, personel yetersiz. 5. Otelde her an doktor bulamıyorsunuz, ihtiyaç halinde randevuyla geliyormuş acil bir durumda bu sıkıntı nasıl çözülür bilemiyorum. 6. Deniz konusunda ise otelin belki yapabileceği çok bir şey var mı emin değilim, genelde kirli ve bulanıktı. Koy olduğu için dalga olmadığından deniz hep olumsuzdu. Ayrıca çok çabuk derinleşiyor, yüzme bilmeyenlerin kullanabilmesi çok güç. Bu madde diğerlerine göre ciddi maliyet ister çünkü bir koyu temizletmek, kum getirmek vs. birçok prosedür ve paraya bağlı. Bu yapılırsa zaten otelin fiyatı da yükselir diye düşünüyorum ancak karşılığını da alırlar kanaatindeyim. Bu altı madde dışında rahatsız olduğumuz ciddi şeyler olmadı. Otel doğası ve konumuyla çok güzel bir yerde. Özellikle yemekler konusunda inanılmaz doyurucu. Seçenek çok fazla hiçbir problem yaşamıyorsunuz. Belki tatlılar biraz daha iyi olabilir. Sonuçta fiyat/performans olarak bakmak zorundayız. A la carte bölüme ise ayrı bir parantez açmak gerekiyor, lezzet ve sunum açısından inanılmazdı. Animatör arkadaşların güler yüzü ve çabası takdire şayandı. Diğer görevliler açısından da olumsuz en ufak bir şey olmadı. Hepsi gücü yettiğince misafirlerle ilgileniyor, tebessümle işlerini yapmaya çalışıyorlardı. Ancak çok fazla yorulduklarını söyleyebilirim. Dediğim gibi bu büyüklükte otel için çalışan sayısının biraz daha fazla olması lazım. Barlarda kaliteli alkollü/alkolsüz içkiler. Lobideki barda ayrıca doğal çaylar her şey çok güzeldi. Sonuç olarak yukarıda saydığım problemler çözülürse daha sık ziyaret edeceğim , önerebileceğim otellerden biri olabilir. Bunlara rağmen yine de ailecek çok keyifli tatil geçirdik çünkü artıları kesinlikle eksilerinden daha fazla.",Yeşille Mavinin Birleştiği Yer,4,Eki 2023,,Eylül 2023,Aileyle seyahat etti,,,,,,1 katkı
Green Bay Resort & Spa,"Değerli misafirimiz Gökhan G, Tatiliniz için Crystal Green Bay Resort & Spa’yı tercih ettiğiniz için teşekkür ederiz. Crystal markasını tatil programınıza eklemeniz ve bu güzel yorumlarınız bizler için birer motivasyon kaynağıdır. Latif geri bildiriminiz için sizlere şükranlarımızı sunar, sağlıklı günler dileriz. Tekrar görüşmek dileğiyle Ahmet Derin İşletme Müdürü",Ne iyi ne kötü,3,Eyl 2023,,Eylül 2023,Aileyle seyahat etti,,,,,,1 katkı
Green Bay Resort & Spa,"Değerli misafirimiz Serdar D, Tatiliniz için Crystal Green Bay Resort & Spa’yı tercih ettiğiniz için teşekkür ederiz. Crystal markasını tatil programınıza eklemeniz ve bu güzel yorumlarınız bizler için birer motivasyon kaynağıdır. Latif geri bildiriminiz için sizlere şükranlarımızı sunar, sağlıklı günler dileriz. Tekrar görüşmek dileğiyle Ahmet Derin İşletme Müdürü",Teşekkürler otel crystal green bay yöneticileri ve çalışanları.,5,Eki 2023,"Balıkesir İli, Türkiye",Eylül 2023,Aileyle seyahat etti,,,,,,10 katkı
Green Bay Resort & Spa,"Değerli Misafirimiz İdil Yılmaz, Tatiliniz için Crystal Green Bay Resort & Spa’yı tercih ettiğiniz için teşekkür ederiz. Crystal markasını tatil programınıza eklemeniz ve bu güzel yorumlarınız bizler için birer motivasyon kaynağıdır. İdil hanım, Denizimiz tamamen doğal kendi yapısı, su sirkülasyonu olmadığı için bu şekildedir. Ama Tamamen temizdir. Latif geri bildiriminiz için sizlere şükranlarımızı sunar, sağlıklı günler dileriz. Tekrar görüşmek dileğiyle Ahmet Derin İşletme Müdürü",eylültatili,4,Eyl 2023,"İzmir, Türkiye",Eylül 2023,Arkadaşlarla seyahat etti,,,,,,1 katkı
Green Bay Resort & Spa,"Değerli misafirimiz İlknur K, Tatiliniz için Crystal Green Bay Resort & Spa’yı tercih ettiğiniz için teşekkür ederiz. Crystal markasını tatil programınıza eklemeniz ve bu güzel yorumlarınız bizler için birer motivasyon kaynağıdır. Latif geri bildiriminiz için sizlere şükranlarımızı sunar, sağlıklı günler dileriz. Tekrar görüşmek dileğiyle Ahmet Derin İşletme Müdürü",Her şey çok güzeldi,5,Eyl 2023,,Eylül 2023,Aileyle seyahat etti,,,,,,1 katkı
Green Bay Resort & Spa,21 eylül -24 eylül te gittiğimiz otelde herşey çok güzeldi karşılamadan itibaren bütün çalışanlar güler yüzlü ve yardımseverdi. Her dakika yiyecek içecek alabileceğimiz güzel bar ve snak ler mevcuttu aktiviteleri ve yemek çeşitliliği çok fazlaydı. Aktivite sonrası ödüller yetersizdi. İçki kalitesi arttırılabilir biraz eksikler vardı. Gece şovları canlı müzikler yeterliydi. Koy olduğu için deniz berrak değildi ve hemen derinleşiyordu. Genel olarak eşimle gittiğim tatilden memnun ayrıldım.,ARTILARIYLA EKSİLERİYLE MÜKEMMELDİ,5,Eyl 2023,,Eylül 2023,Çift olarak seyahat etti,,,,,,2 katkı
Green Bay Resort & Spa,"Değerli misafirimiz Hasan Hezer, Tatiliniz için Crystal Green Bay Resort & Spa’yı tercih ettiğiniz için teşekkür ederiz. Crystal markasını tatil programınıza eklemeniz ve bu güzel yorumlarınız bizler için birer motivasyon kaynağıdır. Latif geri bildiriminiz için sizlere şükranlarımızı sunar, sağlıklı günler dileriz. Tekrar görüşmek dileğiyle.. Ahmet Derin İşletme Müdürü",Teşekkür herşey çok guzeldi,5,Eyl 2023,,Eylül 2023,İş için seyahat etti,,,,,,2 katkı
Green Bay Resort & Spa,Otelin konumu gerçekten harika denizi çok güzel sadeliği doğa harikası bir yer yemeklere değinmeden geçmem mümkün değil açık büfesi sneak alakartı ve özellikle Alakart restoranında yediğimiz yemekler harikaydı aşçıbaşı güngör usta bizimle çok ilgilendi sağolsun sanki evde hazırlamışız gibi yemekler yedik bizim için güzel bir hatıra oldu güzel insanlar tanıdık herşey için teşekkürler crystal green bay ailesi :),Harika yemekler ve ilgi alaka harika,5,Eyl 2023,,Eylül 2023,Arkadaşlarla seyahat etti,,,,,,3 katkı
Green Bay Resort & Spa,"Değerli misafirimiz Nurseda D, Tatiliniz için Crystal Green Bay Resort & Spa’yı tercih ettiğiniz için teşekkür ederiz. Crystal markasını tatil programınıza eklemeniz ve bu güzel yorumlarınız bizler için birer motivasyon kaynağıdır. Latif geri bildiriminiz için sizlere şükranlarımızı sunar, sağlıklı günler dileriz. Tekrar görüşmek dileğiyle... Ahmet Derin İşletme Müdürü",Tatil için güzel olan otel,5,Eyl 2023,,Eylül 2023,Aileyle seyahat etti,,,,,,1 katkı
Green Bay Resort & Spa,"4 gece 5 gündüz konakladık. Heryer tertemiz pırıl pırıl. Temizlik konusunda, personellerin güler yüzü,saygı konusunda, konfor konusunda ne kadar yıldız verilebiliyorsa o kadar yıldızların hepsini verebilirim. Olumsuz hiçbişrşey yoktu. Yemekleri çeşit olarak lezzet olarak harikaydı. 4 yaşındaki oğlum bile dolu dolu eğlenerek harika bir tatil geçirdi. O kadar çok aktivite ve etkinlikler oluyor ki hiç sıkılmıyorsunuz. Şüphesiz tavsiyebilirim.",Güzel bir tatil,5,Eyl 2023,,Eylül 2023,Aileyle seyahat etti,,,,,,1 katkı
Green Bay Resort & Spa,"Sayın Misafirimiz Daydream56765697049 , Crystal Hotels otelimizi tercih ettiğiniz için en içten teşekkürlerimizi sunar, konaklama deneyiminizi paylaşmak için ayırdığınız zamanın bizler için son derece kıymetli olduğunu bilmenizi isteriz. En kısa zamanda sizleri tekrar ağırlamak ve Crystal Hotels farkını yeniden yaşatmak dileklerimizle... Saygılarımızla, Ahmet DERİN Otel Müdürü",10/10,5,Eyl 2023,,Eylül 2023,Aileyle seyahat etti,,,,,,1 katkı
Green Bay Resort & Spa,"Sayın Misafirimiz Yasemin, Crystal Hotels otelimizi tercih ettiğiniz için en içten teşekkürlerimizi sunar, konaklama deneyiminizi paylaşmak için ayırdığınız zamanın bizler için son derece kıymetli olduğunu bilmenizi isteriz. En kısa zamanda sizleri tekrar ağırlamak ve Crystal Hotels farkını yeniden yaşatmak dileklerimizle... Saygılarımızla, Ahmet DERİN Otel Müdürü",Guzel,5,Eyl 2023,,Eylül 2023,Çift olarak seyahat etti,,,,,,1 katkı
Green Bay Resort & Spa,"Sayın Misafirimiz Varol İ, Crystal Hotels otelimizi tercih ettiğiniz için en içten teşekkürlerimizi sunar, konaklama deneyiminizi paylaşmak için ayırdığınız zamanın bizler için son derece kıymetli olduğunu bilmenizi isteriz. En kısa zamanda sizleri tekrar ağırlamak ve Crystal Hotels farkını yeniden yaşatmak dileklerimizle... Saygılarımızla, Ahmet DERİN Otel Müdürü",Mavi ve yeşilin birleştiği Harika bir otel,4,Eyl 2023,,Eylül 2023,Çift olarak seyahat etti,,,,,,2 katkı
Green Bay Resort & Spa,"Değerli konuğumuz 614elzem, Tatiliniz için Crystal Green Bay Resort & Spa’yı tercih ettiğiniz için teşekkür ederiz. Crystal markasını tatil programınıza eklemeniz ve bu güzel yorumlarınız bizler için birer motivasyon kaynağıdır. Latif geri bildiriminiz için sizlere şükranlarımızı sunarız. Tekrar görüşmek dileğiyle Ahmet Derin İşletme Müdürü",Öneri,5,Eyl 2023,,Eylül 2023,Çift olarak seyahat etti,,,,,,1 katkı
Green Bay Resort & Spa,"Denizi , yemekleri, kokteylleri güzeldi. özellikle de servis personelleri çok iyi güler yüzlü pırıl pırıl insanlardı ( restauranttaki aşçılara servis yapanlara , bardaki arkadaşlarımıza hepsi). Kids Clup oluşu , orada öğle ve akşam yemeği çıkması en büyük artıydı. Kids clup KATTY ve ekip arkadaşlarına çok teşekkür ederim. Otelin eksik yanları ; oda gerçekten küçüktü,her barda farklı bir şeyler vardı ve içmek istediğimiz şeyler için oradan oraya gitmek gerekebiliyordu çocuk olduğu için vazgeçtik çoğu istediğimiz şeyden. Çekirdek kahve yada filtre kahve olmayışı kötüydü , makinadan nescafe gibi birşey çıkıyordu kahve içmek istediğimizde . Fiyat biraz yüksekti bu oda konseptine. F/P olarak bakıldıgında",Güleryüzlü personel,3,Eyl 2023,,Eylül 2023,Aileyle seyahat etti,,,,,,1 katkı
Green Bay Resort & Spa,"Fiyat performans olarak Bodrum’daki en iyi otellerden biri olduğunu söyleyebilirim. Öncelikle yemekler çok iyi ve her zevke hitap ediyor. Yani iskender döner de yiyebiliyorsunuz, karideste o kadar geniş bir yelpaze var. Otel özel bir koyun tam ortasında ve etrafı yem yeşil çam ormanıyla çevrili, otelin içi de yine yeşil ve palmiye ağaçları ayrı bir hava katıyor. Odaların, havlu ve nevresimlerin temizliği de kusursuz. 2 çift 4 gün kaldık ve doyamadık. Hatta tatilimizi 3 gün daha uzatmak istedik. Fakat tamamen dolu olduğundan maalesef devam edemedik. Bu arada çalışanlar gerçekten sıcakkanlı, misafirperver ve güler yüzlüler. Ancak kesinlikle laubali ya da yılışık değiller. Kısacası çok güzel bir tesis ve çok iyi işletiliyor. Kesinlikle tavsiye ederim.",Tek kelimeyle “Harika”,5,Eyl 2023,"İzmir, Türkiye",Eylül 2023,Çift olarak seyahat etti,,,,,,11 katkı
Green Bay Resort & Spa,"Değerli konuğumuz, Tatiliniz için Crystal Green Bay Resort & Spa’yı tercih ettiğiniz için teşekkür ederiz. Crystal markasını tatil programınıza eklemeniz ve bu güzel yorumlarınız bizler için birer motivasyon kaynağıdır. Latif geri bildiriminiz için sizlere şükranlarımızı sunarız. Tekrar görüşmek dileğiyle Ahmet Derin İşletme Müdürü",Güzel tatil,5,Eyl 2023,,Eylül 2023,Arkadaşlarla seyahat etti,,,,,,1 katkı
Green Bay Resort & Spa,"Çok memnun kaldık. Koy mükemmel, sakin, tertemiz, dalga yok mis gibi. Personeller çok iyiler, ihtiyaç durumunda hemen yardımcı oluyorlar ve çok güleryüzlüler. Gittiğimiz tarihte otel doluydu ama çok geniş alan olduğu için kalabalığı hissetmiyorsun, sıra bekleme yok, sistem o kadar güzel oturmuş ki tıkır tıkır işliyor. Benim için en büyük kıstas yemek malzeme kalitesidir ve çok başarılıydı. Hiç rahatsız olmadım. Odalar temizdi. Canlı müzik performansları ve amfitiyatro showları çok iyi çok etkileyici. Emek veren herkese çok teşekkür ederim. Daha önce de Crystal Flora Beach'te kalmıştık. Italyan Alacarte restorana randevu yapıp gittik çok çok iyiydi.",Crystal yine memnun etti,5,Eyl 2023,,Ağustos 2023,Aileyle seyahat etti,,,,,,1 katkı
Green Bay Resort & Spa,"Değerli konuğumuz, Zaman ayırarak tesisimiz hakkındaki görüşlerinizi ilettiğiniz için teşekkür ederiz. Crystal Hotels Resorts & Spa Ailesi olarak amacımız her geçen gün kendimizi yenileyerek servis ve hizmet kalitemizi daha üst seviyelere çıkarmaktır. Sizlerden gelen her türlü şikayet, eleştiri ve öneriler değerlendirilmekte ve bu doğrultuda gerekli çalışmalar yapılmaktadır. Eda hanım, tüm olumsuz yorumlarınız ilgili departmanlara iletilmiş ve hızlı bir şekilde gerekli aksiyonlar alınmıştır.İlgili departman çalışanlarına davranış ve mesleki eğitimler tekrardan verilmiştir. Sizleri tekrardan otelimizde ağırlamak ve mutlu bir şekilde uğurlamak için bizlere bir şans daha vermenizi çok isteriz. Bizleri tekrar tercih ederseniz lütfen misafir ilişkileri müdüremiz Sevcan hanım ile iletişime geçmeyi unutmayınız(gr.greenbay@crystalhotles.com.tr) Sizi tekrar aramızda görebilmek dileğiyle. Saygılarımızla, Ahmet Derin İşletme Müdürü",Beklentinin altında,2,Eyl 2023,,Eylül 2023,Aileyle seyahat etti,,,,,,1 katkı
Green Bay Resort & Spa,"Değerli misafirimiz Alican Bahar, Tatiliniz için Crystal Green Bay Resort & Spa’yı tercih ettiğiniz için teşekkür ederiz. Crystal markasını tatil programınıza eklemeniz ve bu güzel yorumlarınız bizler için birer motivasyon kaynağıdır. Latif geri bildiriminiz için sizlere şükranlarımızı sunarız. En kısa zamanda sizleri tekrar ağırlamak ve Crystal Hotels farkını yeniden yaşatmak dileklerimizle... Saygılarımızla, Ahmet DERİN Otel Müdürü",Harika bir tatil yaptık,5,Eyl 2023,,Eylül 2023,Çift olarak seyahat etti,,,,,,2 katkı
Green Bay Resort & Spa,"Değerli misafirimiz Talha Şahin, Tatiliniz için Crystal Green Bay Resort & Spa’yı tercih ettiğiniz için teşekkür ederiz. Crystal markasını tatil programınıza eklemeniz ve bu güzel yorumlarınız bizler için birer motivasyon kaynağıdır. Latif geri bildiriminiz için sizlere şükranlarımızı sunarız. En kısa zamanda sizleri tekrar ağırlamak ve Crystal Hotels farkını yeniden yaşatmak dileklerimizle... Saygılarımızla, Ahmet DERİN Otel Müdürü",Fiyat Performans Oteli Tamamen,4,Eyl 2023,Türkiye,Eylül 2023,Aileyle seyahat etti,,,,,,1 katkı
Green Bay Resort & Spa,"Değerli misafirimiz Mute O, Tatiliniz için Crystal Green Bay Resort & Spa’yı tercih ettiğiniz için teşekkür ederiz. Crystal markasını tatil programınıza eklemeniz ve bu güzel yorumlarınız bizler için birer motivasyon kaynağıdır.Latif geri bildiriminiz için sizlere şükranlarımızı sunarız.En kısa zamanda sizleri tekrar ağırlamak ve Crystal Hotels farkını yeniden yaşatmak dileklerimizle... Saygılarımızla, Ahmet DERİN Otel Müdürü",Mükemmel,5,Eyl 2023,,Eylül 2023,Arkadaşlarla seyahat etti,,,,,,6 katkı
Green Bay Resort & Spa,Yaz tatili için hotele gittim. otel dışı ücretsiz aktiviteleri çeşitli ve çok kaliteliydi. birden fazla havuz ve deniz sahiline sahip. tenis kortu ve plaj voleybolu aktivitileri de çok güzeldi. tüm deneyiyim çok iyiydi.,wellness,5,Eyl 2023,,Eylül 2023,Arkadaşlarla seyahat etti,,,,,,2 katkı
Green Bay Resort & Spa,"Değerli misafirimiz Levent Ş, Tatiliniz için Crystal Green Bay Resort & Spa’yı tercih ettiğiniz için teşekkür ederiz. Crystal markasını tatil programınıza eklemeniz ve bu güzel yorumlarınız bizler için birer motivasyon kaynağıdır. Latif geri bildiriminiz için sizlere şükranlarımızı sunarız. En kısa zamanda sizleri tekrar ağırlamak ve Crystal Hotels farkını yeniden yaşatmak dileklerimizle... Saygılarımızla, Ahmet DERİN Otel Müdürü",Tam bir aile oteli,5,Eyl 2023,,Eylül 2023,Aileyle seyahat etti,,,,,,1 katkı
Green Bay Resort & Spa,"Değerli misafirimiz Halil B, Tatiliniz için Crystal Green Bay Resort & Spa’yı tercih ettiğiniz için teşekkür ederiz. Crystal markasını tatil programınıza eklemeniz ve bu güzel yorumlarınız bizler için birer motivasyon kaynağıdır.Latif geri bildiriminiz için sizlere şükranlarımızı sunarız.En kısa zamanda sizleri tekrar ağırlamak ve Crystal Hotels farkını yeniden yaşatmak dileklerimizle... Saygılarımızla, Ahmet DERİN Otel Müdürü",Teşekkür ederiz,5,Eyl 2023,,Eylül 2023,Aileyle seyahat etti,,,,,,2 katkı
Green Bay Resort & Spa,"Değerli misafirimiz Çiğdem U, Tatiliniz için Crystal Green Bay Resort & Spa’yı tercih ettiğiniz için teşekkür ederiz. Crystal markasını tatil programınıza eklemeniz ve bu güzel yorumlarınız bizler için birer motivasyon kaynağıdır.Latif geri bildiriminiz için sizlere şükranlarımızı sunarız.En kısa zamanda sizleri tekrar ağırlamak ve Crystal Hotels farkını yeniden yaşatmak dileklerimizle... Saygılarımızla, Ahmet DERİN Otel Müdürü",Herşey guzeldı,5,Eyl 2023,,Eylül 2023,Aileyle seyahat etti,,,,,,1 katkı
Green Bay Resort & Spa,"Değerli misafirimiz Özgür Ç, Tatiliniz için Crystal Green Bay Resort & Spa’yı tercih ettiğiniz için teşekkür ederiz. Crystal markasını tatil programınıza eklemeniz ve bu güzel yorumlarınız bizler için birer motivasyon kaynağıdır.Latif geri bildiriminiz için sizlere şükranlarımızı sunarız.En kısa zamanda sizleri tekrar ağırlamak ve Crystal Hotels farkını yeniden yaşatmak dileklerimizle... Saygılarımızla, Ahmet DERİN Otel Müdürü",Çok güzel muhteşem bir işletme,5,Eyl 2023,,Eylül 2023,Çift olarak seyahat etti,,,,,,1 katkı
Green Bay Resort & Spa,"Değerli misafirimiz Zeynel K, Tatiliniz için Crystal Green Bay Resort & Spa’yı tercih ettiğiniz için teşekkür ederiz. Crystal markasını tatil programınıza eklemeniz ve bu güzel yorumlarınız bizler için birer motivasyon kaynağıdır.Latif geri bildiriminiz için sizlere şükranlarımızı sunarız.En kısa zamanda sizleri tekrar ağırlamak ve Crystal Hotels farkını yeniden yaşatmak dileklerimizle... Saygılarımızla, Ahmet DERİN Otel Müdürü",Süper,5,Eyl 2023,,Eylül 2023,Aileyle seyahat etti,,,,,,1 katkı
Green Bay Resort & Spa,"Sayın Misafirimiz Selim T, Crystal Hotels otelimizi tercih ettiğiniz için en içten teşekkürlerimizi sunar, konaklama deneyiminizi paylaşmak için ayırdığınız zamanın bizler için son derece kıymetli olduğunu bilmenizi isteriz. En kısa zamanda sizleri tekrar ağırlamak ve Crystal Hotels farkını yeniden yaşatmak dileklerimizle... Saygılarımızla, Ahmet DERİN Otel Müdürü",En keyif aldığım en pozitif enerji veren tatildi,5,Eyl 2023,,Eylül 2023,Aileyle seyahat etti,,,,,,1 katkı
Green Bay Resort & Spa,Iki aile olarak konaklama yaptık.Bugun son günümüz.Vaktimiz olsaydı uzatmayı planlıyorduk.Diğer arkadaşlarımız 2 gün daha uzatacaklar. Çok memnun kaldık. Yemekleri özellikle çok özleyeceğiz.Hergün farklı animasyonlar ve canlı müzik programları var.Animasyondaki arkadaşlara ilgi ve alakalarına çok teşekkür ediyoruz:Çocuklar için her aktivite mevcut.özellikle çocuklu aileler tercih edebilir.Odalar çok temiz. Hergün oda temizliği yapıldı. Bu anlamda da çok memnun kaldık. Hem alkollü hem alkolsüz İçecekler konusunda marka içecekler var bu anlamda takıntısı olanlar içinde iyi.,Doğa harikası bir otel,5,Eyl 2023,,Eylül 2023,Aileyle seyahat etti,,,,,,1 katkı
Green Bay Resort & Spa,"Otelin yemekleri, çeşitliliği ve lezzetleri mükemmel. Kısa sürelerde değil, 12.00-17.00 saatler aralığında gibi uzun sürelerde waffle, dondurma, gözleme, hamburger gibi doyurucu aperatifler var. Snack bar alakart sipariş alıyor ve günün her saati açık 7/24. Büfelerde çetiş çok fazla olduğu için uzun kuyruklar beklemiyorsunuz. Oda temizliğine söylenecek söz yok. Kat hizmetleri oldukça ilgili ve tüm hizmetler eksiksiz görülüyor. Otel çok büyük. Bunun yanında personel yeterli. Hizmette hiçbir sıkıntı çekmedik. Tüm isteklerimiz zamanında yerine getirildi. Havuzlar ve denizdeki şezlong, servis hizmetleri yeterliydi. Yer bulunmama gibi bi durumu olmuyor. Tüm bu güzelliklere tek dezavantajlı durum denizi koy ve önünde bir ada var, bundan kaynaklı çok fazla su sirkülasyonu olanıyor. Deniz genel anlamıyla bir miktar bulanık. Bunu bilerek tercih edilmesini öneririm. Aktiviteler yeterli ve eğlenceliydi. 21.30-22.30 arası dışarıdan gelen dans, ateş gösterisi vs gruplarına yer veriliyor. 22.30-00.00 saatlerinde de canlı müzik, latin gecesi, 80’s party gibi konseplere yer veriliyor. 6 günlük tatil deneyimimizde oldukça memnun kaldık. Tüm crystal green bay resort ailesine çok teşekkür ederiz 🙏🏼",Tertemiz bir aile oteli,5,Eyl 2023,,Eylül 2023,Çift olarak seyahat etti,,,,,,4 katkı
Green Bay Resort & Spa,"Değerli misafirimiz Ogün S, Tatiliniz için Crystal Green Bay Resort & Spa’yı tercih ettiğiniz için teşekkür ederiz. Crystal markasını tatil programınıza eklemeniz ve bu güzel yorumlarınız bizler için birer motivasyon kaynağıdır.Latif geri bildiriminiz için sizlere şükranlarımızı sunarız.En kısa zamanda sizleri tekrar ağırlamak ve Crystal Hotels farkını yeniden yaşatmak dileklerimizle... Saygılarımızla, Ahmet DERİN Otel Müdürü","Aile oteli, doğayla mükemmel bir birliktelik",5,Eyl 2023,,Eylül 2023,Aileyle seyahat etti,,,,,,1 katkı
Green Bay Resort & Spa,"Değerli misafirimiz Berin N, Tatiliniz için Crystal Green Bay Resort & Spa’yı tercih ettiğiniz için teşekkür ederiz. Crystal markasını tatil programınıza eklemeniz ve bu güzel yorumlarınız bizler için birer motivasyon kaynağıdır. Latif geri bildiriminiz için sizlere şükranlarımızı sunarız. En kısa zamanda sizleri tekrar ağırlamak ve Crystal Hotels farkını yeniden yaşatmak dileklerimizle... Saygılarımızla, Ahmet DERİN Otel Müdürü",Keyifli bir tatildi,5,Eyl 2023,,Eylül 2023,Çift olarak seyahat etti,,,,,,1 katkı
Green Bay Resort & Spa,"Değerli misafirimiz Travel793051, Tatiliniz için Crystal Green Bay Resort & Spa’yı tercih ettiğiniz için teşekkür ederiz. Crystal markasını tatil programınıza eklemeniz ve bu güzel yorumlarınız bizler için birer motivasyon kaynağıdır. Latif geri bildiriminiz için sizlere şükranlarımızı sunarız. En kısa zamanda sizleri tekrar ağırlamak ve Crystal Hotels farkını yeniden yaşatmak dileklerimizle... Saygılarımızla, Ahmet DERİN Otel Müdürü",Eylül 2023 Tatili,5,Eyl 2023,,Eylül 2023,Çift olarak seyahat etti,,,,,,1 katkı
Green Bay Resort & Spa,Ailemizle çok memnun kaldığımız bir tatil oldu. Çocuklarla tercih edilebilecek bir otel. Mini clubı şahane. Oradaki tüm çalışanlara ayrı ayrı çok teşekkür ederiz Mete ile çok ilgilendiler. Animasyonlar çok güzeldi. Hiç sıkılmadan 6 gün dolu dolu geçti. Her akşam beach voleybol oynadık dart turnuvasına katıldık havalı tüfekle atış yaptık. Madalyalar kazandık. Başta İbrahim ve Damla olmak üzere tüm animasyon ekibine çok teşekkür ederiz. Yine görüşmek üzere..,Yüzde yüz tavsiye,4,Eyl 2023,,Eylül 2023,Aileyle seyahat etti,,,,,,1 katkı
Green Bay Resort & Spa,"Değerli misafirimiz Yasemin G, Tatiliniz için Crystal Green Bay Resort & Spa’yı tercih ettiğiniz için teşekkür ederiz. Crystal markasını tatil programınıza eklemeniz ve bu güzel yorumlarınız bizler için birer motivasyon kaynağıdır. Latif geri bildiriminiz için sizlere şükranlarımızı sunarız. En kısa zamanda sizleri tekrar ağırlamak ve Crystal Hotels farkını yeniden yaşatmak dileklerimizle... Saygılarımızla, Ahmet DERİN Otel Müdürü",Seneye görüşürüz,5,Eyl 2023,,Eylül 2023,Çift olarak seyahat etti,,,,,,1 katkı
Green Bay Resort & Spa,"Değerli Misafirimiz İrem, Crystal Green Bay Resort & Spa otelimizi tercih ettiğiniz için en içten teşekkürlerimizi sunarız. Konaklama deneyiminizi paylaşmanız bizler için son derece önemli ve kıymetli olduğunu bilmenizi isteriz. Crystal Hotels Resorts & Spa Ailesi olarak amacımız her geçen gün kendimizi yenileyerek servis ve hizmet kalitemizi daha üst seviyelere çıkarmaktır. Sizlerden gelen her türlü şikayet, eleştiri ve öneriler değerlendirilmekte ve bu doğrultuda gerekli çalışmalar yapılmaktadır. İrem hanım,havuz çevresinin bölümlerinde kaydırmaz halımız mevcut ve ayrıca kaygan zemin tabelalamız da görünen yerlededir. İrem Hanım, tatilinizde misafir ilişkileri müdürü Sevcan hanım ile yapmış olduğunuz görüşmde size denizimiz ile ilgili gerekli açıklamayı yapmış ve kokunun kesinikle otelimizden kaynaklanmadığını bildirmiştir Tesisimizi bir sonraki ziyaretinizde söz konusu memnuniyetsizliğinizin giderilmiş olması ile ilgili her türlü çabayı sarf edeceğimizi, sizleri tekrar aramızda görmekten onur duyacağımızı bilmenizi isteriz. Saygılarımızla, Ahmet Derin İşletme Müdürü",Otel kötüydü,1,Eyl 2023,,Eylül 2023,Aileyle seyahat etti,,,,,,1 katkı
Green Bay Resort & Spa,"Değerli misafirimiz Cemre Nur K, Tatiliniz için Crystal Green Bay Resort & Spa’yı tercih ettiğiniz için teşekkür ederiz. Crystal markasını tatil programınıza eklemeniz ve bu güzel yorumlarınız bizler için birer motivasyon kaynağıdır. Latif geri bildiriminiz için sizlere şükranlarımızı sunarız. En kısa zamanda sizleri tekrar ağırlamak ve Crystal Hotels farkını yeniden yaşatmak dileklerimizle... Saygılarımızla, Ahmet DERİN Otel Müdürü",gayet güzel bir oteldi,5,Eyl 2023,,Eylül 2023,Aileyle seyahat etti,,,,,,2 katkı
Green Bay Resort & Spa,"Sayın Misafirimiz Bahattin K, Crystal Hotels otelimizi tercih ettiğiniz için en içten teşekkürlerimizi sunar, konaklama deneyiminizi paylaşmak için ayırdığınız zamanın bizler için son derece kıymetli olduğunu bilmenizi isteriz. En kısa zamanda sizleri tekrar ağırlamak ve Crystal Hotels farkını yeniden yaşatmak dileklerimizle... Saygılarımızla, Ahmet DERİN Otel Müdürü",Doğa harikası,5,Eyl 2023,,Eylül 2023,Çift olarak seyahat etti,,,,,,2 katkı
Green Bay Resort & Spa,"Sayın Misafirimiz Yağmur Demir, Crystal Hotels otelimizi tercih ettiğiniz için en içten teşekkürlerimizi sunar, konaklama deneyiminizi paylaşmak için ayırdığınız zamanın bizler için son derece kıymetli olduğunu bilmenizi isteriz. En kısa zamanda sizleri tekrar ağırlamak ve Crystal Hotels farkını yeniden yaşatmak dileklerimizle... Saygılarımızla, Ahmet DERİN Otel Müdürü",Çok memnun kaldık,5,Eyl 2023,"İstanbul, Türkiye",Eylül 2023,Aileyle seyahat etti,,,,,,6 katkı
Green Bay Resort & Spa,"Değerli misafirimiz Meryem E, Tatiliniz için Crystal Green Bay Resort & Spa’yı tercih ettiğiniz için teşekkür ederiz. Crystal markasını tatil programınıza eklemeniz ve bu güzel yorumlarınız bizler için birer motivasyon kaynağıdır. Latif geri bildiriminiz için sizlere şükranlarımızı sunarız. En kısa zamanda sizleri tekrar ağırlamak ve Crystal Hotels farkını yeniden yaşatmak dileklerimizle... Saygılarımızla, Ahmet DERİN Otel Müdürü",Harika bir otel keşfettik😍 Hadi buyurun,5,Eyl 2023,,Eylül 2023,Aileyle seyahat etti,,,,,,1 katkı
Green Bay Resort & Spa,"Koyda ailenizle güzel bir tatil yapmak isterseniz, ilgili personel olsun, temiz olsun, etkinlik de olsun, çocuğum da eğlensin derseniz bu otel isteklerinizi karşılayacaktır. Bazı eksik noktalar var tabii ki her otelde olduğu gibi. Bizi şaşırtanlardan biri odamızdaki lavaboda kilit olmamasıydı. Küçük çocuğunuzla gittiğiniz otelde odada kilit olmaması biraz üzdü. Çocukların eğleneceği alanlar var ancak o alandaki lavabo çok temiz değildi açıkçası. Çünkü yaşları birbirinden farklı her çocuk kullanıyor… Odada herhangi bir askı göremedik bir şeyleri asmak için. Belki buna sadece ben önem veriyorumdur tabi. Aklıma gelenler bunlar. Her personel ilgili ve güler yüzlüydü, hizmet etmekten çekinmeyen bir kadroydu. Ellerinden geleni yaptıklarına inanıyorum. Teşekkür ederiz.",Koyda Güzel Bir Tatil,4,Eyl 2023,,Eylül 2023,Aileyle seyahat etti,,,,,,1 katkı
Green Bay Resort & Spa,"30.08-06.09 tarihleri arasında 1256 numaralı odada konakladık.Odaların biraz küçük olduğunu söylemeliyim,oda temizliği gayet iyiydi.Yeme içme olanakları çeşitli ve lezzetli,yapabileceğim tek eleştiri tatlı çeşidinin azlığı olabilir.Otel çok güzel bir koyda,adeta doğa harikası.Sanırım koy çok kapalı olduğundan deniz bulanık,pırıl pırıl bir denize girmeyi hayal etmiştik ama öyle olmadı.Bu eksiği tekne turuna çıkarak gidermeye çalıştık.Çalışanlar son derece saygılı ve güler yüzlüydü.Canlı müzik yapan gruplar gayet başarılıydı.Genel olarak baktığımda otelin en ciddi sorunu deniz fakat bu kaliteli hizmete berrak bir deniz eklense otelin fiyatı çok daha pahalı olurdu.",GÜZEL BİR TATİLDİ,5,Eyl 2023,,Eylül 2023,Aileyle seyahat etti,,,,,,2 katkı
Green Bay Resort & Spa,Eylul 2023 yilinda iki aile olarak 1 haftaligina gittigimiz tatilde otelde yemek cesitliligi ve kalitesi olarak ust duzey diyebilirim. Calisan personellerin arka planda cok yogun calistiklarinin farkindayim ve gunun yorgunlugu ve strese ragmen hep guleryuzlu ve misafirverperveklikten öte hizmet anlayisina sahip olmalari beni cezbetti. Gun icinde yapilan farkli aktivitelerle ve gece aktiviteleriyle asla sıkılmayacaginiz ve mukemmel bir tatil yaparak kafayı sıfırlayıp mukemmel bir tatil gecireceginiz bir yer . Personellerden Uğur Can . Yılmaz Yıldız. Ismail ve Damla ya yapilan aktivitelerde bizlere guzel zaman gecirttikleri icin ayrica tesekkurlerimi sunarim onumuzdeki sezon icerisinde bosluk bulabilirsem eger tekrar bu otelde zaman gecirmeyi dusunuyorum ama bu kez umarim daha uzun sürer bu süre :) ...,Gecirdigim en guzel tatil diyebilirim!!!,5,Eyl 2023,,Eylül 2023,Aileyle seyahat etti,,,,,,1 katkı
Green Bay Resort & Spa,"Sayın Misafirimiz Filiz G, Crystal Hotels otelimizi tercih ettiğiniz için en içten teşekkürlerimizi sunar, konaklama deneyiminizi paylaşmak için ayırdığınız zamanın bizler için son derece kıymetli olduğunu bilmenizi isteriz. En kısa zamanda sizleri tekrar ağırlamak ve Crystal Hotels farkını yeniden yaşatmak dileklerimizle... Saygılarımızla, Ahmet DERİN Otel Müdürü",Mükemmel konaklama,5,Eyl 2023,,Eylül 2023,Aileyle seyahat etti,,,,,,1 katkı
Green Bay Resort & Spa,"Sayın Misafirimiz Gamze K, Crystal Hotels otelimizi tercih ettiğiniz için en içten teşekkürlerimizi sunar, konaklama deneyiminizi paylaşmak için ayırdığınız zamanın bizler için son derece kıymetli olduğunu bilmenizi isteriz. En kısa zamanda sizleri tekrar ağırlamak ve Crystal Hotels farkını yeniden yaşatmak dileklerimizle... Saygılarımızla, Ahmet DERİN Otel Müdürü",Doğa harikası otel,5,Eyl 2023,,Eylül 2023,Aileyle seyahat etti,,,,,,1 katkı
Green Bay Resort & Spa,"Değerli konuğumuz, Zaman ayırarak tesisimiz hakkındaki görüşlerinizi ilettiğiniz için teşekkür ederiz. Crystal Hotels Resorts & Spa Ailesi olarak amacımız her geçen gün kendimizi yenileyerek servis ve hizmet kalitemizi daha üst seviyelere çıkarmaktır. Sizlerden gelen her türlü şikayet, eleştiri ve öneriler değerlendirilmekte ve bu doğrultuda gerekli çalışmalar yapılmaktadır. Denizimizin ne yakınında nede uzağında herhangi bir balık çiftliği bulunmamaktadır.Denizin bulanık olması koyun üç tarafının kapalı olmasından kaynaklanmaktadır ki bu koyun doğal yapısıdır. Otelimizin hiç bir odasında rutubet kokusu yoktur.Alt katlarda konaklamak istemediğinizi dile getirseydiniz odanızı memnuniyetle üst katlardan başka bir oda ile değiştirebilirdik. Saygılarımızla, Ahmet Derin İşletme Müdürü",Denizi cok kötü,1,Eyl 2023,,Eylül 2023,Aileyle seyahat etti,,,,,,1 katkı
Green Bay Resort & Spa,"Sayın Misafirimiz Serap G, Crystal Hotels otelimizi tercih ettiğiniz için en içten teşekkürlerimizi sunar, konaklama deneyiminizi paylaşmak için ayırdığınız zamanın bizler için son derece kıymetli olduğunu bilmenizi isteriz. En kısa zamanda sizleri tekrar ağırlamak ve Crystal Hotels farkını yeniden yaşatmak dileklerimizle... Saygılarımızla, Ahmet DERİN Otel Müdürü",Cennetten bir köşe,5,Eyl 2023,,Eylül 2023,Aileyle seyahat etti,,,,,,9 katkı
Green Bay Resort & Spa,"Sayın Misafirimiz Onder T, Crystal Hotels otelimizi tercih ettiğiniz için en içten teşekkürlerimizi sunar, konaklama deneyiminizi paylaşmak için ayırdığınız zamanın bizler için son derece kıymetli olduğunu bilmenizi isteriz. En kısa zamanda sizleri tekrar ağırlamak ve Crystal Hotels farkını yeniden yaşatmak dileklerimizle... Saygılarımızla, Ahmet DERİN Otel Müdürü",Tatil,5,Eyl 2023,,Eylül 2023,Çift olarak seyahat etti,,,,,,2 katkı
Green Bay Resort & Spa,"Merhabalar… otele eşimle birlikte gittik…otelin artı ve eksilerinden bahsetmek isterim. Gördüğüm en büyük eksiklik, otelin vakit geçirmenizi sağlayacak olan alanların çok fazla olmaması, mesela disco yok. Aktiviteler saat 24.00 itibari ile bitiyor. Ancak akşam eğlencesi gayet güzel. Oda temizliği ve genel anlamda tüm yerlerdeki temizlikten memnun kaldık. Yemek çeşidi az olmasına rağmen her gün ızgara çıkıyor ve yemekleri de lezzetliydi. Çalışanlar çok ilgili ve güler yüzlüydü. Animasyon ekibide başarılıydı. Biz bu oteli tercih ettiğimiz için gayet memnunuz.",Biz memnun kaldık,4,Eyl 2023,,Eylül 2023,Çift olarak seyahat etti,,,,,,3 katkı
Green Bay Resort & Spa,"Sayın Misafirimiz Alkım H, Crystal Hotels otelimizi tercih ettiğiniz için en içten teşekkürlerimizi sunar, konaklama deneyiminizi paylaşmak için ayırdığınız zamanın bizler için son derece kıymetli olduğunu bilmenizi isteriz. En kısa zamanda sizleri tekrar ağırlamak ve Crystal Hotels farkını yeniden yaşatmak dileklerimizle... Saygılarımızla, Ahmet DERİN Otel Müdürü",Aile oteli,5,Eyl 2023,,Eylül 2023,Aileyle seyahat etti,,,,,,1 katkı
Green Bay Resort & Spa,"Sayın Misafirimiz Gizem Ç, Crystal Hotels otelimizi tercih ettiğiniz için en içten teşekkürlerimizi sunar, konaklama deneyiminizi paylaşmak için ayırdığınız zamanın bizler için son derece kıymetli olduğunu bilmenizi isteriz. En kısa zamanda sizleri tekrar ağırlamak ve Crystal Hotels farkını yeniden yaşatmak dileklerimizle... Saygılarımızla, Ahmet DERİN Otel Müdürü",Mükemmel bir tatil,5,Eyl 2023,,Eylül 2023,Çift olarak seyahat etti,,,,,,1 katkı
Green Bay Resort & Spa,"Değerli misafirimiz Ceren B, Tatiliniz için Crystal Green Bay Resort & Spa’yı tercih ettiğiniz için teşekkür ederiz. Crystal markasını tatil programınıza eklemeniz ve bu güzel yorumlarınız bizler için birer motivasyon kaynağıdır. Latif geri bildiriminiz için sizlere şükranlarımızı sunarız. En kısa zamanda sizleri tekrar ağırlamak ve Crystal Hotels farkını yeniden yaşatmak dileklerimizle... Saygılarımızla, Ahmet DERİN Otel Müdürü",Eğlenceli tatil,4,Eyl 2023,,Eylül 2023,Aileyle seyahat etti,,,,,,1 katkı
Green Bay Resort & Spa,"Mukemmel bir hotel.yemekleri cok guzel.servis hizmeti,odalar tek kelimeyle harika.otelin mevkisi cok guzel direk koy kendine ait plaji manzarasi super.animasyon ekibi ve animasyonlar super.servis ekibi cok iyi.cocuk animasyonlari,cocuklar icin extra yemekleri super.Tek kelimeyle ozetlemek gerekirse aile ve cocuklarla gelinebilecek cok iyi bir hotel.herkese tavsiye ederim.",Tam bir aile Oteli,5,Eyl 2023,,Eylül 2023,Aileyle seyahat etti,,,,,,1 katkı
Green Bay Resort & Spa,"Sayın Misafirimiz Ezgi Ö, Crystal Hotels otelimizi tercih ettiğiniz için en içten teşekkürlerimizi sunar, konaklama deneyiminizi paylaşmak için ayırdığınız zamanın bizler için son derece kıymetli olduğunu bilmenizi isteriz. En kısa zamanda sizleri tekrar ağırlamak ve Crystal Hotels farkını yeniden yaşatmak dileklerimizle... Saygılarımızla, Ahmet DERİN Otel Müdürü",Oldukça iyi,5,Eyl 2023,,Eylül 2023,Aileyle seyahat etti,,,,,,1 katkı
Green Bay Resort & Spa,Su an otelde konaklamaktayiz crystal grubunun diğer otellerinde de konakladım kalitesi tartışılmaz otelden çok memnunuz yemek konusu olsun aktiviteleri olsun temizlik olsun hepsi 5 yıldızı hakediyor deniz muhteşem bazı kişiler koku var yazmış koku falan hiçbirsey yok yuzmesi çok güzel ve dalgasız teşekkürler cristal oteller grubu tekrar gelirmiyim evet tekrar gelirim fiyat performans için çok iyi crsytal otellerinin kalitesi burada da çok iyi.,Kalite ve Crystal Otelleri,5,Eyl 2023,,Eylül 2023,Aileyle seyahat etti,,,,,,4 katkı
Green Bay Resort & Spa,"Değerli misafirimiz Yağmur G, Tatiliniz için Crystal Green Bay Resort & Spa’yı tercih ettiğiniz için teşekkür ederiz. Crystal markasını tatil programınıza eklemeniz ve bu güzel yorumlarınız bizler için birer motivasyon kaynağıdır. Latif geri bildiriminiz için sizlere şükranlarımızı sunarız. En kısa zamanda sizleri tekrar ağırlamak ve Crystal Hotels farkını yeniden yaşatmak dileklerimizle... Saygılarımızla, Ahmet DERİN Otel Müdürü",İkinci gelişimiz bu sefer daha memnunuz,5,Eyl 2023,,Eylül 2023,Çift olarak seyahat etti,,,,,,1 katkı
Green Bay Resort & Spa,"Değerli misafirimiz Emre G, Tatiliniz için Crystal Green Bay Resort & Spa’yı tercih ettiğiniz için teşekkür ederiz. Crystal markasını tatil programınıza eklemeniz ve bu güzel yorumlarınız bizler için birer motivasyon kaynağıdır. Latif geri bildiriminiz için sizlere şükranlarımızı sunarız. En kısa zamanda sizleri tekrar ağırlamak ve Crystal Hotels farkını yeniden yaşatmak dileklerimizle... Saygılarımızla, Ahmet DERİN Otel Müdürü",Tatıl,5,Eyl 2023,,Eylül 2023,Aileyle seyahat etti,,,,,,1 katkı
Green Bay Resort & Spa,"Değerli misafirimiz Gökmen T, Tatiliniz için Crystal Green Bay Resort & Spa’yı tercih ettiğiniz için teşekkür ederiz. Crystal markasını tatil programınıza eklemeniz ve bu güzel yorumlarınız bizler için birer motivasyon kaynağıdır. Latif geri bildiriminiz için sizlere şükranlarımızı sunarız. En kısa zamanda sizleri tekrar ağırlamak ve Crystal Hotels farkını yeniden yaşatmak dileklerimizle... Saygılarımızla, Ahmet DERİN Otel Müdürü",Tatil,5,Eyl 2023,,Eylül 2023,Aileyle seyahat etti,,,,,,3 katkı
Green Bay Resort & Spa,Crystal ailesine ilk defa geldik öncelikle manzarasıyla bailamak istiyorum efsane bir koyun içerisinde yemyeşil manzaraların içinde denize girmek gerçekten tatile geldiğimizi hissettiriyor onun dışında odalarımızda gayet temiz ve düzenli her gün gelen ablalarımıza da çok teşekkür ederiz yemekleri sevdik özellikle A La Carte bizim favorimiz oldu biraz da aktivitelerden bahsetmek istiyorum gün boyunca süren etkinlikler sayesinde hiç sıkılmadık zumba voleybol dart havalı tüfek ve daha bir çok aktivite hepsine katılmaya çalıştık çok keyifli bir tatil geçirdik animasyon ekibi sayesinde çok teşekkürler crystal green bay,Yemyeşil bir manzarada mükemmel tatil deneyimi,5,Eyl 2023,,Eylül 2023,Çift olarak seyahat etti,,,,,,2 katkı
Green Bay Resort & Spa,"Değerli misafirimiz Travel02330310808, Tatiliniz için Crystal Green Bay Resort & Spa’yı tercih ettiğiniz için teşekkür ederiz. Crystal markasını tatil programınıza eklemeniz ve bu güzel yorumlarınız bizler için birer motivasyon kaynağıdır. Latif geri bildiriminiz için sizlere şükranlarımızı sunarız. En kısa zamanda sizleri tekrar ağırlamak ve Crystal Hotels farkını yeniden yaşatmak dileklerimizle... Saygılarımızla, Ahmet DERİN Otel Müdürü",Tatıl,5,Eyl 2023,,Eylül 2023,Aileyle seyahat etti,,,,,,1 katkı
Green Bay Resort & Spa,"Değerli misafirimiz Gokalp Ersoz, Tatiliniz için Crystal Green Bay Resort & Spa’yı tercih ettiğiniz için teşekkür ederiz. Crystal markasını tatil programınıza eklemeniz ve bu güzel yorumlarınız bizler için birer motivasyon kaynağıdır. Latif geri bildiriminiz için sizlere şükranlarımızı sunarız. En kısa zamanda sizleri tekrar ağırlamak ve Crystal Hotels farkını yeniden yaşatmak dileklerimizle... Saygılarımızla, Ahmet DERİN Otel Müdürü",Tatil keyfini tam anlamıyla yaşarsınız.,5,Eyl 2023,"İstanbul, Türkiye",Eylül 2023,Aileyle seyahat etti,,,,,,2 katkı
Green Bay Resort & Spa,"Sayın Gizem Hanım, Zaman ayırarak tesisimiz hakkındaki görüşlerinizi ilettiğiniz için teşekkür ederiz. Crystal Hotels Resorts & Spa Ailesi olarak amacımız her geçen gün kendimizi yenileyerek servis ve hizmet kalitemizi daha üst seviyelere çıkarmaktır. Sizlerden gelen her türlü şikayet, eleştiri ve öneriler değerlendirilmekte ve bu doğrultuda gerekli çalışmalar yapılmaktadır. Misafirlerimizden gelen her türlü eleştiriyi kendimizi düzeltmek ve geliştirmek adına bir mihenk taşı olarak görürüz ve yorum sahiplerinede saygı duyarız. Personelimizin bir eksiği varsa da eğitimleri le gelişmelerini sağlarız ancak saygısız ithamınızı kabul edemeyiz. Konsept dahilinde yerli ve yabancı tanınmış bir çok içki markası otelimizde servis edilmektedir ancak konsept dahilinde olmayan ücretli alkollerin ücretsiz olarak servis edilmesi söz konusu değildir. Aynı mezenin dört gün üst üste misafirlerimize sunulması kesinlikle söz konusu değildir.Sağlıksızdır,insan sağlığı açısından tehlikelidir ve yasaktır. Bir öğünde pişen yemekler kesinlikle bir sonraki öğünde çıkartılmaz. Denizimiz kapalı bir koyda olduğu için durgun ve bulanıktır ancak bu tamamen doğal yapısından kaynaklanmaktadır. Saygılarımızla, Ahmet Derin İşletme Müdürü",Hayal kırıklığı,1,Eyl 2023,,Eylül 2023,Aileyle seyahat etti,,,,,,1 katkı
Green Bay Resort & Spa,"Değerli konuğumuz Murat Bey, Zaman ayırarak tesisimiz hakkındaki görüşlerinizi ilettiğiniz için teşekkür ederiz. Crystal Hotels Resorts & Spa Ailesi olarak amacımız her geçen gün kendimizi yenileyerek servis ve hizmet kalitemizi daha üst seviyelere çıkarmaktır. Sizlerden gelen her türlü şikayet, eleştiri ve öneriler değerlendirilmekte ve bu doğrultuda gerekli çalışmalar yapılmaktadır. Murat bey, yaşadığınız teknik aksaklıklar ile ilgili çok üzgün olduğumuzu bilmenizi isteriz. İlgili departmanlara şikayetiniz iletilmiş ve aynı sorunların yaşanmaması adına gerekli önlemler alınmıştır. Denizimiz kapalı bir koyda olduğu için su sirkilasyonu az olduğundan çok durgundur.Tıpkı bir göl gibi ama bu durgunluk ve bulanıklık tamamen doğal yapısından kaynaklanmaktadır.Etrafında kesinlikle bir balık çiftliği bulunmamaktadır. Personel tutum ve davranışları ile ilgili tüm departmanlara bilgi geçilmiş ve personelimizin tamamına gerekli eğitim bir kez daha verilmiştir. Sizi tekrar aramızda görebilmek dileğiyle. Saygılarımızla, Ahmet Derin İşletme Müdürü",Hotel Deneyimi,2,Eyl 2023,,Eylül 2023,Çift olarak seyahat etti,,,,,,1 katkı
Green Bay Resort & Spa,"Değerli misafirimiz Dağhan K, Tatiliniz için Crystal Green Bay Resort & Spa’yı tercih ettiğiniz için teşekkür ederiz. Crystal markasını tatil programınıza eklemeniz ve bu güzel yorumlarınız bizler için birer motivasyon kaynağıdır. Latif geri bildiriminiz için sizlere şükranlarımızı sunarız. En kısa zamanda sizleri tekrar ağırlamak ve Crystal Hotels farkını yeniden yaşatmak dileklerimizle... Saygılarımızla, Ahmet DERİN Otel Müdürü",Temiz ve güzel bir otel,5,Eyl 2023,,Eylül 2023,Aileyle seyahat etti,,,,,,2 katkı
Green Bay Resort & Spa,"Değerli misafirimiz, Tatiliniz için Crystal Green Bay Resort & Spa’yı tercih ettiğiniz için teşekkür ederiz. Crystal markasını tatil programınıza eklemeniz ve bu güzel yorumlarınız bizler için birer motivasyon kaynağıdır. Latif geri bildiriminiz için sizlere şükranlarımızı sunarız. En kısa zamanda sizleri tekrar ağırlamak ve Crystal Hotels farkını yeniden yaşatmak dileklerimizle... Saygılarımızla, Ahmet DERİN Otel Müdürü",Herşey mükemmeldi,5,Eyl 2023,"İstanbul, Türkiye",Eylül 2023,Aileyle seyahat etti,,,,,,2 katkı
Green Bay Resort & Spa,Doğayla iç içe kocaman bir tatil köyü ama lafta değil tam tatil köyü 😊çok güzeldi büyük alanıyla düzeniyle temizliği hizmetiyle harikaydı erkek arkadaşımla gittik çok keyifli zaman geçirdik sadece denizi biraz kötü oda eskiden balıkçı koyu olduğu için kum bile döşeseler pek işe yaramamış çabuk derinleşiyor kademeli değil onun dışında herşey mükemmeldi çıkmak istemedik otelden giderken üzüldük ❤️bize sunduğunuz güzellikler ve hizmette teşekkür ederiz bir daha tabii ki gelmek isteriz 🩷,Harika,5,Eyl 2023,,Ağustos 2023,Çift olarak seyahat etti,,,,,,1 katkı
Green Bay Resort & Spa,"Değerli misafirimiz KADİR s, Tatiliniz için Crystal Green Bay Resort & Spa’yı tercih ettiğiniz için teşekkür ederiz. Crystal markasını tatil programınıza eklemeniz ve bu güzel yorumlarınız bizler için birer motivasyon kaynağıdır. Latif geri bildiriminiz için sizlere şükranlarımızı sunarız. En kısa zamanda sizleri tekrar ağırlamak ve Crystal Hotels farkını yeniden yaşatmak dileklerimizle... Saygılarımızla, Ahmet DERİN Otel Müdürü",Tatil,5,Eyl 2023,,Ağustos 2023,Aileyle seyahat etti,,,,,,1 katkı
Green Bay Resort & Spa,"Değerli misafirimiz Selda B, Tatiliniz için Crystal Green Bay Resort & Spa’yı tercih ettiğiniz için teşekkür ederiz. Crystal markasını tatil programınıza eklemeniz ve bu güzel yorumlarınız bizler için birer motivasyon kaynağıdır. Latif geri bildiriminiz için sizlere şükranlarımızı sunarız. En kısa zamanda sizleri tekrar ağırlamak ve Crystal Hotels farkını yeniden yaşatmak dileklerimizle... Saygılarımızla, Ahmet DERİN Otel Müdürü",Crystal Green Bay Resort,5,Eyl 2023,,Eylül 2023,Aileyle seyahat etti,,,,,,1 katkı
Green Bay Resort & Spa,"Değerli misafirimiz Ergin Badem, Tatiliniz için Crystal Green Bay Resort & Spa’yı tercih ettiğiniz için teşekkür ederiz. Crystal markasını tatil programınıza eklemeniz ve bu güzel yorumlarınız bizler için birer motivasyon kaynağıdır. Latif geri bildiriminiz için sizlere şükranlarımızı sunarız. En kısa zamanda sizleri tekrar ağırlamak ve Crystal Hotels farkını yeniden yaşatmak dileklerimizle... Saygılarımızla, Ahmet DERİN Otel Müdürü",Herşey üstdüzey,5,Eyl 2023,"Ankara, Türkiye",Eylül 2023,Aileyle seyahat etti,,,,,,8 katkı
Green Bay Resort & Spa,"Değerli misafirimiz Mihriban Y, Tatiliniz için Crystal Green Bay Resort & Spa’yı tercih ettiğiniz için teşekkür ederiz. Crystal markasını tatil programınıza eklemeniz ve bu güzel yorumlarınız bizler için birer motivasyon kaynağıdır. Latif geri bildiriminiz için sizlere şükranlarımızı sunarız. En kısa zamanda sizleri tekrar ağırlamak ve Crystal Hotels farkını yeniden yaşatmak dileklerimizle... Saygılarımızla, Ahmet DERİN Otel Müdürü",Crystal,5,Eyl 2023,,Eylül 2023,Aileyle seyahat etti,,,,,,3 katkı
Green Bay Resort & Spa,"Değerli misafirimizOrkun T, Tatiliniz için Crystal Green Bay Resort & Spa’yı tercih ettiğiniz için teşekkür ederiz. Crystal markasını tatil programınıza eklemeniz ve bu güzel yorumlarınız bizler için birer motivasyon kaynağıdır. Latif geri bildiriminiz için sizlere şükranlarımızı sunarız. En kısa zamanda sizleri tekrar ağırlamak ve Crystal Hotels farkını yeniden yaşatmak dileklerimizle... Saygılarımızla, Ahmet DERİN Otel Müdürü",Çook Keyifli,5,Eyl 2023,,Eylül 2023,Çift olarak seyahat etti,,,,,,1 katkı
Green Bay Resort & Spa,"Değerli misafirimiz Can G, Tatiliniz için Crystal Green Bay Resort & Spa’yı tercih ettiğiniz için teşekkür ederiz. Crystal markasını tatil programınıza eklemeniz ve bu güzel yorumlarınız bizler için birer motivasyon kaynağıdır. Latif geri bildiriminiz için sizlere şükranlarımızı sunarız. En kısa zamanda sizleri tekrar ağırlamak ve Crystal Hotels farkını yeniden yaşatmak dileklerimizle... Saygılarımızla, Ahmet DERİN Otel Müdürü",Green bay tavsiye,5,Eyl 2023,,Eylül 2023,Aileyle seyahat etti,,,,,,1 katkı
Green Bay Resort & Spa,Bodruma ilk gelisimiz ve ilk ege otelimiz crystal çok beğendik özellikle mutfak ekibi hamit bey ve ekibi bize özel beslenen evladımız için her türlü ilgiyi gösterdiler. Animasyon ekibi guleryuzlu ve ilgili çokta eğlencelilerdi. Kısaca bütün otel guleryuzlu ve çokça çalışkanlar.clam iskelede görevli halil le güzel canlarından dolayı teşekkürler.ayrica denize düşen gozlugumuzu çıkartmak için çaba harcayan berk'e emeginden dolayı teşekkürler.,Crystal gb,5,Eyl 2023,,Ağustos 2023,Aileyle seyahat etti,,,,,,9 katkı
Green Bay Resort & Spa,"Sayın Misafirimiz Samet K, Crystal Hotels otelimizi tercih ettiğiniz için en içten teşekkürlerimizi sunar, konaklama deneyiminizi paylaşmak için ayırdığınız zamanın bizler için son derece kıymetli olduğunu bilmenizi isteriz. En kısa zamanda sizleri tekrar ağırlamak ve Crystal Hotels farkını yeniden yaşatmak dileklerimizle... Saygılarımızla, Ahmet DERİN Otel Müdürü",Kahraman çifti,5,Eyl 2023,,Ağustos 2023,Çift olarak seyahat etti,,,,,,2 katkı
Green Bay Resort & Spa,"Sayın Misafirimiz Hülya A, Crystal Hotels otelimizi tercih ettiğiniz için en içten teşekkürlerimizi sunar, konaklama deneyiminizi paylaşmak için ayırdığınız zamanın bizler için son derece kıymetli olduğunu bilmenizi isteriz. En kısa zamanda sizleri tekrar ağırlamak ve Crystal Hotels farkını yeniden yaşatmak dileklerimizle... Saygılarımızla, Ahmet DERİN Otel Müdürü",Tatil,5,Eyl 2023,,Ağustos 2023,Aileyle seyahat etti,,,,,,1 katkı
Green Bay Resort & Spa,"Sayın Misafirimiz Cevat K, Crystal Hotels otelimizi tercih ettiğiniz için en içten teşekkürlerimizi sunar, konaklama deneyiminizi paylaşmak için ayırdığınız zamanın bizler için son derece kıymetli olduğunu bilmenizi isteriz. En kısa zamanda sizleri tekrar ağırlamak ve Crystal Hotels farkını yeniden yaşatmak dileklerimizle... Saygılarımızla, Ahmet DERİN Otel Müdürü",TAM BİR AİLE OTELİ,5,Eyl 2023,,Eylül 2023,Aileyle seyahat etti,,,,,,1 katkı
Green Bay Resort & Spa,"Değerli misafirimiz Departure39340366944, Tatiliniz için Crystal Green Bay Resort & Spa’yı tercih ettiğiniz için teşekkür ederiz. Crystal markasını tatil programınıza eklemeniz ve bu güzel yorumlarınız bizler için birer motivasyon kaynağıdır. Latif geri bildiriminiz için sizlere şükranlarımızı sunarız. En kısa zamanda sizleri tekrar ağırlamak ve Crystal Hotels farkını yeniden yaşatmak dileklerimizle... Saygılarımızla, Ahmet DERİN Otel Müdürü",Deniz harici iyi,4,Eyl 2023,,Ağustos 2023,Aileyle seyahat etti,,,,,,1 katkı
Green Bay Resort & Spa,Ağustos Sonu Konaklamamızı tamamlayıp bu sabah evimize döndük. Gerçekten bizim için herşeyiyle mükemmel bi tatildi. Seneye bakacağım ilk otel olacak. kesinlikle. İstanbuldan gidişimiz sebebiyle gece yola çıkıp sabah 07:00 gibi otelde olduk. Kahvaltıya buyur edip oda hazır olunca haber vereceklerini söylediler ve biz daha kahvaltıyı bitirmeden 08:00 gibi odamıza geçebileceğimizi söylediler. Şok olduk. 2 ye kadar sağda solda dolaşırız eşyaları lobiye bırakırız vs derken gerçekten bu konfor çok şaşırttı bizi. Bizden önce oda boş olunca hazır odaya bu kadar erken girebildik. Otelde gerçekten hayran olduğum bi başka konu ise sabahın köründe kalk şezlong kovala derdi asla yok. Şezlong sayısı otel kapasitesine fazla fazla yetecek kadar vardı. Otel full olmasına rağmen kendiliğimizden uyanıp 10 gibi kahvaltıya inip o sırada şezlonglara baktığımızda rahatlıkla istediğimiz şekilde şezlong bulabildik. Yemeklerde de asla sıra beklemedik. Yıllardır tatile çıkarım her sene en az 1 otel tatili yaparım ama gerçekten ilk defa böylesi bi konfora şahit oldum. Kötü diyebileceğim hiçbişey yok. Denizi doğası çalışanlarım ilgisi alakası yardımseverliği aklınıza ne gelirse herşey çok iyiydi. Bu kalite için gerçekten çok çok teşekkürler. Umarım seneye çok absürt fiyatlar olmaz da rahatlıkla değerlendirebiliriz. Keşke daha fazla kalabilseydik. Heryer tertemiz heryer pırıl pırıl ve hiçbi yerde sıra yok. Eleştiri amaçlı yazabileceğim tek nokta şu olacak o da kids clubda çocukların zıpladığı trambolin olan yerin duvarlara çok yakın olması. Çocuklar açısından bu durum ciddi bi tehlike. Duvarlar için ek önlem alınırsa çok iyi olur.,Herşeyiyle Mükemmel Bir Tatil...,5,Eyl 2023,"İstanbul, Türkiye",Ağustos 2023,Aileyle seyahat etti,,,,,,24 katkı
Green Bay Resort & Spa,"Ulaşım: Otel havaalanına 15-20 dk kadar uzaklıkta. Taksiyle 500-550 tl civarı tutuyor. Deniz: iyi yanı hayatımda girdiğim en sıcak deniz olması. Dışarda üşüdüğümde denize girdim ara ara ve hiç dalga yok. Kötü yanı,denizin rengi sanki kirli gibi ellerinizi bile göremiyorsunuz içinde ve çok çabuk derinleşiyor. Abartmadan söylüyorum kıyıya 2 metre kadar mesafede boya geliyor. Yemekler: açık büfe çeşitleri yeterli ama lezzetleri çok iyi diyemem, het şey tatsız tuzsuz,baharatsız,lezzetsiz geldi. Yine de yiyecek bir şeyler bulursunuz illaki. İçki içmeyi seviyorsanız günün her saati içecek alanları mevcut. Kullandıkları malzemeler çok kaliteli değil ama eğer seçici değilseniz sizi memnun edecektir. Temizlik: odaları günlük olarak çok temizlediklerini söyleyemem ama öyle temizlik takıntılı biri olmadığımdan benim için sorun olmadı. Günlük odadaki çöpleri alıp,havluları değiştiriyorlar sadece. Günlük doldurulması gereken minibar boşalmış olsa da siz söylemeden doldurulmuyor. İyi yanları:havaalanına yakınlığı, otel tam doluyken bile deniz ve plajın çok dolu olmaması, denizin sıcaklığı, otelin etrafının dağlarla çevrili olması. hep aile ve genç çiftler var. Bu açıdan rahatsız olabileceğiniz bir ortam yok. Kötü yanları: kafe kısmında unuttuğum bir kıyafetimin bulunamaması, barda oturduğumuz masadan genel müdürümüz bu masada oturacak diye kaldırılmamız, ultra her şey dahil olmasına rağmen diş macunu odaya koyulmaması ve otelin marketinden 4-5 euroya satın almak zorunda kalmamız. Gazlı içecekleri makinadan doldurmaları ve sürekli asiti kaçmış şerbet gibi kola vermeleri. Sonuç olarak ucuz olmayan bir oteldi ve bu fiyata daha güzel bir otel bulunabilir miydi? Evet. Bir daha gider miyim? Hayır.",Bir daha gitmem,3,Eyl 2023,,Ağustos 2023,Aileyle seyahat etti,,,,,,1 katkı
Green Bay Resort & Spa,"Değerli misafirimiz Tuğçe Ş, Tatiliniz için Crystal Green Bay Resort & Spa’yı tercih ettiğiniz için teşekkür ederiz. Crystal markasını tatil programınıza eklemeniz ve bu güzel yorumlarınız bizler için birer motivasyon kaynağıdır. Latif geri bildiriminiz için sizlere şükranlarımızı sunarız. En kısa zamanda sizleri tekrar ağırlamak ve Crystal Hotels farkını yeniden yaşatmak dileklerimizle... Saygılarımızla, Ahmet DERİN Otel Müdürü",Balayı için mükemmel bir yer,5,Eyl 2023,,Ağustos 2023,Çift olarak seyahat etti,,,,,,4 katkı
Green Bay Resort & Spa,"Değerli misafirimiz Burhan T, Tatiliniz için Crystal Green Bay Resort & Spa’yı tercih ettiğiniz için teşekkür ederiz. Crystal markasını tatil programınıza eklemeniz ve bu güzel yorumlarınız bizler için birer motivasyon kaynağıdır. Latif geri bildiriminiz için sizlere şükranlarımızı sunarız. En kısa zamanda sizleri tekrar ağırlamak ve Crystal Hotels farkını yeniden yaşatmak dileklerimizle... Saygılarımızla, Ahmet DERİN Otel Müdürü",Tesekkur,5,Eyl 2023,,Ağustos 2023,Aileyle seyahat etti,,,,,,1 katkı
Green Bay Resort & Spa,"Değerli misafirimiz Tulay A, Tatiliniz için Crystal Green Bay Resort & Spa’yı tercih ettiğiniz için teşekkür ederiz. Crystal markasını tatil programınıza eklemeniz ve bu güzel yorumlarınız bizler için birer motivasyon kaynağıdır. Latif geri bildiriminiz için sizlere şükranlarımızı sunarız. En kısa zamanda sizleri tekrar ağırlamak ve Crystal Hotels farkını yeniden yaşatmak dileklerimizle... Saygılarımızla, Ahmet DERİN Otel Müdürü",Keyifli bir deneyim,4,Eyl 2023,,Ağustos 2023,Aileyle seyahat etti,,,,,,1 katkı
Green Bay Resort & Spa,"Değerli misafirimiz Tuncer A, Tatiliniz için Crystal Green Bay Resort & Spa’yı tercih ettiğiniz için teşekkür ederiz. Crystal markasını tatil programınıza eklemeniz ve bu güzel yorumlarınız bizler için birer motivasyon kaynağıdır. Latif geri bildiriminiz için sizlere şükranlarımızı sunarız. En kısa zamanda sizleri tekrar ağırlamak ve Crystal Hotels farkını yeniden yaşatmak dileklerimizle... Saygılarımızla, Ahmet DERİN Otel Müdürü",Ailece çok mutluyduk,5,Eyl 2023,,Ağustos 2023,Aileyle seyahat etti,,,,,,1 katkı
Green Bay Resort & Spa,"Merhaba, 12 Ağustosta otele giriş yaptık. Bazı aksaklıklar vardı. Bunları bildirdiğimizde Müşteri Hizmetleri Sorumlusu Sevcan Hanım hemen bize ulaştı ve gerekli ilgiyi, özeni gösterdi ve tatilimizin keyifle geçmesini sağladı. Kendisine çok teşekkür ederiz. Ayrıca barların şefi Aksoy Bey de aynı hassasiyetle davrandı, içkilerimizi özenle hazırladı kendisinede çok teşekkür ederiz. Otelin güzel tarafı 1- Manzası ve konumu güzel, 2- Şezlong sorunu yok sayısı fazla 3- Animasyon ekibi ( Damla Hanımla epeyce sohbet ettik) gayet eğlenceli ve ilgili teşekkür ederiz :) 4- 0da temizliği günlük olarak yapılıyor. 5- Denizi dalgasız çarşaf gibi ancak bir iki adımdan sonra derinleşiyor ( yüzme bilmeyenler için sıkıntı olabilir) İyileştirilmesi gereken şeyler ise 1- Odaların giriş saatinde hazır olması 2- Odaların cam ve kapılarına sineklik yapılması 3- Yemek ve içecek kalitesinin arttırılması kesinlikle şart. 4- Tecrübeli personel sayısı fazla olsa daha memnun edici olur Sevcan Hanım orda olduğunda ve sorununuzu paylaştığınız sürece çözüm buluyor. Kendisi orada olduğu sürece tesisi tercih edebilirsiniz :)",Teşekkürler,3,Ağu 2023,,Ağustos 2023,Arkadaşlarla seyahat etti,,,,,,12 katkı
Green Bay Resort & Spa,"Lağım kokusuyla 1 hafta tatil yaptık! Odaya ilk girdikten sonra, pencereyi açmam ile lağım kokusunu ciğerlerime çekmem bir oldu ve inanılmaz yoğun bir koku vardı. Çevre de balık çiftliği olduğunu ve rüzgarla birlikte geldiğini söylediler. Ayrıca farklı bir çalışan da kanalizasyon ile ilgili bir problem olduğunu, yeni çalışma yaptıklarını ve kokunun bir kaç güne gideceğini belirtmişti fakat ne yazık ki 6 gün boyunca kokuyu çektik. 1 yaşında bebeğim var ve bu sebepten ötürü klima açmayı tercih etmiyorum.Ne yazık ki pencere açamadığımdan ötürü, klima açmak zorunda kaldık ve çocuğu hasta ettik. Tatilin son 3 günü de bize zehir oldu ! Ayrıca Geniş standart oda almama rağmen, klasik standart odayı kakaladılar resmen :) Söylememe rağmen de sistem de kaldığım odanın zaten geniş olduğunu söylediler. Ama benim aldığım web sitesi üzerinde fotoğraflara baktığım zaman bana standart oda verilmiş. Sonuçta bende fotoğraflara bakarak odayı satın alıyorum, bilseydim almazdım. Havuz gözlüğümü plaj da masa üzerinde unutmuştum, plaj temizliği yapan arkadaş gözlüğü alıp, kayıp birimine teslim etmiş. (Arkamızda oturan otel arkadaşlarımız belirtti.) Daha sonra kayıp birimine gittim, gözlük yok :) Kimse gözlüğün nerede olduğunu bilmiyor, ciddi para verip aldığım bir gözlüktü. Buraya kadar kötü şeyler yaşadım, onun dışında otel ile ilgili çok güzel şeyler de var. - Hiçbir şey de sıra beklemiyorsunuz neredeyse, - Plaj da şezlong sorunu yaşamadık hiç, - Çalışanlar çok güler yüzlü, - Animasyon ekibi gayet iyi, - Yiyecek ve içecekler kötü değil (Çok iyi de değil)",Lağım kokulu geniş standart oda,2,Ağu 2023,,Ağustos 2023,Aileyle seyahat etti,,,,,,1 katkı
Green Bay Resort & Spa,"Otelde eşim ve 2,5 yaşındaki kızım ile konakladık. Başta otel müdürü Ahmet Bey olmak üzere tüm çalışanlara çok teşekkür ediyoruz. Elimden geldiğince artılarını ve eksilerini belirtmek istiyorum. Öncelikle otel tam bir aile oteli. Çocuklar için aktiviteler çok iyi. Akşam animasyonları ve canlı müzikler her gün yeterince eğlenceliydi. Gayet kompakt bir otel , her yere kolaylıkla ulaşabiliyorsunuz. Temizliği ve yemekleri beklediğimizden iyiydi. Kesinlikle herkes çok güler yüzlü. Beklentinizi aşırı yükseltmeden fiyat performans olarak kesinlikle doğru bir otel. Otelin en büyük eksisi maalesef denizi. Çok temiz olduğu söylenemez, 2-3 metrede hemen derinleşiyor. Toplam 4-5 adet bar mevcut fakat her kokteyl her barda yapılmıyor. İdeal konum olarak 4.8 feet bara yakın yerde şezlongunuzu konumlandırmanızı öneririm. Onun haricinde otel , özellikle aile ile gidecek olanlar için ideal. Biz gayet memnun kaldık.",Çocuklu ailelere şiddetle tavsiye ederim.,5,Ağu 2023,,Ağustos 2023,Aileyle seyahat etti,,,,,,1 katkı
Green Bay Resort & Spa,"Değerlendirmeler f/p gözeterek yapılmalı bence. Orta halli otel bütçesine maxx royal performansı bekleyen yorumları görünce gülüyorum. Gelelim bu otelin değerlendirmesine: Artılar Kullanılan malzeme ve yiyecek içeçek ürün kalitesi(A+) Oda temziliği (A+ hiç sekmedi) Yeme içme imkanları (B yani fiyatına göre üst seviyede. Gurmeysen yemekleri lezzetsiz bulursun ama gurmeysen zaten açık büfede yemek yemezsin) Animasyon-Gösteri-Show:(A++ Bu otelden 2 tık üstte otellerde bile görmedim. Her akşam çok iyi showlar,her akşam çok iyi canlı müzikler) Personel(B Yetersizler ama çok iyi niyetliler. Masaya servis yok seviyesinde ama göz göze gelmeyi başarırsan isteğin yerine getiriliyo. Düzgün efendi insanlar) Eksiler DENİZ (FF-) Bodrum’da gördüğüm açık ara en kötü deniz. Tatil=Deniz diyen net olarak gelmemeli bu otele. Aslında koy olduğu için dingin ve soğuk olmayan bir su olması güzel ama bildiğin yeşil,bulanık,3 metre sonra uçurum gibi aşağıya giden ve boy kaybolan fecaat bi deniz. Plaj ve şezlong sayısı çok iyi ama çok kötü deniz. Düzeltilemez bişey olduğu için otele diyeceğim söz yok Odalar(C) Standart odalar çok küçük ve eski dekorasyonlu ama benim için önemli bi detay değil Genel Hijyen(B) Genel temizlik fena değil ama dönem dönem tesisin belli noktalarında çok rahatsız edici bi koku duyuluyo. 1. Sınıf tertemiz bir tesis değil ama tatilin tadını kaçıracak bi durum da yok. Özetle aldığı ücrete göre vaat ettiklerini karşılıyor. Otelde yüzde 85 orta halli türk aileleri konaklıyo. F/p 4.5 yıldız veririm. Fiyat bağımsız değerlendirmeyle 3 yıldız veririm.",Orta halli tatil,3,Ağu 2023,"İstanbul, Türkiye",Ağustos 2023,Aileyle seyahat etti,,,,,,8 katkı
Green Bay Resort & Spa,"Değerli misafirimiz Coastal11214114007, Tatiliniz için Crystal Green Bay Resort & Spa’yı tercih ettiğiniz için teşekkür ederiz. Crystal markasını tatil programınıza eklemeniz ve bu güzel yorumlarınız bizler için birer motivasyon kaynağıdır. Latif geri bildiriminiz için sizlere şükranlarımızı sunarız. En kısa zamanda sizleri tekrar ağırlamak ve Crystal Hotels farkını yeniden yaşatmak dileklerimizle... Saygılarımızla, Ahmet DERİN Otel Müdürü",Herkese bu güzel deneyim için teşekkürler,5,Ağu 2023,,Ağustos 2023,Aileyle seyahat etti,,,,,,1 katkı
Green Bay Resort & Spa,"Değerli misafirimiz Mustafa K, Tatiliniz için Crystal Green Bay Resort & Spa’yı tercih ettiğiniz için teşekkür ederiz. Crystal markasını tatil programınıza eklemeniz ve bu güzel yorumlarınız bizler için birer motivasyon kaynağıdır. Latif geri bildiriminiz için sizlere şükranlarımızı sunarız. En kısa zamanda sizleri tekrar ağırlamak ve Crystal Hotels farkını yeniden yaşatmak dileklerimizle... Saygılarımızla, Ahmet DERİN Otel Müdürü",Genel olarak iyi,4,Ağu 2023,,Ağustos 2023,Aileyle seyahat etti,,,,,,2 katkı
Green Bay Resort & Spa,"Değerli misafirimiz Aslan G, Tatiliniz için Crystal Green Bay Resort & Spa’yı tercih ettiğiniz için teşekkür ederiz. Crystal markasını tatil programınıza eklemeniz ve bu güzel yorumlarınız bizler için birer motivasyon kaynağıdır. Latif geri bildiriminiz için sizlere şükranlarımızı sunarız. En kısa zamanda sizleri tekrar ağırlamak ve Crystal Hotels farkını yeniden yaşatmak dileklerimizle... Saygılarımızla, Ahmet DERİN Otel Müdürü",Tam bir aile ve çocuk oteli çocuklarınız için tercih edebilirsiniz,5,Ağu 2023,,Ağustos 2023,Aileyle seyahat etti,,,,,,1 katkı
Green Bay Resort & Spa,"Değerli misafirimiz Mehmet Y, Tatiliniz için Crystal Green Bay Resort & Spa’yı tercih ettiğiniz için teşekkür ederiz. Crystal markasını tatil programınıza eklemeniz ve bu güzel yorumlarınız bizler için birer motivasyon kaynağıdır. Latif geri bildiriminiz için sizlere şükranlarımızı sunarız. En kısa zamanda sizleri tekrar ağırlamak ve Crystal Hotels farkını yeniden yaşatmak dileklerimizle... Saygılarımızla, Ahmet DERİN Otel Müdürü",Tam bir aile oteli şiddetle tavsiye ederim,5,Ağu 2023,,Ağustos 2023,Aileyle seyahat etti,,,,,,2 katkı
Green Bay Resort & Spa,"Değerli misafirimiz Süleyman Eren D, Tatiliniz için Crystal Green Bay Resort & Spa’yı tercih ettiğiniz için teşekkür ederiz. Crystal markasını tatil programınıza eklemeniz ve bu güzel yorumlarınız bizler için birer motivasyon kaynağıdır. Latif geri bildiriminiz için sizlere şükranlarımızı sunarız. En kısa zamanda sizleri tekrar ağırlamak ve Crystal Hotels farkını yeniden yaşatmak dileklerimizle... Saygılarımızla, Ahmet DERİN Otel Müdürü",Deniz Kenarında Güzel Bir Tatil :),5,Ağu 2023,,Ağustos 2023,Çift olarak seyahat etti,,,,,,1 katkı
Green Bay Resort & Spa,"Konumu, denizi, otel imkanları, özellikle de çalışan ilgisi muazzam.. Aileyle gidilebilecek en iyi otellerden diyebilirim. Bebeğimiz için gösterilen yakın ilgiden, özel hizmetten çok memnun kaldık. Restoran aşçılarından Hamit Bey’e ve aşçıbaşı Güngör Bey’e gösterdikleri yakın ilgi ve yardımseverlikleri için ayrıca teşekkürü borç bilirim. Müşteri memnuniyetinin insan odaklılıktan ve samimiyetten geçtiğini çok iyi biliyorlar. Böyle çalışanlara sahip olan işletmeler her anlamda kazanacaktır. Keza bizim gönlümüzü çoktan kazandılar bile :)",En iyi aile otellerinden..,5,Ağu 2023,"İstanbul, Türkiye",Ağustos 2023,Aileyle seyahat etti,,,,,,3 katkı
Green Bay Resort & Spa,"Değerli misafirimiz Hasan Özgür, Tatiliniz için Crystal Green Bay Resort & Spa’yı tercih ettiğiniz için teşekkür ederiz. Crystal markasını tatil programınıza eklemeniz ve bu güzel yorumlarınız bizler için birer motivasyon kaynağıdır. Latif geri bildiriminiz için sizlere şükranlarımızı sunarız. En kısa zamanda sizleri tekrar ağırlamak ve Crystal Hotels farkını yeniden yaşatmak dileklerimizle... Saygılarımızla, Ahmet DERİN Otel Müdürü",Tatil de konaklıcağımız yerlerin başına crystal otelini ekledik TEŞEKKÜRLER,5,Ağu 2023,,Ağustos 2023,Aileyle seyahat etti,,,,,,2 katkı
Green Bay Resort & Spa,25 ağustos 2023 de otele girişim oldu. Otelin kendi sayfasından aramama aracı kurum olan tatilbudura yönlendirildim tek yetkili oymuş. 2 hafta otelin yorumlarına baktım ve oluşan sıkıntıları oda ayırttırırken acentanın satış danışmanına sordum ve ses kaydı alıyorum umarım yalnış cıkmaz diye uyardım. 2 aile geliyoruz ve ben yan yana oda istiyorum dedim tamam notumu bildiriyorum ve size üst kattan orman manzaralı yan yana oda verilecek sözünü aldım. Ve en önemli konu otelin disco su varmı bakın kararım ona göre vericem dedim evet var denildi gece 2 ye kadar devam ediyor denildi otele ilk girer girmez lobide disco varmı dedim yok dediler. Not görünüyormu dedim yan yana ve üst kattan oda dedim oda yok denildi ve yan yana oda verilemedi. Tatilbudur tarafından kandırıldım ve otel tarafından da umursanılmadık. Otelin cevabı evet böle problemler yaşıyoruz dedi ama aylardır sadece vatandaş geçiştiriliyor. Girmek zorunda kaldık otelde cocuk aktivitelerinde 20 tl lik tşört boyama etkinliğine 2 tanesine 600 tl para istendi birde aktivitenin tanıtımında değil cocukları içeri alıp tşörtü cocuğun gözüne soktuktan sonra. Parayla satılan enerji içeceğinde bizi bir uçtan bir uca gönderip gidin ordan alın demeleri oraya gittiğimizdede adisyon yok diyip 40 dakka bizi lobi barda bekletmeleri. Sözde ultimate herşey dahil ben otelde viskinin yanına gece cikolata istiyorum yok parasıyla meyve istiyorum yok. 3 gün gidip bodrum merkezde eğlenmek alkol almak zorunda kaldık. Cünkü otelde içilecek tek adam akıllı içki verdikleri bir çeşit diğer viskiler paralı gece meyve yok çikolata yok eğlence yok. sözün kısası aracı kurum ve otelde hep hüsran oda satılana kadar vaadler sonra nasılsa girdi otele artık zevk almaya bakacak tavırları yetkililere anlatıyorum haklısınız beyfendi özür dileriz odaya ucuz bir şarap göndermeler onuda götürüp lobiye verdim siz içersiniz. Ben otelden cıkıp gittikten sonra düzelmenin bana ne faydası var. Düzelteceklerinide zannetmiyorum çünkü daha öncede yaşanmış ve düzelmemiş. Oteldeki yetkili problemleri anlattığımda aslında otelde çikolatada var meyvede arkadaşlar hata yapmış sizleri sürüklemişler. Disco konusunda da bizim pandemiden bu tarafa disco acık değil dedi müşteri ilişkileri sevcan hanım. Ben kandırıldım diyorum üzgünüz diyor. Sizin için napa bilirim diyor bende size soruyorum benim için napa bilirsiniz cevap yok ben kötü bir 3 gün geçirdim diyorum bir gün uzatma yapın onu yapamam diyor eee napacaksın zehir olan tatili ucuz şarapla ve basit bir özürlemi düzelteceksin. Bundan sonra ne crystal gurubun otelleri nede tatilbudur asla benim ve cevremin tercihi olmayacak. Benim numaram 5558752586 isteyene dahada detaylı anlatırım sıkıntıları zaten şikayet vara yazdım. Elimdeki ses kaydıylada tüketici mahkemesine aldatıcı tanıtım olarak dava acıcam.,Cözümsüzlük ve aldatma,2,Ağu 2023,,Ağustos 2023,Aileyle seyahat etti,,,,,,1 katkı
Green Bay Resort & Spa,"Değerli misafirimiz Kaan B, Tatiliniz için Crystal Green Bay Resort & Spa’yı tercih ettiğiniz için teşekkür ederiz. Crystal markasını tatil programınıza eklemeniz ve bu güzel yorumlarınız bizler için birer motivasyon kaynağıdır. Latif geri bildiriminiz için sizlere şükranlarımızı sunarız. En kısa zamanda sizleri tekrar ağırlamak ve Crystal Hotels farkını yeniden yaşatmak dileklerimizle... Saygılarımızla, Ahmet DERİN Otel Müdürü",Süper bir tatil,5,Ağu 2023,,Ağustos 2023,Arkadaşlarla seyahat etti,,,,,,3 katkı
Green Bay Resort & Spa,"Değerli misafirimiz Oğuzhan Ç, Tatiliniz için Crystal Green Bay Resort & Spa’yı tercih ettiğiniz için teşekkür ederiz. Crystal markasını tatil programınıza eklemeniz ve bu güzel yorumlarınız bizler için birer motivasyon kaynağıdır. Latif geri bildiriminiz için sizlere şükranlarımızı sunarız. En kısa zamanda sizleri tekrar ağırlamak ve Crystal Hotels farkını yeniden yaşatmak dileklerimizle... Saygılarımızla, Ahmet DERİN Otel Müdürü",Aile oteli,4,Ağu 2023,,Ağustos 2023,Arkadaşlarla seyahat etti,,,,,,1 katkı
Green Bay Resort & Spa,"Değerli misafirimiz Mahir T, Tatiliniz için Crystal Green Bay Resort & Spa’yı tercih ettiğiniz için teşekkür ederiz. Crystal markasını tatil programınıza eklemeniz ve bu güzel yorumlarınız bizler için birer motivasyon kaynağıdır. Latif geri bildiriminiz için sizlere şükranlarımızı sunarız. En kısa zamanda sizleri tekrar ağırlamak ve Crystal Hotels farkını yeniden yaşatmak dileklerimizle... Saygılarımızla, Ahmet DERİN Otel Müdürü",İyi ki crystal green bay resort,5,Ağu 2023,,Ağustos 2023,Aileyle seyahat etti,,,,,,1 katkı
Green Bay Resort & Spa,Tesise ikinci gidişimizdi geçen yılda çok memnunduk bu yılda çok memnun kaldık alkol yemek kalitesi mükemmel yapılan değişiklikler hemen fark ediliyor geçen yıl animasyon ekibini görmemiştik bile bu yıl ki ekip şovları ve ilgileriyle çok başarılıydı değişmesi gereken sadece jimmy kalmış adam yabancı ve yerli turist ayrımı yapıyor ve davranışları otele yakışmıyor tüm ekip bizi mutlu etmeye çabalarken jimmyle konuşunca bütün dengemiz değişiyor bu kadar yerli yabancı misafir ayrımı yayılmamalı geçen yılda aynıydı bu yılda onun dışında her şey mükemmeldi Sevcan hanım yine harikaydı ben bu kadar çözüm ve memnuniyet odaklı kimseyi görmedim Güngör şefte yaptığı yemekler ve ilgisiyle bizi feth etti elinize sağlık teşekkürler şefim seneye görüşmek üzere,Teşekkürler Sevcan hanım teşekkürler Güngör cheff,5,Ağu 2023,,Ağustos 2023,Çift olarak seyahat etti,,,,,,23 katkı
Green Bay Resort & Spa,"Sayın Misafirimiz Nur G, Crystal Hotels otelimizi tercih ettiğiniz için en içten teşekkürlerimizi sunar, konaklama deneyiminizi paylaşmak için ayırdığınız zamanın bizler için son derece kıymetli olduğunu bilmenizi isteriz.Tesisimiz ile ilgili paylaştığınız bilgiler için teşekkür eder konuyla ilgili memnuniyetsizliğinden dolayı üzüntümüzü iletmek isteriz Amacımız her geçen gün kendimizi yenileyerek servis ve hizmet kalitemizi daha üst seviyelere çıkarmaktır. Bu doğrultuda siz değerli konuklarımızdan gelen şikâyet, eleştiri ve önerilerin yönetim olarak yapacağımız çalışmalara olumlu katkıda bulunacağına inanmaktayız. Tesisimizi bir sonraki ziyaretinizde söz konusu memnuniyetsizliğinizin giderilmiş olması ile ilgili her türlü çabayı sarf edeceğimizi, sizleri tekrar aramızda görmekten onur duyacağımızı bilmenizi isteriz. En kısa zamanda sizleri tekrar ağırlamak ve Crystal Hotels farkını yeniden yaşatmak dileklerimizle... Saygılarımızla, Ahmet DERİN Otel Müdürü",Güzel bir deneyim,5,Ağu 2023,,Ağustos 2023,Aileyle seyahat etti,,,,,,1 katkı
Green Bay Resort & Spa,Doğası muhteşem ormanın içinde bir cennet gibi. Oda çok küçüktü. Açıkçası bu zamana kadar gittiğimiz oteller arasında en küçük odaydi bunaldik. Yemekler iyiydi. Memnun kaldık.Denizi dalgasız ama hemen derinleşiyor.sadece 1kez girdik. Havuzlar büyüklüğü iyi. Kalabalık olmuyor. Ama tatil sonrası ailecek hasta olduk. Havuzdan kaynaklandığını düşünüyorum.,Green bay,3,Ağu 2023,,Ağustos 2023,Aileyle seyahat etti,,,,,,1 katkı
Green Bay Resort & Spa,"Sayın Misafirimiz Aybıke U, Tesisimiz ile ilgili paylaştığınız bilgiler için teşekkür ederiz. Öncelikle konuyla ilgili memnuniyetsizliğinizden dolayı üzüntümüzü iletmek isteriz. Amacımız her geçen gün kendimizi yenileyerek servis ve hizmet kalitemizi daha üst seviyelere çıkarmaktır. Bu doğrultuda siz değerli konuklarımızdan gelen şikâyet, eleştiri ve önerilerin yönetim olarak yapacağımız çalışmalara olumlu katkıda bulunacağına inanmaktayız. Sizlerden gelen her türlü şikâyet, eleştiri ve öneriler değerlendirilmekte ve bu doğrultuda gerekli çalışmalar yapılmaktadır. Bu kapsamda sizden aldığımız görüşleriniz değerlendirilerek yetkili departmanlar tarafından takibinin itina ile yapılacağını bilmenizi isteriz Tesisimizi bir sonraki ziyaretinizde söz konusu memnuniyetsizliğinizin giderilmiş olması ile ilgili her türlü çabayı sarf edeceğimizi, sizleri tekrar aramızda görmekten onur duyacağımızı bilmenizi isteriz. Saygılarımızla, Ahmet DERİN Otel Müdürü","Muhteşem doğa, kötü koku 😔",3,Ağu 2023,,Ağustos 2023,Aileyle seyahat etti,,,,,,5 katkı
Green Bay Resort & Spa,"Değerli misafirimiz Esra Y, Tatiliniz için Crystal Green Bay Resort & Spa’yı tercih ettiğiniz için teşekkür ederiz. Crystal markasını tatil programınıza eklemeniz ve bu güzel yorumlarınız bizler için birer motivasyon kaynağıdır. Latif geri bildiriminiz için sizlere şükranlarımızı sunarız. En kısa zamanda sizleri tekrar ağırlamak ve Crystal Hotels farkını yeniden yaşatmak dileklerimizle... Saygılarımızla, Ahmet DERİN Otel Müdürü",Kesinlikle herşey çok güzel,5,Ağu 2023,,Ağustos 2023,Aileyle seyahat etti,,,,,,1 katkı
Green Bay Resort & Spa,"Sayın Misafirimiz Volkan U, Crystal Hotels otelimizi tercih ettiğiniz için en içten teşekkürlerimizi sunar, konaklama deneyiminizi paylaşmak için ayırdığınız zamanın bizler için son derece kıymetli olduğunu bilmenizi isteriz. En kısa zamanda sizleri tekrar ağırlamak ve Crystal Hotels farkını yeniden yaşatmak dileklerimizle... Saygılarımızla, Ahmet DERİN Otel Müdürü",Harika bir tatil,5,Ağu 2023,,Ağustos 2023,Aileyle seyahat etti,,,,,,1 katkı
Green Bay Resort & Spa,"Sayın Misafirimiz Fatih D, Crystal Hotels otelimizi tercih ettiğiniz için en içten teşekkürlerimizi sunar, konaklama deneyiminizi paylaşmak için ayırdığınız zamanın bizler için son derece kıymetli olduğunu bilmenizi isteriz. En kısa zamanda sizleri tekrar ağırlamak ve Crystal Hotels farkını yeniden yaşatmak dileklerimizle... Saygılarımızla, Ahmet DERİN Otel Müdürü",Tesekkurler,5,Ağu 2023,,Ağustos 2023,Aileyle seyahat etti,,,,,,1 katkı
Green Bay Resort & Spa,"Sayın Misafirimiz Burcak G, Crystal Hotels otelimizi tercih ettiğiniz için en içten teşekkürlerimizi sunar, konaklama deneyiminizi paylaşmak için ayırdığınız zamanın bizler için son derece kıymetli olduğunu bilmenizi isteriz. En kısa zamanda sizleri tekrar ağırlamak ve Crystal Hotels farkını yeniden yaşatmak dileklerimizle... Saygılarımızla, Ahmet DERİN Otel Müdürü",Tatil 2023,5,Ağu 2023,Hollanda,Ağustos 2023,Aileyle seyahat etti,,,,,,1 katkı
Green Bay Resort & Spa,"Sayın Misafirimiz İskender M, Crystal Hotels otelimizi tercih ettiğiniz için en içten teşekkürlerimizi sunar, konaklama deneyiminizi paylaşmak için ayırdığınız zamanın bizler için son derece kıymetli olduğunu bilmenizi isteriz. En kısa zamanda sizleri tekrar ağırlamak ve Crystal Hotels farkını yeniden yaşatmak dileklerimizle... Saygılarımızla, Ahmet DERİN Otel Müdürü",Tesekkurler,5,Ağu 2023,,Ağustos 2023,Aileyle seyahat etti,,,,,,1 katkı
Green Bay Resort & Spa,"Sayın Misafirimiz Kadir K, Crystal Hotels otelimizi tercih ettiğiniz için en içten teşekkürlerimizi sunar, konaklama deneyiminizi paylaşmak için ayırdığınız zamanın bizler için son derece kıymetli olduğunu bilmenizi isteriz. En kısa zamanda sizleri Crystal Hotels otellerimizde tekrar ağırlamak dileklerimizle... Saygılarımızla, Otel Yönetimi",Ailece geciribilecek bir otel,4,Ağu 2023,,Ağustos 2023,Aileyle seyahat etti,,,,,,2 katkı
Green Bay Resort & Spa,"Sayın Misafirimiz Vethekib, Crystal Hotels otelimizi tercih ettiğiniz için en içten teşekkürlerimizi sunar, konaklama deneyiminizi paylaşmak için ayırdığınız zamanın bizler için son derece kıymetli olduğunu bilmenizi isteriz. En kısa zamanda sizleri Crystal Hotels otellerimizde tekrar ağırlamak dileklerimizle... Saygılarımızla, Otel Yönetimi",Mükemmel bir tatil,5,Ağu 2023,"İstanbul, Türkiye",Ağustos 2023,Çift olarak seyahat etti,,,,,,9 katkı
Green Bay Resort & Spa,"Sayın Misafirimiz Murtazaa, Crystal Hotels otelimizi tercih ettiğiniz için en içten teşekkürlerimizi sunar, konaklama deneyiminizi paylaşmak için ayırdığınız zamanın bizler için son derece kıymetli olduğunu bilmenizi isteriz. En kısa zamanda sizleri Crystal Hotels otellerimizde tekrar ağırlamak dileklerimizle... Saygılarımızla, Otel Yönetimi",Teşekkür ederiz,5,Ağu 2023,"Çerkezköy, Türkiye",Ağustos 2023,Aileyle seyahat etti,,,,,,2 katkı
Green Bay Resort & Spa,"Otele haziran ayında da gelmiştik ağustos ayında bidaha geldik. Gerçekten çok memnun kaldık. Deniz harika . Yemekler harika. Hizmet harika. Odalar güzel . Oteldeki barlar ve restoranlar çok hoş . Saymaya kalksam buraya sığmaz ama birkaçının isminden bahsedeyim . Feet bardaki Ahmet ve dövmeli ablaya , Şahin beye ve vızır vızır çalışan ablaya özel olarak çok teşekkürler. Animasyon ekibinden Mert beye , Uğurcan ve damlaya kocaman teşekkürler . Otelin maestrosu Tuncay beye de çok selamlar . Odamızı temizleyen ablalarımıza da çok teşekkür ederiz.",Haaaaarika,5,Ağu 2023,,Ağustos 2023,Çift olarak seyahat etti,,,,,,4 katkı
Green Bay Resort & Spa,"Değerli misafirimiz Yasar K, Tatiliniz için Crystal Green Bay Resort & Spa’yı tercih ettiğiniz için teşekkür ederiz. Crystal markasını tatil programınıza eklemeniz ve bu güzel yorumlarınız bizler için birer motivasyon kaynağıdır. Latif geri bildiriminiz için sizlere şükranlarımızı sunarız. En kısa zamanda sizleri tekrar ağırlamak ve Crystal Hotels farkını yeniden yaşatmak dileklerimizle... Saygılarımızla, Ahmet DERİN Otel Müdürü","Harika personel, güzel yemekler",5,Ağu 2023,"İstanbul, Türkiye",Ağustos 2023,Aileyle seyahat etti,,,,,,21 katkı
Green Bay Resort & Spa,"Değerli misafirimiz Reyhan D, Tatiliniz için Crystal Green Bay Resort & Spa’yı tercih ettiğiniz için teşekkür ederiz. Crystal markasını tatil programınıza eklemeniz ve bu güzel yorumlarınız bizler için birer motivasyon kaynağıdır. Latif geri bildiriminiz için sizlere şükranlarımızı sunarız. En kısa zamanda sizleri tekrar ağırlamak ve Crystal Hotels farkını yeniden yaşatmak dileklerimizle... Saygılarımızla, Ahmet DERİN Otel Müdürü",Gayet iyi,5,Ağu 2023,,Ağustos 2023,Aileyle seyahat etti,,,,,,2 katkı
Green Bay Resort & Spa,İlk önce karşılamayla başlıyım bizi çok güler yüzle karşıladılar odalar temizdi konum olarak gerçekten çok güzel bir koyun içerisinde sahili çok güzel denizini de çok sevdik arkadaşımla gelmiştim buraya yemeklerini çok sevdik çeşit çok fazlaydı ve lezzetliydi animasyona bayıldık gerçekten çok samimi güler yüzlü insanlar Damla hanımı uğurcanı çok sevdik aşırı tatlılardı genel olarak herkesi çok sevdik çok seveceklerdi her şey için çok teşekkür ederiz:),Tam bir aile oteli ve çok eğlenceli bir yer,5,Ağu 2023,,Ağustos 2023,Arkadaşlarla seyahat etti,,,,,,1 katkı
Green Bay Resort & Spa,"Değerli misafirimiz Zehra K, Tatiliniz için Crystal Green Bay Resort & Spa’yı tercih ettiğiniz için teşekkür ederiz. Crystal markasını tatil programınıza eklemeniz ve bu güzel yorumlarınız bizler için birer motivasyon kaynağıdır. Latif geri bildiriminiz için sizlere şükranlarımızı sunarız. En kısa zamanda sizleri tekrar ağırlamak ve Crystal Hotels farkını yeniden yaşatmak dileklerimizle... Saygılarımızla, Ahmet DERİN Otel Müdürü",Mükemmel,5,Ağu 2023,"İzmir, Türkiye",Ağustos 2023,Arkadaşlarla seyahat etti,,,,,,1 katkı
Green Bay Resort & Spa,Konum olarak harika bir lokasyonda olan bu otelin aynı zamanda her tarafı mükemmel yeşillikte ağaçlarla çevrili doğa ile iç içe muhteşem bir koy.. Odaları biraz eski yemekleri orta üstü alkol çeşitleri harika ve 24 saat bu imkanlardan yararlanabiliyorsunuz. Denizi tertemiz sadece koyda olduğu için biraz bulanık . Onun dışında animasyon ekibi harika gösterileri aktiviteleri ilgileri alakaları asla sıkılmayacağınızı garanti edebilirim ayrıcı taleplerimize anında geri dönüş yapıp bizi hiçbir konuda bekletmediler hepsine sonsuz teşekkür ederim.. :),Teşekkürler,4,Ağu 2023,,Ağustos 2023,Çift olarak seyahat etti,,,,,,5 katkı
Green Bay Resort & Spa,"Değerli misafirimiz Esra C, Tatiliniz için Crystal Green Bay Resort & Spa’yı tercih ettiğiniz için teşekkür ederiz. Crystal markasını tatil programınıza eklemeniz ve bu güzel yorumlarınız bizler için birer motivasyon kaynağıdır. Latif geri bildiriminiz için sizlere şükranlarımızı sunarız. En kısa zamanda sizleri tekrar ağırlamak ve Crystal Hotels farkını yeniden yaşatmak dileklerimizle... Saygılarımızla, Ahmet DERİN Otel Müdürü",Keyifli crystal green bay,5,Ağu 2023,,Ağustos 2023,Aileyle seyahat etti,,,,,,1 katkı
Green Bay Resort & Spa,"17-21 ağustos tarihleri arasında bir çocuğumuzla 4 gece konakladık.öncelikle teşekkür etmek isterim genel olarak hersey harikaydı. Otelin konumu çok iyi.kendine ait bir koyda doğayla iç içe ve huzur bir ortamı var.otel yeterince büyük asla hiçbir yerde sıra beklemiyorsunuz.palmiyelerin,çiçeklerin,kuş seslerinin arasında yürüyerek bir noktadan diğerine geçmek bile zevkli. Sabahları denizdeki balıklara mutlaka selam vermelesiniz.plaj alanı büyük ve yeterli.Denizi cabuk derinleşiyor(bence guzel birsey) ,pırıl pırıl yüzmeye doyamayacağınız bir koy.denizin dibi görünmüyor evet doğru bizde cok şuphede kalmıştık fakat deneyimleyince şüphelerimin gereksiz oldugunu, denizin çok keyifli olduğunu anladım.Havuzlar ve aquapark eglenceli ve büyük.havuz etrafındakı şezlonglar az olsa da hic bulamadığımız olmadı.otelin her yeri temiz hiçbir hijyen sorununa rastlamadık.odamiz her gün temizlendi. Yemek konusuna gelince lezzetli ve aklınıza gelebilecek her çesit yemek mevcut.aç kalmak mümkün degıl.yemekler genel olarak lezzetli.snack bar bir harika.kids clubdaki çocuk açık büfesi de çocuğumuzu mutlu etti😊 fakat tatlılar icin aynı seyı soyleyemeyeceğim.kötüydu malesef. Waffle,gözleme ve dondurma bölümu en çok uğrak alanımızdı.👍içkiler iyiydi.her kösede bi bara rastlamak mümkün.taleplerinizi karşılayacaktır.barmenler de ilgili. Çalısanlar hepsi ilgili ve güler yüzlüyduler.hepsi işini hakkıyla yapıyor.Kids club çalısanlarına ayrıca teşekkür ederim🤗 cocuk diskosu ,diger animasyonlar,gosteriler de başarılıydı.Tam bir çocuk dostu oteli diyebiliriz. Eksiklerini değerlendirecek olursam tatlıların iyileştirilmesi ve aksamlari karanlik olan çocuk parkının aydınlatılmasını,çocuk aquaparkına ebeyvenler için oturma alanı oluşturulmasını tavsiye ederim. Biz tekrar tercih edebiliriz.Güzel bir tatil geçirdik. Teşekkürler crystal green bay resort otel😊","Güzel hizmet,harika konum.",5,Ağu 2023,,Ağustos 2023,Aileyle seyahat etti,,,,,,1 katkı
Green Bay Resort & Spa,"Değerli misafirimiz Serenay, Tatiliniz için Crystal Green Bay Resort & Spa’yı tercih ettiğiniz için teşekkür ederiz. Crystal markasını tatil programınıza eklemeniz ve bu güzel yorumlarınız bizler için birer motivasyon kaynağıdır. Latif geri bildiriminiz için sizlere şükranlarımızı sunarız. En kısa zamanda sizleri tekrar ağırlamak ve Crystal Hotels farkını yeniden yaşatmak dileklerimizle... Saygılarımızla, Ahmet DERİN Otel Müdürü",Harika,5,Ağu 2023,,Ağustos 2023,Çift olarak seyahat etti,,,,,,1 katkı
Green Bay Resort & Spa,"Sayın Fy, Crystal Green Bay Resort & Spa otelimizi tercih ettiğiniz için en içten teşekkürlerimizi sunar, konaklama deneyiminizi paylaşmak için ayırdığınız zamanın bizler için son derece kıymetli olduğunu bilmenizi isteriz. En kısa zamanda sizleri Crystal Hotels otellerimizde tekrar ağırlamak dileklerimizle... Saygılarımızla, Otel Yönetimi",Teşekkürler,5,Ağu 2023,"Aydın İli, Türkiye",Ağustos 2023,Arkadaşlarla seyahat etti,,,,,,2 katkı
Green Bay Resort & Spa,"Sayın Misafirimiz Fatih C, Crystal Hotels otelimizi tercih ettiğiniz için en içten teşekkürlerimizi sunar, konaklama deneyiminizi paylaşmak için ayırdığınız zamanın bizler için son derece kıymetli olduğunu bilmenizi isteriz. En kısa zamanda sizleri Crystal Hotels otellerimizde tekrar ağırlamak dileklerimizle... Saygılarımızla, Otel Yönetimi",Crystal otelden kaliteye hizmet,5,Ağu 2023,"Vatican City, İtalya",Ağustos 2023,Aileyle seyahat etti,,,,,,19 katkı
Green Bay Resort & Spa,"Değerli misafirimiz Subzeri, Nick name kullandığınızdan, kullanıcı isminizden hareketle yaptığımız kontrollerde konaklamanızı doğrulayamadık, fakat yazmış olduğunuz yorumda hala otelimizde tatil yaptığınız anlaşılmaktadır. Crystal Green Bay Resort & Spa otelimizi tercih ettiğiniz için en içten teşekkürlerimizi sunarız. Konaklama deneyiminizi konaklamanız devam ettiği sürede paylaşmanız bizler için son derece önemli ve kıymetli olduğunu bilmenizi isteriz. Sayın Subzeri, tatiliniz boyunca bir isteğiniz olduğunda misafir ilişkileri müdürü Sevcan Hanım ile iletişime geçebileceğinizi belirtmek isteriz. Aileniz ile birlikte iyi tatiller dileriz. Saygılarımızla, Ahmet Derin İşletme Müdürü",Sadece 2. Gün,4,Ağu 2023,,Ağustos 2023,Çift olarak seyahat etti,,,,,,2 katkı
Green Bay Resort & Spa,"Değerli misafirimiz Murat G, Tatiliniz için Crystal Green Bay Resort & Spa’yı tercih ettiğiniz için teşekkür ederiz. Crystal markasını tatil programınıza eklemeniz ve bu güzel yorumlarınız bizler için birer motivasyon kaynağıdır. Latif geri bildiriminiz için sizlere şükranlarımızı sunarız. En kısa zamanda sizleri tekrar ağırlamak ve Crystal Hotels farkını yeniden yaşatmak dileklerimizle... Saygılarımızla, Ahmet DERİN Otel Müdürü",Teşekkürler,5,Ağu 2023,,Ağustos 2023,Aileyle seyahat etti,,,,,,1 katkı
Green Bay Resort & Spa,"Sayın Misafirimiz V D, Crystal Hotels otelimizi tercih ettiğiniz için en içten teşekkürlerimizi sunar, konaklama deneyiminizi paylaşmak için ayırdığınız zamanın bizler için son derece kıymetli olduğunu bilmenizi isteriz. Tesisimiz ile ilgili paylaştığınız bilgiler için teşekkür ederiz. Öncelikle konuyla ilgili memnuniyetsizliğinizden dolayı üzüntümüzü iletmek isteriz. Amacımız her geçen gün kendimizi yenileyerek servis ve hizmet kalitemizi daha üst seviyelere çıkarmaktır. Bu doğrultuda siz değerli konuklarımızdan gelen şikâyet, eleştiri ve önerilerin yönetim olarak yapacağımız çalışmalara olumlu katkıda bulunacağına inanmaktayız. Sizlerden gelen her türlü şikâyet, eleştiri ve öneriler değerlendirilmekte ve bu doğrultuda gerekli çalışmalar yapılmaktadır. Bu kapsamda sizden aldığımız görüşleriniz değerlendirilerek yetkili departmanlar tarafından takibinin itina ile yapılacağını bilmenizi isteriz, En kısa zamanda sizleri tekrar ağırlamak ve Crystal Hotels farkını yeniden yaşatmak dileklerimizle... Saygılarımızla, Ahmet DERİN Otel Müdürü","Denizi , yemekleri, mini club süperdi",4,Ağu 2023,"İstanbul, Türkiye",Ağustos 2023,Aileyle seyahat etti,,,,,,3 katkı
Green Bay Resort & Spa,"Öncelikle otelin genel yapısı hakkında görüşlerimi söylemek istiyorum. Otel dört dörtlük tam anlamıyla. Yemekleri ,alkolleri , aktiviteleri ve müşteriye olan tutumlarıyla. Biz nişanlımla çok memnun kaldık ve 3 gece boyunca hiç sıkılmadan tatilimizi yaptık , sadece yüzme bilmeyen kişiler için denizi 3 adım sonra oldukça derinleşiyor o sıkıntı olabilir. Gelelim asıl konuya.. 17-20 Ağustos tarihleri arasında nişanlımla otelde konakladık. Ultra herşey dahil sistem olduğu için otelde cüzdan ya da paraya ihtiyaç duymuyorsunuz. Otele girerken cüzdanımda 50 euro şeklinde 3 adet 50 euro katlı şekilde ve birbiriyle iç içe şekilde bulunuyordu. 20 Ağustos günü otelden çıktıktan sonra cüzdanımı kontrol ettğimde 50 Euro mun eksik olduğunu farkettim ve hemen oteli aradım bilgilerimi aldılar dönüş sağlanacağını söylediler ama dönüş alamadım. Bu arada cüzdanım düğmeli ve kendi açılıp düşmesi imkansız olan bir cüzdan kaldı ki tüm paralar iç içe katlı şekilde dururken sadece 50 euronun yok olması cüzdanın açılıp alındığını net gösteriyor. Cüzdan odamızdan hiç çıkmadı çünkü paraya ihtiyacınız yok otelde. Girerken 150 euromun olup çıkarken 100 euromun olmuş olması ve bunu otele bildirip dönüş alamamam gerçekten çok ama çok kötü bir durum ( Okan Erdem - 1305 numaralı oda )",Odada duran cüzdandan alınan para,4,Ağu 2023,,Ağustos 2023,Çift olarak seyahat etti,,,,,,1 katkı
Green Bay Resort & Spa,"Değerli misafirimiz Duygu K, Tesisimiz ile ilgili paylaştığınız bilgiler için teşekkür ederiz. Öncelikle konuyla ilgili memnuniyetsizliğinizden dolayı üzüntümüzü iletmek isteriz. Amacımız her geçen gün kendimizi yenileyerek servis ve hizmet kalitemizi daha üst seviyelere çıkarmaktır. Bu doğrultuda siz değerli konuklarımızdan gelen şikâyet, eleştiri ve önerilerin yönetim olarak yapacağımız çalışmalara olumlu katkıda bulunacağına inanmaktayız. Sizlerden gelen her türlü şikâyet, eleştiri ve öneriler değerlendirilmekte ve bu doğrultuda gerekli çalışmalar yapılmaktadır. Bu kapsamda sizden aldığımız görüşleriniz değerlendirilerek yetkili departmanlar tarafından takibinin itina ile yapılacağını bilmenizi isteriz Tesisimizi bir sonraki ziyaretinizde söz konusu memnuniyetsizliğinizin giderilmiş olması ile ilgili her türlü çabayı sarf edeceğimizi, sizleri tekrar aramızda görmekten onur duyacağımızı bilmenizi isteriz. Saygılarımızla, Ahmet DERİN Otel Müdürü",Ağustos konaklama,3,Ağu 2023,,Ağustos 2023,Aileyle seyahat etti,,,,,,1 katkı
Green Bay Resort & Spa,"Sayın Arzu Ö, Crystal Green Bay Resort & Spa otelimizi tercih ettiğiniz için en içten teşekkürlerimizi sunar, konaklama deneyiminizi paylaşmak için ayırdığınız zamanın bizler için son derece kıymetli olduğunu bilmenizi isteriz. En kısa zamanda sizleri Crystal Hotels otellerimizde tekrar ağırlamak dileklerimizle... Saygılarımızla, Otel Yönetimi",Harikaa,5,Ağu 2023,,Ağustos 2023,Aileyle seyahat etti,,,,,,2 katkı
Green Bay Resort & Spa,"15-19 Ağustos arası konakladım. Bu buraya ikinci gelişimdi, her seferinde daha da memnun biçimde ayrılıyorum. Çalışanlar son derece güleryüzlü ve ilgiliydi, her biri için aynısını söyleyebilirim. Memnun edebilmek için ellerinden gelen her şeyi yaptılar ve çokta memnun kaldık. Gözüm kapalı tavsiye edebilirim. Resepsiyona, bar çalışanlarına, eğlence ekibine çok teşekkür ederiz ilgileri için. Ayrıca eğlence ekibinden Damla Hanım’a da enerjisi, güleryüzü, ilgisi için çok teşekkürler. Biz çok memnun kaldık, yeniden yolumuz kesinlikle düşer.","Temiz, güzel bir işletme",5,Ağu 2023,"İstanbul, Türkiye",Ağustos 2023,Aileyle seyahat etti,,,,,,1 katkı
Green Bay Resort & Spa,"Değerli misafirimiz Işık A, Tesisimiz ile ilgili paylaştığınız bilgiler için teşekkür ederiz. Öncelikle konuyla ilgili memnuniyetsizliğinizden dolayı üzüntümüzü iletmek isteriz. Amacımız her geçen gün kendimizi yenileyerek servis ve hizmet kalitemizi daha üst seviyelere çıkarmaktır. Bu doğrultuda siz değerli konuklarımızdan gelen şikâyet, eleştiri ve önerilerin yönetim olarak yapacağımız çalışmalara olumlu katkıda bulunacağına inanmaktayız. Sizlerden gelen her türlü şikâyet, eleştiri ve öneriler değerlendirilmekte ve bu doğrultuda gerekli çalışmalar yapılmaktadır. Bu kapsamda sizden aldığımız görüşleriniz değerlendirilerek yetkili departmanlar tarafından takibinin itina ile yapılacağını bilmenizi isteriz Tesisimizi bir sonraki ziyaretinizde söz konusu memnuniyetsizliğinizin giderilmiş olması ile ilgili her türlü çabayı sarf edeceğimizi, sizleri tekrar aramızda görmekten onur duyacağımızı bilmenizi isteriz. Saygılarımızla, Ahmet DERİN Otel Müdürü",Hijyen büyük sorun!!!,4,Ağu 2023,"Bristol, İngiltere",Ağustos 2023,Aileyle seyahat etti,,,,,,4 katkı
Green Bay Resort & Spa,"Özellikle çocuklu aileler için otel harika. Hem küçük hem pratik. Tüm alanlara ulaşım kolay. Denizi kapalı koy olduğundan hep havuz gibi. Personel hep çok nazik, güleryüzlü. Özellikle Müşteri İlişkilerinden sorumlu Sevcan Sıcakyüz çözüm odaklı yaklaşımı, güleryüzü ve misafirperverliğiyle bizim bu oteli her yıl tercih etmemizin yegane sebebidir. Bu yıl tanıştığımız otelin şef aşçısı Güngör Bey de bu güne kadar hiçbir otelde karşılaşmadığımız eşsiz yaklaşımıyla daha yıllarca bizi buraya bağladı.","Otel konum ,odalar ,deniz yemekler animasyoncular,Kids clup çalışanları olarak çok güzel ve harika tavsiye ediyorum.",5,Ağu 2023,,Ağustos 2023,Aileyle seyahat etti,,,,,,2 katkı
Green Bay Resort & Spa,"Değerli konuğumuz Eren, Zaman ayırarak tesisimiz hakkındaki görüşlerinizi ilettiğiniz için teşekkür ederiz. Crystal Hotels Resorts & Spa Ailesi olarak amacımız her geçen gün kendimizi yenileyerek servis ve hizmet kalitemizi daha üst seviyelere çıkarmaktır. Sizlerden gelen her türlü şikayet, eleştiri ve öneriler değerlendirilmekte ve bu doğrultuda gerekli çalışmalar yapılmaktadır. Eren bey öncelikle belirtmek isteriz ki bahsetmiş olduğunuz konular ile ilgili tüm notlar alınmış ve ilgili departmanlardaki yöneticiler ile paylaşılmış ve çalışanlarımız ile toplantı yapılarak tüm bu olumsuzluklar ile ilgili derhal gerekli eğitimler verilmiştir. Sizlerden bizlere bir şans daha vermenizi ve otelimizden mutlu olmuş bir şekilde uğurlamayı çok isteriz. Saygılarımızla, Ahmet Derin İşletme Müdürü",Memnun,4,Ağu 2023,,Ağustos 2023,Çift olarak seyahat etti,,,,,,2 katkı
Green Bay Resort & Spa,"Biz balayımız için tercih ettik, çalışan herkes çok güler yüzlü ve çok yardımcıydı. Odalar tertemizdi. Yemekleri inanılmaz lezetli ve çeşitliydi. A la carte restoranda İstanbul’u tercih ettik, lezzet olarak orası da harikaydı. Aktiviteler, gece şovları süperdi. Kolombiya dans gösterisi efsaneydi. Denizini biz çakıl olarak düşünmüştük, kumsaldı. Yüzmesi keyifliydi. Kalabalık olmasına rağmen sizi rahatsız eden hiçbir şey yok, sakin bir hotel. Her şey için teşekkür ederiz. ✨","Balayı için tercih ettik, harikaydı.",5,Ağu 2023,"Ankara, Türkiye",Ağustos 2023,Çift olarak seyahat etti,,,,,,1 katkı
Green Bay Resort & Spa,"Sayın Taner D, Crystal Green Bay Resort & Spa otelimizi tercih ettiğiniz için en içten teşekkürlerimizi sunar, konaklama deneyiminizi paylaşmak için ayırdığınız zamanın bizler için son derece kıymetli olduğunu bilmenizi isteriz. En kısa zamanda sizleri Crystal Hotels otellerimizde tekrar ağırlamak dileklerimizle... Saygılarımızla, Otel Yönetimi",Ağustos tatili,5,Ağu 2023,"İstanbul, Türkiye",Ağustos 2023,Aileyle seyahat etti,,,,,,42 katkı
Green Bay Resort & Spa,Eşim ve 3 yaşında kızım ile 5 gece geldik. Yarın otelden ayrılıyoruz gelmek isteyenler için yazmak istedim. personellerin ilgi ve alakası güler yüzleri insana iyi hissettiriyor. Kids clup çoook güzeldi Raya ve diğerleri hepsi inanılmaz tatlı ve çok ilgiliydi akşam şovlar canlı müzik vs sıkılmıyorsunuz animasyonlar gerçektwn güzeldi sans şovları vs güzeldi içkiler güzeldi tatmin ediciydi kötü bilinmedik marka yoktu Yemekler bol bol çeşitli ve lezzetliydi birde her saat yiyecek birşeyler bulabiliyorsunuz buda güzeldi havuzlar güzeldi ancak çocuk havuzunun orada ebeveynler için oturacak bir alan yok ayakta bekliyorsunuz bu kötüydü ama onun haricinde plajda ve havuzlarda şezlonglar gayet yeterli hiç yer sorunu yaşamadık havlu ile yer tutma koşturma yok güzel Odalarda bir çift kişilik bir tek kişilik yatak vardı ama çook küçüktü :/ ama odada sadece uyuduğumuzu düşünüp biz sorun etmedik. Tekrar gelmeyi isteriz fiyata göre gayet memnun kaldık çocuk dostu tavsiye ederiz. Sevgiler ve teşekkürler,Güzel ve keyifli bir tatildi çok teşekkürler ❤️,5,Ağu 2023,,Ağustos 2023,Aileyle seyahat etti,,,,,,2 katkı
Green Bay Resort & Spa,"İlk defa kaldığımız oteli çok beğendik. Personeli ilgili ve güleryüzlü.Lokasyonu çok güzel. Animasyon ekibi çok başarılı. Tüm misafirler ile tek tek ilgileniyorlar.Mutfak ekibi çok iyi,yemekler harika. Sadece çarşaf temizliği konusinda ilgili birimin daha dikkatli olması gerekiyor. Kısaca temizlik konusunda biraz daha özenli oldukları takdirde Herkese tavsiye ederim.",Tavsiye ederim.,5,Ağu 2023,,Ağustos 2023,Aileyle seyahat etti,,,,,,1 katkı
Green Bay Resort & Spa,"Sayın Sightsee11159113604, Crystal Green Bay Resort & Spa otelimizi tercih ettiğiniz için en içten teşekkürlerimizi sunar, konaklama deneyiminizi paylaşmak için ayırdığınız zamanın bizler için son derece kıymetli olduğunu bilmenizi isteriz. En kısa zamanda sizleri Crystal Hotels otellerimizde tekrar ağırlamak dileklerimizle... Saygılarımızla, Otel Yönetimi",Eğlenceli ve dinlendiren bir tatildi,5,Ağu 2023,,Ağustos 2023,Aileyle seyahat etti,,,,,,1 katkı
Green Bay Resort & Spa,"Sayın Suat, Crystal Green Bay Resort & Spa otelimizi tercih ettiğiniz için en içten teşekkürlerimizi sunar, konaklama deneyiminizi paylaşmak için ayırdığınız zamanın bizler için son derece kıymetli olduğunu bilmenizi isteriz. En kısa zamanda sizleri Crystal Hotels otellerimizde tekrar ağırlamak dileklerimizle... Saygılarımızla, Otel Yönetimi",Crystal Green bay Resort *****,5,Ağu 2023,,Ağustos 2023,Aileyle seyahat etti,,,,,,1 katkı
Green Bay Resort & Spa,"Gelmeden önce yorumlara bakarak tercih ettiğimiz bir oteldi o nedenle yorum yazmanın çok önemli olduğunu düşünüyorum ; Öncelikle Müşteri ilişkilerinden Sevcan hanıma oğlum düşüp başını çarptığında benden önce müdahale ettiği için ve güler yüzü için çok teşekkür ederiz. Her şey o kadar güzeldi ki unutamayacağımız güzel anılarla dolu bir tatil yaptık, istediğimiz gibi aktivitelerle dolu geçti, zumba ve yoga eğitmeni bitmeyen bir enerjisi olan Damla hanım, oğlumun futbol sevdasına katkıda bulunan güler yüzlü Adam, dart ve bocce oynarken dehşet eğlendiren Uğur Can'a, Animasyon Şefi girdiği ortama neşe saçan, önerilerimizi dikkate alan ve hemen aksiyon alan sevgili Mert beye, isimlerini hatırlayamadığım fakat İtalyan ala'cart restoran çalışanları, gözleme evinde çalışan bayanlar hepsi çok ilgili ve güler yüzleri ile keyifli bir tatil sundukları için çok çok teşekkür ediyorum. Temizlik açısından da çok iyi çarşaf ve havlular hergun değişiyor. Yemekler muhteşem aç kalma ihtimaliniz yok, tek sıkıntı kilo almış olarak dönüş yapabilirsiniz 🙈🥰 bu aşamada Damla hanım devreye giriyor zumba ile yaktırıyor 🥰 Deniz gayet temiz ama daha önceki yorumlarda da okumuştum birden derinleşiyor dikkatli olmak gerekiyor. Son olarak doğum günümde odamda karşılaştığım sürpriz şarap, pasta,meyve tabağı ve lokumlar için çok teşekkür ediyorum. Çok ince bir davranıştı çok mutlu olduğumu söylemeden geçemeyeceğim. Gidecek olanlara tesisi şiddetle tavsiye ediyorum.",Sınırsız eğlence ve keyifli zamanlar,5,Ağu 2023,,Ağustos 2023,Aileyle seyahat etti,,,,,,1 katkı
Green Bay Resort & Spa,"Sayın Atilla Osman Y, Crystal Green Bay Resort & Spa otelimizi tercih ettiğiniz için en içten teşekkürlerimizi sunar, konaklama deneyiminizi paylaşmak için ayırdığınız zamanın bizler için son derece kıymetli olduğunu bilmenizi isteriz. En kısa zamanda sizleri Crystal Hotels otellerimizde tekrar ağırlamak dileklerimizle... Saygılarımızla, Otel Yönetimi",Crystal green bay holiday,4,Ağu 2023,"Ankara, Türkiye",Ağustos 2023,Aileyle seyahat etti,,,,,,1 katkı
Green Bay Resort & Spa,"Sayın Misafirimiz Tekcan A, Crystal Hotels otelimizi tercih ettiğiniz için en içten teşekkürlerimizi sunar, konaklama deneyiminizi paylaşmak için ayırdığınız zamanın bizler için son derece kıymetli olduğunu bilmenizi isteriz. En kısa zamanda sizleri tekrar ağırlamak ve Crystal Hotels farkını yeniden yaşatmak dileklerimizle... Saygılarımızla, Ahmet DERİN Otel Müdürü",Ailecek gelinebilecek güzel bir otel,5,Ağu 2023,,Ağustos 2023,Aileyle seyahat etti,,,,,,3 katkı
Green Bay Resort & Spa,"5 Ağustos -11 Ağustos tarihleri arasında konakladık. Denizi dalgasız ve durgun, yüzme bilen çocuklar için de uygun. Ancak derin. Sahilde şezlong sıkıntısı yaşanması mümkün değil yeterli sayıda ve rahatsız değil. Havuzlar da temiz ve düzenli. Çocuklar için uygun. Aqua parkta da keyif alınabilir. Otel çam ormanının içinde. Temiz ve sağlıklı bir havası var. Her gün üç farklı ızgara çeşidi ile hizmet veriyorlar. Izgarayı demir sacta değil kömür ateşiyle yakılmış mangalda yapıyorlar ve çok lezzetli. Izgaralar dışındaki yemekler de vasatın üstünde lezzetli. Restoranda masa ve sandalye yeterli, sıra beklenmiyor. Odaların temizliği gayet iyi. Temizlik yapılmasını istediğinizde veya bir sorun oluştuğunda anında çözüyorlar. Örneğin bizim odamızda duş konusunda bir sorun yaşadık yarım saat geçmeden çözdüler. Çalışanlar disiplinli ve düzenli. Bu çapta bir otelde, bir iki deneyimsiz çalışan olması çok olağandır. dikkatimi çeken diğer bir şey otelde şef olarak çalışan personel dikkatli ve özenli, Misafir memnuniyeti için bir hiyerarşik düzen oluşturulmuş bu da seviye ve düzen sağlıyor. Otelde bir çok bar var. Her barda içmek istediğiniz her içkiye ulaşabilirsiniz. Biraları kaliteliydi. rakı içmek isteyenlere yeni rakı servis ediyorlar. Alacart restoranlarda tercih şansınız var. Türk mutfağı, italyan restoran veya deniz ürünleri restoranını seçebilirsiniz. Biz deniz ürünlerini tercih ettik. Çok lezzetli bir dil balığı yedik. Neredeyse 24 saat pizza veya döner yeme imkanınız var. İstediğinz an çorba içebilirsiniz. Gözleme waffle hamburgeri neredeyse bütün gündüz saat 17 ye kadar yiyebilirsiniz. Bunlar genelde çocukların sevdiği şeyler. Diğer otellerde biri biter diğeri başlar ama örneğin gözleme saati biter hamburger başlar bu otelde öyle değil. İstediğiniz zaman ulaşabilrsiniz. dondurmaya da öyle. Otelde bir futbol sahası var. Saat 16:30 da animasyon ekibi maç düzenliyor. Çocuklarla birlikte eğlenebilirsiniz. Plaj voleybolu, masa tenisi, basket sahası tenis kortu var. Spor yapmak isteyeler için her türlü imkan var. Her gece canlı müzik var ve sahne alan kişiler sıradan değiller. Her gece bir konser dinledik diyebiliriz. Öncesinde amfi tiyatroda gösteriler düzenleniyor. Geceleri de sıkılmak çok mümkün değil. Animasyon yapan gençler ilgili yetenekli. Ben bir hafta boyunca kendimi müşteri gibi değil misafir gibi hissettim. Gönül rahatlığı ile gelinebilir. Üç küçük eleştirim var. Yataklar biraz daha rahat olabilir ve mezelere biraz daha özenilebilir ve Milas'a yakın olduğumuzu hissettirecek kaliteli bir zeytinyağı soslar arasına konabilir. Her şey için teşekkür ederiz.",Güzel huzurlu bir tatil,4,Ağu 2023,"Aydın İli, Türkiye",Ağustos 2023,Aileyle seyahat etti,,,,,,1 katkı
Green Bay Resort & Spa,"Konum olarak eşsiz,doğa manzarası harika her tarafı yemyeşil sadece manzarası için bile tercih edilmeli.Personel ilgili,güler yüzlü ellerinden gelen her şeyi fazlasıyla yapmaya çalışıyorlar.Animasyon ekibi eğlenmeniz için büyük çaba sarf ediyor.Temizlik yemekler kusursuz tatilimiz devam ediyor en küçük bir olumsuzluk yaşamadık.Huzurlu tatil ve dinlenmek için tercih edilmesi gereken bir yer.Animasyon ekibinden Uğur Can başta olmak üzere tüm ekibe ilgilerinden dolayı ayrı ayrı teşekkürler,çok başarılılar;Harikasınız Green Bay güzel bir tatil dönemi geçiriyoruz tekrar tekrar teşekkür ederiz.",Güzel değil;çok güzel !!!,5,Ağu 2023,"İstanbul, Türkiye",Ağustos 2023,Aileyle seyahat etti,,,,,,39 katkı
Green Bay Resort & Spa,"Sayın Çınar K, Crystal Green Bay Resort & Spa otelimizi tercih ettiğiniz için en içten teşekkürlerimizi sunar, konaklama deneyiminizi paylaşmak için ayırdığınız zamanın bizler için son derece kıymetli olduğunu bilmenizi isteriz. En kısa zamanda sizleri Crystal Hotels otellerimizde tekrar ağırlamak dileklerimizle... Saygılarımızla, Otel Yönetimi",Teşekkürler herşey için,5,Ağu 2023,,Ağustos 2023,Aileyle seyahat etti,,,,,,1 katkı
Green Bay Resort & Spa,"Sayın Misafirimiz Hümeyra T, Crystal Hotels otelimizi tercih ettiğiniz için en içten teşekkürlerimizi sunar, konaklama deneyiminizi paylaşmak için ayırdığınız zamanın bizler için son derece kıymetli olduğunu bilmenizi isteriz. Hümeyra hanım tesisimizden %100 memnun kalmadığınızı öğrenmiş olmaktan son derece üzgün olduğumuzu bilmenizi isteriz. Hümeyra hanım değinmiş olduğunuz lezzet konusunun murfak ekibi ile paylaşıldığını belirtmek isteriz. Kaydıraklar ile alakalı olarak rutin kontroller yapıldığını ve olumsuz hiç bir soruna rastlanmadığını da ayrıca bilmenizi isteriz. Bu konuyu çıkmadan misafir ilişkilerine bildirmiş olsaydınız kontrolleri birlikte yapabilir ve aklınızda soru işareti olmadan otelimizden gönül rahatlığı ile ayrılabilirdiniz. Denizimiz kapalı koyda olmasından dolayı bulanıklık mevcut ancak denizimiz temizdir. En kısa zamanda sizleri tekrar ağırlamak ve Crystal Hotels farkını yeniden yaşatmak dileklerimizle... Saygılarımızla, Ahmet DERİN Otel Müdürü",Gidilebilir,3,Ağu 2023,,Ağustos 2023,Aileyle seyahat etti,,,,,,1 katkı
Green Bay Resort & Spa,"Otel tam bir doğa harikası.sadece size ait bir koyda tatil yapıyorsunuz.denizinin çok berrak olmadığını söylemeliyim.ama manzarası muhteşem.mimari olarak da doğaya saygılı bir yapıda olması hoşuma gitti.gittiğimiz tarihlerde Türkiye de rekor sıcaklıklar yaşanıyordu.ama biz öğlen snack barda serin serin oturabildik çünkü her yer orman,bu durum bölgenin ortalama sıcaklık değerini olumlu etkiliyor.animasyon ve canlı müzik etkinliklerine oldukça kaliteli ekipler geliyor.otel imkanları,çalışanların saygılı oluşu,temizliği kusursuzdu.çalışanlar çok profesyonel gelmedi bana,ama misafir memnuniyeti için çabalamaları takdire şayandı.ayrılacağımız gün oğlumun doğum günüydü.çocuk kulübündeki personellerden bir şeyler yapabilir miyiz diye rica ettim beni kırmadılar.çocuk kulübü personeli RAYA hanımın tatlı organizasyonu ve tatlı hediyesiyle ailecek çok mutlu olduk.otelden son derece memnun ayrıldık.",Muhteşem doğa ve mükemmel deneyim,4,Ağu 2023,,Ağustos 2023,Aileyle seyahat etti,,,,,,1 katkı
Green Bay Resort & Spa,"Sayın Misafirimiz Özcan K, Crystal Hotels otelimizi tercih ettiğiniz için en içten teşekkürlerimizi sunar, konaklama deneyiminizi paylaşmak için ayırdığınız zamanın bizler için son derece kıymetli olduğunu bilmenizi isteriz. En kısa zamanda sizleri tekrar ağırlamak ve Crystal Hotels farkını yeniden yaşatmak dileklerimizle... Saygılarımızla, Ahmet DERİN Otel Müdürü",Harika,5,Ağu 2023,,Ağustos 2023,Aileyle seyahat etti,,,,,,1 katkı
Green Bay Resort & Spa,"Sayın Misafirimiz Sevgiz Z, Crystal Hotels otelimizi tercih ettiğiniz için en içten teşekkürlerimizi sunar, konaklama deneyiminizi paylaşmak için ayırdığınız zamanın bizler için son derece kıymetli olduğunu bilmenizi isteriz. En kısa zamanda sizleri tekrar ağırlamak ve Crystal Hotels farkını yeniden yaşatmak dileklerimizle... Saygılarımızla, Ahmet DERİN Otel Müdürü",teşekkürler,5,Ağu 2023,,Ağustos 2023,Aileyle seyahat etti,,,,,,1 katkı
Green Bay Resort & Spa,"Yemekler beklenenin çok çok üstünde ben gayet beğendim. Gözlemeci teyze çok tatlış. Ayrıca barlarda ve açık büfede a la carte servis var. Yani açık büfeden kendiniz alıyorsunuz ama çevrede dolaşan garson arkadaşlar çok hızlı ve gözleri açık. Açık büfe olmasına rağmen gelip isteğinizi sorup size getiriyorlar. Eğer tatlı unuttuysanız oradaki bir görevli masanıza hemen bir tatlı getirebilir :) Ayrıca gerek açık büfede gerek barlarda kendi içkimi kendim almadım sürekli buralarda dolaşan çalışanlar servis ettiler. Gerçekten çok ilgili ve iyiler. Ayrıca Mert Bey ve ekibinin dansına hayranım çok eğlenceli çalışanlar. Oda temizliği biraz problemli ekstra çarşaf ve nevresim takımı değişimi için belirtilmesine ihtiyaç duyuluyor. Yerler detaylı temizlenmiyor. Bizim için büyük bir dert değildi ama zaten belirtince hemen düzeltildi. Balayı konseptleri çok güzel odamızı bir üst sınıf odaya yükselttiler ve bize pasta, şarap gibi ikramlarda bulunuldu. Minibar ücretsiz ve sürekli yenileniyor. Tüm çeşit içeceklerin 200ML çeşitleri minibarda oluyor. Her şey harikaydı her akşam etkinlik ve barda canlı müzik ve dj performansları var. Gün içerisinde tavla dart su topu su jimnastiği gibi çok farklı eventlerde yapılıyor. Tüm çalışanlara yürekten teşekkür ediyorum. Sayenizde harika bir balayı geçirdik. Not: Kahvaltı A La Carte çok kötü bir yumurta 1 saatte geliyor ve tuzsuz kuru yanık. Otelin tek problemi A La Carte Kahvaltı restorant.",Harika bir balayı için harika seçim,5,Ağu 2023,,Ağustos 2023,Çift olarak seyahat etti,,,,,,1 katkı
Green Bay Resort & Spa,"Bir arkadaş tavsiyesi ile gittik memnun kaldık.Her konuda ellerinden geleni yapan çözüm odaklı çalışanlara sahip bir otel,isteklerimiz hiç geri çevrilmedi…kokteylleri en iyi yapan barda lacivert giyenler, açık renkli giyen arkadaşlar pişme aşamasında belli :) A la cart sorumlusu Emre bey,gözlemeci Fatma hanım ve waffle sorumlusu Latife hanım işlerini severek yapan çalışanların başında geliyor..oda temizliği her gün yapılıyor,minibar yenileniyor…odalarda havalandırma problemi mevcut buna bir çözüm lazım çok odaya girmeyenler için cok prolem olmaz.. rüzgarın yönüne göre beliren bazı kokular mevcut gün içinde bunu çözemedik ama denizden gelmedigi aşikar…deniz çok sakin,dalgasız ve cocuklu aileler için ideal ve ılık..aquaparkta havuz derinliği yetişkinler için yetersiz dikkatli kullanmak lazım,bel ve topuk çarpabiliyor…çocuk aquaparkında da bir gözetmen olsa iyi olur cocuklar kayacakları sırayı bilmiyorlar daha biri suya girmeden digeri kaymaya başlıyor…aksam canlı müzikleri cok cok eğlenceli ve kaliteli,animasyon ekibi 10 numara,tam bir fiyat performans oteli biz cok begendik yine ziyaret edeceğiz..",Memnun kaldığımız bir tatilden,5,Ağu 2023,,Ağustos 2023,Aileyle seyahat etti,,,,,,3 katkı
Green Bay Resort & Spa,"Merhaba; genel olarak olumlu düşüncelerle otelinizinden ayrıldım. Harika bir koy, çarşaf gibi deniz, kumsal plaj, kaliteli şezlonglar… Otel ve odalar temiz. Birkaç yerde bar mevcut, her an içecek bir şeyler bulunabiliyor. Yemekler çeşitli ve lezzetli. Her akşam amfi tiyatroda gösteriler oluyor ve hemen ardından Feet Bar’da canlı müzik dinleyebiliyorsunuz. Fakat şahsen ben Feet Bar hariç hiçbir yerden lezzetli kokteyl içemedim. Tecrübeli birkaç barmene ihtiyacınız olduğu gibi, alkolde kullandığınız markaların kalitesine de dikkat etmelisiniz. Otele ilk gittiğimizde zemin katta kalmak istemediğimizi beyan etsek de boş oda olmadığından anlayış gösterip kaldık. Fakat 3.günde ise; bu defa koridor gürültüsünden sabahları uyuyamadığımızı belirterek tekrar değişiklik talebinde bulunduk ve ancak odamız değiştirildi. Bu süreçteki desteği için, Sevcan Hanım’a çok teşekkür ederim; son derece çözüm odaklı ve nazik biri. Ayrıca animatörlerin gün içinde sürekli etkinliklerle ilgili bilgi vermek için rahatsız etmesinden hoşlanmadığımızı belirttik. Bununla ilgili de yine Sevcan Hanım destek oldu. Genel olarak olumlu düşünüyorum. Eşimle memnun kaldık; fiyat-performans oteli. Yabancı turistlerden çok Türkler, Almancı Türkler, Kazaklar çoğunluktaydı. Kimsenin şahsi almasını istemem fakat yabancıların çoğunlukta olmasını gerçekten tercih ederim. Koridorlarda ses çıkaranların hiçbiri yabancı uyruklu insanlar değildi, emin olabilirsiniz. Dolayısıyla kökten çözüm için en azından koridorlarınıza yalıtım şart. Tatilde, sabahın 7 inde başka insanların görgüsüz gürültüsü ile uyanmak emin olun ki, hiç hoş değildi. Saygılarımla.","Harika Otel, gürültü ve bar hariç…",4,Ağu 2023,,Ağustos 2023,Çift olarak seyahat etti,,,,,,1 katkı
Green Bay Resort & Spa,"Öncelikle hiç tatil yapmamış ve daha önce bu sınıfta bir otele gitmemiş olan misafirler için iyi denilecek tercih edilebilecek bir otel. Gelelim bizim gibi uzun yıllardır bir çok zincir otele gitmiş yüksek kalitede tatil yapmış sonrada, ülkesindeki ekonomik çılgınlık yüzünden herzaman tercih ettiği otellere gidemeyip fiyat performans olarak burayı tercih edenlerle. İlk girişte otele satın almadığım tercihim olmayan 2 farklı odayı vermeye çalıştılar allahtan itiraz ettik odalara baktık da düzgün sayılacak bir odaya giriş yapabildik. Tesis güzel çok büyük değil ama yeterli restoran deniz ve havuzlar birbirlerine çok uzak değil. Odalar standart çok beklentinizi yüksek tutmayınız. Sezonun tam yoğun zamanı olduğundan otel kalabalık ve bence personel yetersiz. Küçük ama sinir bozan bazı aksaklıklar mevcut, mesela çocuk için dışarıdan su bulmak neredeyse imkansız sanki özel bir şey istiyormuşuz gibi garsonlar bi şuraya sorun bi buraya bakın diyorlar tamam getirelim diyen yok. O nedenle ufaklık için soğuk sulardan alıp yanımızda gezdirdik ısınsın diye günlerce. Yemek konusunda bence yetersizler hep aynı şeyler doğru düzgün bir ızgara var desem yalan olur hindi-tavuk- az miktarda dana ve kuzu. Tatlılar gerçekten vasat acil şef değişimi bence. Alkollü içeceklere gelirsek vasat sınıfta kalılar bir bara gidiyorsun burda o yok diyor diğerine gidiyorsun burda şu yok diyor. Yahu çocuklu ailelerin olduğu havuz barda kahve yok kahve türk kahvesi bu insanlar ne yapsın küçüçük çocuklarıyla. Oyuncaklı çocuk havuzu var iyi dedik geldiğim günden beri 3 gün çalışmadı bozukmuş. Yahu sezonun ortasında bu kadar çocuklu bir otelde nasıl çalıştıramazsınız nasıl çözüm bulamazsınız hayret verici bir olaydı. Plaj-havuz havluları kötü ve sürekli size havlu vermemek için direnen personeller var. Değişim yok şu saatte havlu yok bu saatte alamazsın gibi enteresan oteli ucuz gösteren kurallar var. Asıl bizi delirten olay çıkışımız yarın olmasına rağmen resepsiyon bizim oda kartımızı iptal etmiş bugün çıkış yaptırmaya çalıştılar. Buna diyecek birşey bulamadım. Tüm barlarda kokteyller acayip vasat ya da biz çok iyilerine alıştık bize kötü geliyor olabilir. Biz oteldeyken sayın CEO BEY ziyaretteymiş be arkadaş ceo varken biraz kendinize çeki düzen verin bari hiç ortamda kurumsallık yoktu. Gelelim teşekkürlere güzel olan şeylere, Kids club çalışanları gerçekten çok tatlılar ve ilgililer baya eğlendi bizim ufaklık. Oda temizlik personelleri gayretli güler yüzlü ama temizlik çok çok iyi mi desek maalesef. Lobby bar Alican çok iyi teşekkürler. Kumsal bardaki adını şuan bir türlü hatırlayamadığım akşamları çalışan arkadaşımız da gayet iyi. Denizi kötü değil egeliler beğenmez biz berrak sulara alışkınız burası bulanık birde sürekli bir balık yemi kokusu var çiftlikler varmış sanırım. Şezlong konusunda sıkıntı yaşamadık.",Bizim için Vasat bir tatildi.,3,Ağu 2023,"İzmir, Türkiye",Ağustos 2023,Aileyle seyahat etti,,,,,,10 katkı
Green Bay Resort & Spa,"Merhabalar,otelin geliştirmesi ve düzeltmesi gereken bazı şeyleri mevcut,restaurantta ekmek poğaça yemek vs herseyin üzerinde sinekler geziyor,bunu iletmeme rağmen yapılacak bişey yok cevabını alıyorsunuz.Kokteyller konusunda ellerinde kullanılcak malzeme olsada bilgisi olmayan barmenler sayesinde kokteyller felaket kötü.Yemek lezzeti başarılıydı.Otel girişinde dekorasyon konusunda acilen bişeyler yapılması gerekiyor.İlk girdiğiniz andaki izlenim kötü bir yere geldiğini düşündürtüyor.Peyzajı yetersiz kalmış.Oda temizliği ve bu konuda çalışanların ilgisi oldukça güzeldi.crsytal grubundaki otellerin bir çoğunda kalmış olmama rağmen bu otel onlardan aşağıda kalıyor.Umarım kısa zamanda gerekli iyileştirmeleri yaparlar.İyi çalışmalar",Kısaca biraz önce bahsettim,4,Ağu 2023,,Ağustos 2023,Aileyle seyahat etti,,,,,,1 katkı
Green Bay Resort & Spa,"Sayın Misafirimiz 237g_ne_k, Crystal Hotels otelimizi tercih ettiğiniz için en içten teşekkürlerimizi sunar, konaklama deneyiminizi paylaşmak için ayırdığınız zamanın bizler için son derece kıymetli olduğunu bilmenizi isteriz. En kısa zamanda sizleri tekrar ağırlamak ve Crystal Hotels farkını yeniden yaşatmak dileklerimizle... Saygılarımızla, Ahmet DERİN Otel Müdürü",Harika green bay,5,Ağu 2023,,Ağustos 2023,Aileyle seyahat etti,,,,,,1 katkı
Green Bay Resort & Spa,"Değerli Misafirimiz Özer4128, Crystal Green Bay Resort & Spa otelimizi tercih ettiğiniz için en içten teşekkürlerimizi sunar, konaklama deneyiminizi paylaşmak için ayırdığınız zamanın bizler için son derece kıymetli olduğunu bilmenizi isteriz. Tesisimiz ile ilgili paylaştığınız bilgiler için teşekkür ederiz. Öncelikle konuyla ilgili memnuniyetsizliğinizden dolayı üzüntümüzü iletmek isteriz. Amacımız her geçen gün kendimizi yenileyerek servis ve hizmet kalitemizi daha üst seviyelere çıkarmaktır. Bu doğrultuda siz değerli konuklarımızdan gelen şikâyet, eleştiri ve önerilerin yönetim olarak yapacağımız çalışmalara olumlu katkıda bulunacağına inanmaktayız. Değinmiş olduğunuz otelimizin denizi suyu ile alakalı olarak bu bölgenin deniz yapısının yeşil olması, zaten bu sebeple otelimiz ""Green Bay - Yeşil Koy "" adını almıştır, doğal bir bulanıklığı söz konusudur çünkü üç tarafı kapalıdır. Ancak denizimiz temizdir. Sayın Özer4128, sizlerden gelen her türlü şikâyet, eleştiri ve öneriler değerlendirilmekte ve bu doğrultuda gerekli çalışmalar yapılmaktadır. Bu kapsamda sizden aldığımız temizlik departmanı ile alakalı olan şikayetiniz yetkili departmana iletilmiş ve gerekli uyarıların yapıldığını bilmenizi isteriz. Tesisimizi bir sonraki ziyaretinizde söz konusu memnuniyetsizliğinizin giderilmiş olması ile ilgili her türlü çabayı sarf edeceğimizi, sizleri tekrar aramızda görmekten onur duyacağımızı bilmenizi isteriz. Saygılarımızla, Ahmet Derin İşletme Müdürü",Yemek ve hizmet okey temizlik ve deniz vasat,3,Ağu 2023,,Ağustos 2023,Aileyle seyahat etti,,,,,,2 katkı
Green Bay Resort & Spa,"Değerli Misafirimiz Hakan S, Crystal Green Bay Resort & Spa otelimizi tercih ettiğiniz için en içten teşekkürlerimizi sunar, konaklama deneyiminizi paylaşmak için ayırdığınız zamanın bizler için son derece kıymetli olduğunu bilmenizi isteriz. Sizlerden gelen her türlü şikâyet, eleştiri ve öneriler değerlendirilmekte ve bu doğrultuda gerekli çalışmalar yapılmaktadır. Bu kapsamda sizden aldığımız görüşleriniz değerlendirilerek yetkili departmanlar tarafından takibinin itina ile yapılacağını bilmenizi isteriz. Hakan Bey, bahsetmiş olduğunuz denizi suyu ile alakalı olarak bu bölgenin deniz yapısının yeşil olması, zaten bu sebeple otelimiz ""Green Bay - Yeşil Koy "" adını almıştır, doğal bir bulanıklığı söz konusudur çünkü üç tarafı kapalıdır. Ancak denizimiz temizdir. Tesisimizi bir sonraki ziyaretinizde söz konusu memnuniyetsizliğinizin giderilmiş olması ile ilgili her türlü çabayı sarf edeceğimizi, sizleri tekrar aramızda görmekten onur duyacağımızı bilmenizi isteriz. Saygılarımızla, Ahmet Derin İşletme Müdürü",Harika otel berbat koku,3,Ağu 2023,"İstanbul, Türkiye",Ağustos 2023,Aileyle seyahat etti,,,,,,8 katkı
Green Bay Resort & Spa,"Öncelikle çalışanların Gülen yüzlülüğü ve ilgisi bizi çok mutlu etti. Odamız balayı konseptli bir odaydı ve balayından kaynaklı ikramlarıdan dolayı çok teşekkür ederiz.. havuz olarak üç farklı havuz var ikisi çocuk dahil olan kısımları pek kullanmadık, +16 kısımda daha çok vakit geçirdik hatta en çok vakit geçirdiğimiz kısımdı aktiviteleri olsun, barı olsun, şezlong vs bence herşey güzeldi. Deniz bulanıktı pek tercih edemedik ve sık sık olan kötü bir koku var bu biraz rahatsız etti. Restoran kısmı bence çok yeterliydi, çeşit bakımından da iyiydi. Yani sonuç olarak biz bu tatilimizden keyif aldık.",Balayı deneyimimiz,5,Ağu 2023,,Ağustos 2023,Çift olarak seyahat etti,,,,,,3 katkı
Green Bay Resort & Spa,Öncelikle otele erken rezervasyonla geldik. Gelmeden önce internetten araştırdım. Görsellerde ve videolarda doğayı hiç bozmadan kurulmuş bir otel olması nedeniyle çok beğendik. Otele geldiğimiz günden itibaren çocuklarımız görevlilerin nazik ve güler yüzlü tavır ve davranışlarından çok etkilendiler. İlerleyen günlerde ise gerçekten evimizde gibi hissettik. Gerek yemeklerinin ve tatlılarını güzelliği gerekse plajının ve denizinin güzelliği harikaydı. Daha şimdiden seneye de bu oteli tercih edeceğinizden eminiz. Son olarak hiç usanmadan ve güler yüzlü şekilde bir çok etkinliği organize eden animasyon ekibini de tebrik ederiz.,"Teşekkür ederiz, Green Bay.",5,Ağu 2023,,Ağustos 2023,Aileyle seyahat etti,,,,,,1 katkı
Green Bay Resort & Spa,"Değerli Misafirimiz Simge Maden, Crystal Green Bay Resort & Spa otelimizi tercih ettiğiniz için en içten teşekkürlerimizi sunarız. Konaklama deneyiminizi konaklamanız devam ettiği sürede paylaşmanız bizler için son derece önemli ve kıymetli olduğunu bilmenizi isteriz. Animasyon ekibimiz aktivite olarak sundukları eğlenceler tüm milliyet ve yaşa hitap etmektedir. Animasyon ekibimizin sizin talebinizi karşılayamamış olmasından ayrıca üzgünüz. Yazmış olduğunuz şezlong yorumunu ile alakalı olarak, tesisimizde tüm misafirlerimize yetecek sayıda şezlong bulunmaktadır, ancak misafirlerimiz kullanmadıkları şezlonglara havlu ve özel eşyalarını bıraktıklarından sorun yaşandığı doğrudur. Elif hanım bu konuyu misafir ilişkileri birimine bildirdiğiniz vakit size hemen şezlong temin edilebilir. Ayrıca değinmiş olduğunuz otelimizin denizi ile ilgili olarak doğal bir bulanıklığı söz konusudur çünkü üç tarafı kapalıdır. Ancak denizimiz temizdir. Elif Hanım, tatiliniz boyunca bir isteğiniz olduğunda misafir ilişkileri müdürü Sevcan Hanım ile iletişime geçebileceğinizi belirtir, Aileniz ile birlikte iyi tatiller dileriz. Saygılarımızla, Ahmet Derin İşletme Müdürü",Deniz hayal kırıklığı,3,Ağu 2023,"Ankara, Türkiye",Ağustos 2023,Aileyle seyahat etti,,,,,,18 katkı
Green Bay Resort & Spa,"Bu yıl 2.kez kaldığımız oteli her yönüyle çok beğeniyoruz.Denizi,yemekleri,hizmeti 10 numara.Tek eksisi odaları küçük ama bu yıl kaldığımız 3101 numaralı oda çok güzeldi.Animasyon ekibi her gün sizinle ilgileniyor.Aktiviteler bu yıl daha iyi.Özellikle Damla ve Uğurcan harikasınız.Snack bar şefi Yusuf bey güzel bir ekip kurmuş güler yüzlü ve çok çalışkanlar.Snack bar mutfağından Ramazan,Elif ve Miran ustanın hazırladığı güzel ve lezzetli yemekler için teşekkür ediyorum.Her gün bizi çok iyi ağırlayan Yusuf şefe ve Osman’a ayrıca teşekkür ediyoruz.feat bardaki garsonlar ve barmenler çok ilgililer.Kendinizi özel hissettiriyorlar.",Harika bir tatil,5,Ağu 2023,,Ağustos 2023,Aileyle seyahat etti,,,,,,1 katkı
Green Bay Resort & Spa,"Sayın Fatih Eray Ş, Crystal Green Bay Resort & Spa otelimizi tercih ettiğiniz için en içten teşekkürlerimizi sunar, konaklama deneyiminizi paylaşmak için ayırdığınız zamanın bizler için son derece kıymetli olduğunu bilmenizi isteriz. En kısa zamanda sizleri Crystal Hotels otellerimizde tekrar ağırlamak dileklerimizle... Saygılarımızla, Otel Yönetimi",Sorunsuz guzel bir tatil,5,Ağu 2023,,Ağustos 2023,Aileyle seyahat etti,,,,,,1 katkı
Green Bay Resort & Spa,Otel odası vasat Klozet vakalarının çocuklar açamıyor Banyo vasat Garsonlar herkes kendi halinde birileri biseyler istemesin diye kose bucak kaçıyorlar kahve istedik şu anda veremeyiz gibi tavırlar. Yemekler orta seviye Deniz koy olduğundan ötürü biraz kirli Belekteki oteline de gitmiştim burasiyla alakası yok.,Yönetime saygılarımla crstal otellerine yakısmayan personel kalitesi,2,Ağu 2023,"Eskişehir, Türkiye",Ağustos 2023,Aileyle seyahat etti,,,,,,3 katkı
Green Bay Resort & Spa,"Merhabalar, öncelikle olumsuzluklardan bahsetmek istiyorum. Odamıza ek ücret ödememe rağmen seçim beni mutlu etmedi. İlk gün animasyon sırasında ilaçlandırma herkesi rahatsız etti. Yemek çeşidi daha fazla olabilirdi. Deniz malesef kokuyor. Havlu değiştirirmek çok zor malesef kötü karşılandım. Olumlulara gelirsek, manzarası çok güzel iyi bir konumda. Animasyonlar güzel bazı personeller gerçekten çok ilgili. Odadaki havlular her gün değişiyor. Daha önce kaldığım Crystal hotel malesef burdan çok daha güzeldi. Biraz hayal kırıklığı…",Hayal kırıklığı…,3,Ağu 2023,,Ağustos 2023,Çift olarak seyahat etti,,,,,,1 katkı
Green Bay Resort & Spa,"Sayın Misafirimiz _zg_rdenizb2016, Crystal Hotels otelimizi tercih ettiğiniz için en içten teşekkürlerimizi sunar, konaklama deneyiminizi paylaşmak için ayırdığınız zamanın bizler için son derece kıymetli olduğunu bilmenizi isteriz. En kısa zamanda sizleri Crystal Hotels otellerimizde tekrar ağırlamak dileklerimizle... Saygılarımızla, Otel Yönetimi",Teşekkürler,5,Ağu 2023,,Ağustos 2023,Aileyle seyahat etti,,,,,,14 katkı
Green Bay Resort & Spa,Bu yıl 2.kez geldiğimiz otelin son günündeyiz.Konsept hizmet temizlik yemek ve içecek kalitesi harika.Her yer birbirine yakın.Yorulmuyorsunuz.Hiç bir yerde sıra yok.Şezlong kapma derdi yok.Asla aç kalmazsınız.Denizini beğenmeyenler var ama hiç tereddüt etmeyin.Fethiye’deki lagünde yüzdüyseniz aynısı.Dalga günün her saatinde sıfır.Havası süper.Çalışanlar güler yüzlü.Odalar tertemiz.Yemeklerde et balık tavuk her gün var.snack restorantı süper.siz oturuyorsunuz menüden seçiyorsunuz onlar getiriyor( pide-döner-iskender- pizza ve bir çok çeşit) 2.gelişimize özel odamıza gelen sürpriz de bizi mutlu etti Daha azını göster Püf noktası: Ana binadaki odalar biraz küçük.Herhangi bir sorun yaşadığınızda misafir ilişkilerinde Sevcan Hanım anında çözüm bulacaktır.animasyon ekibi bu yıl çok iyi.Özellikle damla ve uğurcan süperdi.Her gün ilgilendiler bizimle.Akşam canlı müzikleri çok beğendik,Mutlaka gitmelisiniz,5,Ağu 2023,,Ağustos 2023,Aileyle seyahat etti,,,,,,43 katkı
Green Bay Resort & Spa,"Sayın Kaan C, Crystal Green Bay Resort & Spa otelimizi tercih ettiğiniz için en içten teşekkürlerimizi sunar, konaklama deneyiminizi paylaşmak için ayırdığınız zamanın bizler için son derece kıymetli olduğunu bilmenizi isteriz. En kısa zamanda sizleri Crystal Hotels otellerimizde tekrar ağırlamak dileklerimizle... Saygılarımızla, Otel Yönetimi",Tesekkürler,5,Ağu 2023,,Ağustos 2023,Aileyle seyahat etti,,,,,,1 katkı
Green Bay Resort & Spa,"Temmuzun son haftası başladığımız tatilimizi ağustosun 6 sında noktaladık. Arkadaşlarımızın tavsiyesi ile geldik ve iyiki tavsiyeyi dinlemişiz dediğimiz bir tatil oldu bizim için. Otel hakkında yazılan kötü yorumlara nazaran herşeyden çok memnun şekilde ayrıldık otelden. Snack bar 24 saat hizmet veriyor, restoranda yemekler gayet güzeldi ayrıca. Bütün personel canla başla çalışıyor gerçekten. Animasyon ekibine değinecek olursak teker teker isimlerini yazma gereği duymadan tüm ekibe teşekkür ediyoruz, geçirdiğimiz en eğlenceli en dolu dolu tatil oldu bizim için. Tekrar gelmek isteyeceğimiz bir otel. Emeği geçen herkese teşekkürler.",Beş Yıldız,5,Ağu 2023,,Ağustos 2023,Aileyle seyahat etti,,,,,,1 katkı
Green Bay Resort & Spa,"Değerli Misafirimiz Kaan Ç, Crystal Green Bay Resort & Spa otelimizi tercih ettiğiniz için en içten teşekkürlerimizi sunar, konaklama deneyiminizi paylaşmak için ayırdığınız zamanın bizler için son derece kıymetli olduğunu bilmenizi isteriz. En kısa zamanda sizleri Crystal Hotels otellerimizde tekrar ağırlamak dileklerimizle... Saygılarımızla, Otel Yönetimi",teşekkürler,5,Ağu 2023,,Ağustos 2023,Aileyle seyahat etti,,,,,,1 katkı
Green Bay Resort & Spa,"Otelde ilk gün bazı sorunlar yaşamamıza rağmen ,otel yönetiminin büyük ilgisi ve özverisi ile bütün sorunları çözdük ,çalışan bütün personel aşırı ilgili ,güler yüzlü . Özelikle teşekkür etmek istediğim ,loby bar Cemile Hanım ,snack bar Osman bey’e ,alakart restoran şefine ve snack bar şefi Yusuf Beydir.Hepsi şu Kısa tatilimizde bize neşe katmıştır .Yemekler ve tatlılar çok güzel ,akşam hep eğlence var ,deniz güzel",Teşekkür ederiz,5,Ağu 2023,"İzmir, Türkiye",Ağustos 2023,Aileyle seyahat etti,,,,,,20 katkı
Green Bay Resort & Spa,"Öncelikle otele girişimizde sıcak bir karşılama ile güzel bir başlangıç yaptık. Ancak sonrasında deniz bizde büyük bir hayal kırıklığı yarattı. Tanıştığımız bir kaç aile il sohbetlerimizde 3. Kez geldiklerini söylediklerinde şaşırmıştık, zira deniz gerçekten çok kötü, daha sonra neden tekrar gelinebileceğini anladık. Çok güzel ve işlevsel bir Mini club var ayrıca tüm personelin güler yüzlü ve hizmet odaklı. Yetişkin havuzu, otelin kompakt bir otel olması ve her yere kolayca ulaşılabilmesi de ve eğlenceli animasyon ekibi diğer güzel yanları Bu arada denizle ilgili Otel yönetiminin farkında olup, uygun fiyata günübirlik tekne turlarını desteklemesi bir çözüm olabilir. Tekne turu için fiyat sorduğumda kişi başı 900 TL gibi fahiş bir fiyat teklif edildi. Bunun yanında tatlılar ve unlu mamüller vasatın altındaydı. Bir de kaldığım 5 gün boyunca hiç güzel çay içemedim. Muhtemelen kullanılan su çeşme suyu olduğu içindir. Özetle Denizi kötü olmasına rağmen verdikleri kaliteli hizmet sebebi ile özellikle çocuklu aileler için tavsiye edebilirim.",Bir de Deniz güzel olsa Muhteşem olacaktı…,4,Ağu 2023,"İzmir, Türkiye",Ağustos 2023,Aileyle seyahat etti,,,,,,109 katkı
Green Bay Resort & Spa,"Sayın Sherpa56554468375, Crystal Green Bay Resort & Spa otelimizi tercih ettiğiniz için en içten teşekkürlerimizi sunar, konaklama deneyiminizi paylaşmak için ayırdığınız zamanın bizler için son derece kıymetli olduğunu bilmenizi isteriz. En kısa zamanda sizleri Crystal Hotels otellerimizde tekrar ağırlamak dileklerimizle... Saygılarımızla, Otel Yönetimi",Tatil,5,Ağu 2023,,Ağustos 2023,Aileyle seyahat etti,,,,,,1 katkı
Green Bay Resort & Spa,"Sayın F6455JJmustafad, Crystal Green Bay Resort & Spa otelimizi tercih ettiğiniz için en içten teşekkürlerimizi sunar, konaklama deneyiminizi paylaşmak için ayırdığınız zamanın bizler için son derece kıymetli olduğunu bilmenizi isteriz. En kısa zamanda sizleri Crystal Hotels otellerimizde tekrar ağırlamak dileklerimizle... Saygılarımızla, Otel Yönetimi",Animasyon Ekibi,5,Ağu 2023,,Ağustos 2023,Aileyle seyahat etti,,,,,,2 katkı
Green Bay Resort & Spa,"Sayın UmutCD, Crystal Green Bay Resort & Spa otelimizi tercih ettiğiniz için en içten teşekkürlerimizi sunar, konaklama deneyiminizi paylaşmak için ayırdığınız zamanın bizler için son derece kıymetli olduğunu bilmenizi isteriz. En kısa zamanda sizleri Crystal Hotels otellerimizde tekrar ağırlamak dileklerimizle... Saygılarımızla, Otel Yönetimi",Animasyon,5,Ağu 2023,"İstanbul, Türkiye",Ağustos 2023,Aileyle seyahat etti,,,,,,30 katkı
Green Bay Resort & Spa,"Sayın Musa B, Crystal Green Bay Resort & Spa otelimizi tercih ettiğiniz için en içten teşekkürlerimizi sunar, konaklama deneyiminizi paylaşmak için ayırdığınız zamanın bizler için son derece kıymetli olduğunu bilmenizi isteriz. En kısa zamanda sizleri Crystal Hotels otellerimizde tekrar ağırlamak dileklerimizle... Saygılarımızla, Otel Yönetimi",Mükemmel deneyim,5,Ağu 2023,,Temmuz 2023,Aileyle seyahat etti,,,,,,1 katkı
Green Bay Resort & Spa,"Uzun zamandır ailemle birlikte tatile giderim,gittiğim en güzel oteldi. Seneye eğer devretmezlerse yine aynı yere gitmeyi planlıyoruz.Devrederlerse de önceliğimiz yine crystal green bay otelleri olacaktır.Çok memnun kaldık. Denizi mükemmel,yemekler kaliteli,kullanılan tüm ürünler markalı.Personelin hepsi ilgili alakalı,güler yüzlü,gördüğüm en temiz oteldi,her alanda Wc ler pırıl pırıldı.",Harika bir tatil...,5,Ağu 2023,,Temmuz 2023,Aileyle seyahat etti,,,,,,1 katkı
Green Bay Resort & Spa,Otelle ilgili söyleyebileceğim gerçekten kötü bir şey bulamıyorum. En başta en güzel özellik otelin kendine ait koyu var. Boydan boya uzanan bir sahil ve hiç bir zaman şezlong sıkıntısı çekmiyorsunuz. 4 gün boyunca denizin dibinde ayaklarımı denize sokarak güneşlendim hem de 2 kişi için 4 şezlong kullandım ve hala her yer boştu. Otel full kapasiteydi ancak alan çok büyük ama otelin yatak kapasitesi düşük olduğu için hiçbir yerde sıra beklemiyorsunuz. 7/24 yiyecek ve içecek var ki çok az otelde bunu gördüm bugüne kadar. Yemek çeşidi bol ve lezzetleri gerçekten çok iyi. Özellikle A'la Carte için deniz ürünlerini öneririm. Personel inanılmaz güler yüzlü ve yardım sever. Denizi taşlık kısa sürede boyunuzu geçiyor ama deniz çok berrak ve su resmen ılık ve sıfır dalga çok keyifli vakit geçirebiliyorsunuz. Tam bir koy. Biz çok faydalanmadık ancak otelde tüm gün boyunca bir sürü aktivite var sizi eğlendirmek için elinden geleni yapıyorlar. Temizlik konusunda da en ufak bir sıkıntı görmedik. Havlusundan çarşafına duşundan sahiline her yer pırıl pırıl. Bu fiyata böyle bir performans inanın beklemiyordum. Tüm çalışanlara ve yönetime teşekkür edesim geldi.,Mükemmel bir deneyim,5,Ağu 2023,,Temmuz 2023,Çift olarak seyahat etti,,,,,,1 katkı
Green Bay Resort & Spa,"Değerli misafirimiz hatice 1970 , Tatiliniz için Crystal Green Bay Resort & Spa’yı tercih ettiğiniz için teşekkür ederiz. Crystal markasını tatil programınıza eklemeniz ve bu güzel yorumlarınız bizler için birer motivasyon kaynağıdır. Latif geri bildiriminiz için sizlere şükranlarımızı sunarız. Tekrar görüşmek dileğiyle.. Ahmet Derin İşletme Müdürü",Mükemmel konum mükemmel insanlar,5,Tem 2023,,Temmuz 2023,Aileyle seyahat etti,,,,,,5 katkı
Green Bay Resort & Spa,"Sayın nehire2013, Crystal Green Bay Resort & Spa otelimizi tercih ettiğiniz için en içten teşekkürlerimizi sunar, konaklama deneyiminizi paylaşmak için ayırdığınız zamanın bizler için son derece kıymetli olduğunu bilmenizi isteriz. En kısa zamanda sizleri Crystal Hotels otellerimizde tekrar ağırlamak dileklerimizle... Saygılarımızla, Otel Yönetimi",Green Bay Resort,5,Tem 2023,"İzmir, Türkiye",Temmuz 2023,Aileyle seyahat etti,,,,,,34 katkı
Green Bay Resort & Spa,"Sayın Mehmet U, Crystal Green Bay Resort & Spa otelimizi tercih ettiğiniz için en içten teşekkürlerimizi sunar, konaklama deneyiminizi paylaşmak için ayırdığınız zamanın bizler için son derece kıymetli olduğunu bilmenizi isteriz. En kısa zamanda sizleri Crystal Hotels otellerimizde tekrar ağırlamak dileklerimizle... Saygılarımızla, Otel Yönetimi",Tosun çifti,5,Tem 2023,,Temmuz 2023,Çift olarak seyahat etti,,,,,,1 katkı
Green Bay Resort & Spa,"Sayın Kemal, Crystal Green Bay Resort & Spa otelimizi tercih ettiğiniz için en içten teşekkürlerimizi sunar, konaklama deneyiminizi paylaşmak için ayırdığınız zamanın bizler için son derece kıymetli olduğunu bilmenizi isteriz. En kısa zamanda sizleri Crystal Hotels otellerimizde tekrar ağırlamak dileklerimizle... Saygılarımızla, Otel Yönetimi",Fiyat performans açısından iyi bir otel çalışanlar güleryüzlü ve yardımseverler.Animasyon ekibinden Berk’e çok teşekkür,5,Tem 2023,"Bursa, Türkiye",Temmuz 2023,Aileyle seyahat etti,,,,,,1 katkı
Green Bay Resort & Spa,"Yeşillikler içinde nezih, sakin bir otel. Yemek alanlari, deniz, havuz her sey birbirine cok yakın. Yemek çeşitleri yeterli. Her sey dahil konseptinde asla aç kalmak mümkün değil. Animatörler, garsonlar herkes çok ilgili ve guleryuzlu. Garson Erdem beye teşekkür ederiz. Bizce tek eksiği diğer Crystal otellere göre aqua parkının küçük olması, onun dışında tatilimiz boyunca her seyden memnun kaldık.",Güzel bir tatil için ideal otel.,5,Tem 2023,,Temmuz 2023,Aileyle seyahat etti,,,,,,2 katkı
Green Bay Resort & Spa,"Sayın muhammetaZ982LJ, Crystal Green Bay Resort & Spa otelimizi tercih ettiğiniz için en içten teşekkürlerimizi sunar, konaklama deneyiminizi paylaşmak için ayırdığınız zamanın bizler için son derece kıymetli olduğunu bilmenizi isteriz. En kısa zamanda sizleri Crystal Hotels otellerimizde tekrar ağırlamak dileklerimizle... Saygılarımızla, Otel Yönetimi",Güzel bir tatil oteli,5,Tem 2023,,Temmuz 2023,Aileyle seyahat etti,,,,,,3 katkı
Green Bay Resort & Spa,"Sayın 336dilekt, Crystal Green Bay Resort & Spa otelimizi tercih ettiğiniz için en içten teşekkürlerimizi sunar, konaklama deneyiminizi paylaşmak için ayırdığınız zamanın bizler için son derece kıymetli olduğunu bilmenizi isteriz. En kısa zamanda sizleri Crystal Hotels otellerimizde tekrar ağırlamak dileklerimizle... Saygılarımızla, Otel Yönetimi",Harika otel,5,Tem 2023,"İstanbul, Türkiye",Temmuz 2023,Aileyle seyahat etti,,,,,,23 katkı
Green Bay Resort & Spa,"Otelden ve hizmetten genel olarak memnun kaldık.Kara manzarali genis odasında konakladık, oda ile ilgili herhangi bir sorun yaşamadık, her gün temizlendi. Otelin koyda olması güzel ancak Bodrum denizi olarak beklentiyi pek karşılamıyor. Çocuk kaydırağı güvenliydi. 2 buçuk 3 yaş üzeri çocugunuzu kollukla peşinden koşturmadan izleyebilirsiniz. Animasyon ekibi güler yüzlü ve iyiydi, gösteriler çok güzeldi. Ala carta Türk mutfağını tercih ettik ve çok çok memnun kaldık. Crystal otelini tavsiye üzerine tercih etmiştik. Otel zinciri olarak öncelikli tercih edilebilecek bir otel. Tavsiye ederiz.",Tavsiye ederiz,5,Tem 2023,,Temmuz 2023,Aileyle seyahat etti,,,,,,4 katkı
Green Bay Resort & Spa,"2022 senesinde de bu oteli tercih etmistim. Bu sene tekrar geldik. Hem havalimanina yakin ve kendi ait koyu var her aksam canli muzik var. Cocuklu ailelerin kesinlikle tercih etmesi gereken bir otel. Animasyon ekibi cok ilgili ve surekli sizleri etkinlige davet ediyorlar. Ozellikle animasyondan Mert,Damla,Berk,İsmail ilgi ve alakalari guleryuzlulugu icin cok tesekkur ederim.",Gayet güzel ve aile oteli,5,Tem 2023,,Temmuz 2023,Çift olarak seyahat etti,,,,,,2 katkı
Green Bay Resort & Spa,"Geçen yıl aynı tarihlerde gelmiştik ve bu yıl da son dk kararı ile tekrar geldik. Otelin konumu süper. Uçaktan iner inmez 15 dk sonra oteldesiniz. Otel koy içine konumlanmış. Sabah kuş sesleri, cırcır böceği sesleri ile uyaniyorsunuz. Hizmet gayet güzel. Sadece yemekler daha çeşitli olabilirdi.. animasyon ekibine ayrıca teşekkür etmek isteriz. Mert, damla, Ömer, İsmail ve ismi aklımıza gelmeyen diğer arkadaşlara da teşekkürler. Süper vakit geçirdik.",süper bir tatildi,5,Tem 2023,,Temmuz 2023,Çift olarak seyahat etti,,,,,,1 katkı
Green Bay Resort & Spa,"Sayın Sevgi S, Crystal Green Bay Resort & Spa otelimizi tercih ettiğiniz için en içten teşekkürlerimizi sunar, konaklama deneyiminizi paylaşmak için ayırdığınız zamanın bizler için son derece kıymetli olduğunu bilmenizi isteriz. En kısa zamanda sizleri Crystal Hotels otellerimizde tekrar ağırlamak dileklerimizle... Saygılarımızla, Otel Yönetimi",Herşey güzeldi,5,Tem 2023,,Temmuz 2023,Aileyle seyahat etti,,,,,,1 katkı
Green Bay Resort & Spa,"Daha önce 2019 yılında ziyaret ettiğimiz Crystal Green Bay yine çok güzel bir deneyim sundu. Kafa dinlemek isteyenler için de hareketli bir tatil geçirmek isteyenler için de çok güzel seçenekleri var. Gün boyu devam eden aktivitelerin yanında tesisin geniş olması sessiz sakin bir tatil yapmak isteyenlere de imkan sunuyor. Havuz aktiviteleri, voleybol, dart, yoga gibi dolu dolu bir programları var. Çocuk kulübü ise 23.00'e kadar açık, alanı geniş ve içeride çocuklar için atıştırmalıklar da mevcut. Her akşam amfitiyatroda hem çocuklar hem yetişkinler için gösteriler var. Sahili geniş, plajı kum, şezlong sorunu yaşanmıyor. Denizi biraz çabuk derinleşebiliyor, su ise harika. Çocuk ve yetişkin havuzu ise gayet eğlenceli. Yemekler çeşitli ve lezzetli. Diyet yapanlar ya da sağlıklı beslenenler için fazlasıyla seçenek bulunuyor. Sabah öğlen ve akşam yemekleri dışında gözleme, waffle, snack barlarda restoran kalitesinde yemekler var. Personel için ayrı bir parantez açmak istiyorum.Birbirinden lezzetli kokteyl ve içecekler hazırlayan Nuri Bey, Hüseyin Bey, Cumali Bey ve Selinay Hanım, ellerinize sağlık. Yemek alanında güler yüzleri için Melike ve Helin Hanım'a çok teşekkür ederiz. Ayrıca gün içinde etkinlikler ve programla ilgili bizi sürekli bilgilendiren İsmail Bey'e de teşekkür ediyoruz. Tatilimizi güzelleştiren, verdikleri hizmetlerle yüzümüzü güldüren tüm personele de teşekkürler. Seneye görüşmek üzere...",Tavsiye ediyoruz,5,Tem 2023,,Temmuz 2023,Aileyle seyahat etti,,,,,,15 katkı
Green Bay Resort & Spa,"Tüba B. ben 1 haftadır oteldeyiz yarın sabah çıkıyoruz şu ana kadar kadar o kadar tatlı dille karşılaştık ki ne eksikleri ne kusurları hiç gözümüz görmedi animasyon ekibindeki pırıl pırıl gençler son derece özveriyle işlerini yaparken var olan bütün eksiği yanlışı saçmalığı bişekilde görmezden gelmenizi sağlıyor aslında ya da müşteri ilişkileri aynı şekilde en ufak bir durumda bile minik jestlerle ne tatlı ne nazik bir hareket dedirterek belkide kusurları hooop unutturuyor ya da neyse bee dedirtiyor… ama son dakika yapılan çirkin bir tavırla hepsi yerle bir oldu teker teker ilk günden son güne ne yaşadıysam canlandı hafızamda ben bu gençler bu nazik çalışanlar hatırına neleri görmedim siz bizim mutlu etmek için gözünün içine baktığımız ufacık çocuğu akşam akşam 3-5 parça ıvır zıvır hediye uğruna üzdünüz oyunsa daha dikkatli oynayacaksınız hataysa kabul edip o çocuğu orda gereğini yapıp üzmeyeceksiniz hele hata sizden kaynaklıysa napalım başımıza ilk kez geldi deyip çözümsüz o çocuğu ordan indirmeyeceksiniz hatırladıklarım belkide hiiiç yazılmayacaktı buaralara memnuniyetimi anlatcaktım o gençlerin çabasını filan mesela ama sırayla başlayayım o zaman madem öyle çocuğum hasta ishal dedim hayatında hiç cola içmemiş ama zıkkım cola geçirio işte restoranda gaz olan doldurma cola var odalarda minibarlarda kutu var dedim ki kutulardan getirinde bize şu ishal dursun çocuğun tatili rezil olmasın efendim restorana kutu cola getiremezlermiş acil dedim yaa çocuk hasta yok olamazmış peki dedim !!!gün içerisinde o animasyon ekibindeki çocuklar o kadar tatlı tatlı ilgilendilerki unuttum gitti !!!2 gün geçti gece snack te eşim hamburger çift etli olsun dedi saygısız şef aşçı (her daim saygısızdı 7 gece boyunca ) menüde yok çift etli hamburger hazırlayamam dedi ee dün yedik bide zaten herşey dahil otel ne alaka menüde yok dedik kim yaptıysa yanlış yapmış olamaz dedi yahuuu herşey dahil otel ne demek olamaz getir o zaman herkese 2 şer hamburger etleri çıkarıp biz yaparız diğer hazırladıkların araya gitsin banane desem daha mı iyi suratsızsın zaten yüzün hiç gülmüyor dayak yicez nerdeyse neyseee aman be dedik ağzımızın tadı bozulmasın bunuda unuttuk gitti tatlı diller güler yüzler sayesinde!!! 3 gün makyaj pamuğu rica ettim artık arayıp resepsiyondan istediiim amaaan dedim olur öyle!!! hooop buda uçtu gitti konu etmeye gerek yok dedim!!!yemekler şunlar bunlar lezzetli çeşitlide sayılır ama hep aynı hiç değişiklik olmuyor neredeyse !!! yeşillikler hep buruşuk aaa yeşillik kalmamış diosunuz maalesef bitti deniyor devamı yenisi gelmiyor açık büfeye hani daha yemek saatinin ortasında !!! ilk gün havuz sinek arı ölüleri yaprak uçmuş şu bu pis görünüyor direk sordum orda pis ama bu havuz kim ilgileniyor diye bulamadım kimseyi ertesi gün deniz leş gibiydi doğal olay sonuçta ama bu tarz durumlarda tedbirin çözümün bi çaban olmalı olmadı tırmıkla temizlemeye çalışılıodu filan !!! insanlar bi kaç gün tatile geliyo aaa denizde böyle oldu napalım artık yaklaşımı rahatsız edici geçti gitti bidaha da olmadı diğer günler evet o sebeple de bunlarıda unuttuuk gitti keyfimize baktık tatilimizi keyifle yapalım istedik ne yazardım bunları ne anlatırdım amaaa demek ki konuşmak lazımmış bakın bu son gecemizde bu olay komple hayal kırıklığı koca bir ayıp BİNGO oyunun adı buyrun dinleyin biletler sattılar 250 şer tl den ÇOCUKLAR EĞLENSİN DİYE ALDIK 2 bilet 1. çinko yabancı bir hanımefendi yaptı aldı masa dolusu hediyelerini gitti 2. çinkoo bağırdı bir anda birisi saniyler içinde bir diğeri sonra diğeri sonra diğeri ooops bir anda 4 kişi BİNGOOO biride bizim kuzu ooo başımıza hiç gelmedi napcaz şimdi 4 kişi aynı anda çinko yaptı sistemsel hataa kusura bakmayın ee kura çekelim ikinci masayı kurayla verelim filan diyolar millet anlamaya çalışıo hayır dedim ben olmaz kardeşim hepimiz bu biletleri para verip aldık hanımefendiye verdiniz bi masa dolusu hediyeyi hata sizin hatanız sistem sizin sisteminiz bu çocukta kazandı şimdi beklio ee bölüştürelim ee nasıl yapalım yahuuu çok mu zor masa dediğim zaten ıvır zıvır dolu magnet bileklik kupa cart curt hazırla 3 tane daha ver millete kazanana vermicekmiydin bu dört bilet aynı anda SENİN SİSTEMİN SENİN HATAN YÜZÜNDEN kazandıysa ceremesini orda üzülerek o çocuk ve diğerleri değil sen çekeceksin size verelim diğerleri ses çıkarmıoo dendi oooo yok artık ben haksızlığa kızarken başkalarının hakkını mı yicem tabi ki kabul etmedim napalım istiyorsunuz paralarını iade edin arkadaşlar dendi en son bu mudur yaniii bu mu çözümünüz çocuğu eğlendircem derken bi güzel bide bu tartışmaları yaşayıp çıkıp gittik son gece bu tavırla amaan bee deyip gözardı ettiğim herşeyi de hatırladım sayenizde odaya minicik bir geçmiş olsun notunuz mutlu yıllar notunuz ne kadar onure ettiyse bu hareket 2 katı incitti 3-5 parça ıvır zıvır için bence değmezdi !!! Buarada çok daha öfkeliydim bu tavra bu geceye ama telafi etmek için (telafisi maalesef yok ama) gösterilen ufak çaba bu şekilde en azından nazikçe anlatmama yaradı ya da yine o çocuklar o gençler saatlerce beni dinledi gelip gidip orda onların hatrına tamamen Yılmaz,Berk, geleceğin valisi güzel kızımız (çok özür diliyorum adını hatırlayamadım ) sizler gerçekten birer Pırlantasınız gençler yolunuz hep açık olsun…",Son dakika,3,Tem 2023,,Temmuz 2023,Aileyle seyahat etti,,,,,,1 katkı
Green Bay Resort & Spa,"Aile olarak 2 yetişkin 2 çocuk olarak temmuz 16 da giriş yaptık. Herşeyiyle çok keyif aldığımız bir tatil oldu. Yemekler gayet güzel ve lezzetliydi. Personel ilgi alakası harika. İçecekler ve servis başarılı. Animasyon programları harikaydı.( ozellikle sirk ve latin grubun showu) canlı müziklerde afrikalı grup favorimizdi. Animasyon ekibinin başarılarının devamını diliyoruz, aşırı güler yüzlü bir ekip! Tekrar görüşmek dileği ile.",Güneş & Metin Akyıldız,4,Tem 2023,,Temmuz 2023,Aileyle seyahat etti,,,,,,1 katkı
Green Bay Resort & Spa,"Sayın Kevser B, Crystal Green Bay Resort & Spa otelimizi tercih ettiğiniz için en içten teşekkürlerimizi sunar, konaklama deneyiminizi paylaşmak için ayırdığınız zamanın bizler için son derece kıymetli olduğunu bilmenizi isteriz. En kısa zamanda sizleri Crystal Hotels otellerimizde tekrar ağırlamak dileklerimizle... Saygılarımızla, Otel Yönetimi",Yaz tali,5,Tem 2023,"Darıca, Türkiye",Ağustos 2022,Aileyle seyahat etti,,,,,,6 katkı
Green Bay Resort & Spa,Otelden çok memnun kaldık özellikle animasyon ekibinden Berk beyden damla hanımdan Yılmaz bey güler yüzlü motivasyonları yüksek onlar sayesinde güzel tatil yaptık otelin konforu iyi özellikle bütün çalışanları güler yüzlü ve samimiler alacarte Restaurant dan hiç memnun kalmadık denizi idare eder odaları güzel konforlu balayı çifti olarak biz memnun kaldık garson arkadaşlar çok ilgililer isteklerimizi hemen karşıladılar herşey için teşekkürler ..,Cyrstal Green Bay,5,Tem 2023,,Temmuz 2023,Aileyle seyahat etti,,,,,,1 katkı
Green Bay Resort & Spa,"Sayın Sevgı S, Crystal Green Bay Resort & Spa otelimizi tercih ettiğiniz için en içten teşekkürlerimizi sunar, konaklama deneyiminizi paylaşmak için ayırdığınız zamanın bizler için son derece kıymetli olduğunu bilmenizi isteriz. En kısa zamanda sizleri Crystal Hotels otellerimizde tekrar ağırlamak dileklerimizle... Saygılarımızla, Otel Yönetimi",Gayet güzel bir tatildi,4,Tem 2023,,Temmuz 2023,Aileyle seyahat etti,,,,,,1 katkı
Green Bay Resort & Spa,"Sayın SefaE48, Crystal Green Bay Resort & Spa otelimizi tercih ettiğiniz için en içten teşekkürlerimizi sunar, konaklama deneyiminizi paylaşmak için ayırdığınız zamanın bizler için son derece kıymetli olduğunu bilmenizi isteriz. En kısa zamanda sizleri Crystal Hotels otellerimizde tekrar ağırlamak dileklerimizle... Saygılarımızla, Otel Yönetimi",Teşekkürler,5,Tem 2023,,Temmuz 2023,Aileyle seyahat etti,,,,,,2 katkı
Green Bay Resort & Spa,"Sayın pelinsu_92, Crystal Green Bay Resort & Spa otelimizi tercih ettiğiniz için en içten teşekkürlerimizi sunar, konaklama deneyiminizi paylaşmak için ayırdığınız zamanın bizler için son derece kıymetli olduğunu bilmenizi isteriz. En kısa zamanda sizleri Crystal Hotels otellerimizde tekrar ağırlamak dileklerimizle... Saygılarımızla, Otel Yönetimi",Crystal green,5,Tem 2023,"Adana, Türkiye",Haziran 2023,Aileyle seyahat etti,,,,,,11 katkı
Green Bay Resort & Spa,"Sayın Volkan I, Crystal Green Bay Resort & Spa otelimizi tercih ettiğiniz için en içten teşekkürlerimizi sunar, konaklama deneyiminizi paylaşmak için ayırdığınız zamanın bizler için son derece kıymetli olduğunu bilmenizi isteriz. En kısa zamanda sizleri Crystal Hotels otellerimizde tekrar ağırlamak dileklerimizle... Saygılarımızla, Otel Yönetimi",Güzel bir tatil,5,Tem 2023,,Temmuz 2023,Aileyle seyahat etti,,,,,,1 katkı
Green Bay Resort & Spa,"Sayın kamilaP2448OP, Crystal Green Bay Resort & Spa otelimizi tercih ettiğiniz için en içten teşekkürlerimizi sunar, konaklama deneyiminizi paylaşmak için ayırdığınız zamanın bizler için son derece kıymetli olduğunu bilmenizi isteriz. En kısa zamanda sizleri Crystal Hotels otellerimizde tekrar ağırlamak dileklerimizle... Saygılarımızla, Otel Yönetimi",Crystal,5,Tem 2023,,Temmuz 2023,Aileyle seyahat etti,,,,,,1 katkı
Green Bay Resort & Spa,Crystal Green Bay Hotel’de konaklayacağımız tarih kızımın doğum günü olduğu için doğum gününe özel otelden bir ricada bulundum.Sevcan hanım hemen dönüş sağladı ve bu bizi çok memnun etti.Kendisine ilgisinden dolayı çok teşekkür ediyorum.Crystal Oteller tatilde hep tercihimiz olmuştur.Yine mükemmel bir tatil olacağından eminiz.Teşekkürler Crystal Green Bay.,"Müşteri memnuniyetini önemseyen,ilgili bir otel yönetimi.",5,Tem 2023,,Temmuz 2023,Aileyle seyahat etti,,,,,,1 katkı
Green Bay Resort & Spa,"Sayın Şulenur G, Crystal Green Bay Resort & Spa otelimizi tercih ettiğiniz için en içten teşekkürlerimizi sunar, konaklama deneyiminizi paylaşmak için ayırdığınız zamanın bizler için son derece kıymetli olduğunu bilmenizi isteriz. En kısa zamanda sizleri Crystal Hotels otellerimizde tekrar ağırlamak dileklerimizle... Saygılarımızla, Otel Yönetimi",Teşekkürler,5,Tem 2023,,Temmuz 2023,Çift olarak seyahat etti,,,,,,1 katkı
Green Bay Resort & Spa,"Değerli misafirimiz Nurzat K, Tatiliniz için Crystal Green Bay Resort & Spa’yı tercih ettiğiniz için teşekkür ederiz. Crystal markasını tatil programınıza eklemeniz ve bu güzel yorumlarınız bizler için birer motivasyon kaynağıdır. Latif geri bildiriminiz için sizlere şükranlarımızı sunarız. Tekrar görüşmek dileğiyle.. Ahmet Derin İşletme Müdürü",Tatilimiz,5,Tem 2023,,Temmuz 2023,Aileyle seyahat etti,,,,,,1 katkı
Green Bay Resort & Spa,"Sayın 580_zdenc, Crystal Green Bay Resort & Spa otelimizi tercih ettiğiniz için en içten teşekkürlerimizi sunar, konaklama deneyiminizi paylaşmak için ayırdığınız zamanın bizler için son derece kıymetli olduğunu bilmenizi isteriz. En kısa zamanda sizleri Crystal Hotels otellerimizde tekrar ağırlamak dileklerimizle... Saygılarımızla, Otel Yönetimi",Teşekkürler,5,Tem 2023,,Temmuz 2023,Aileyle seyahat etti,,,,,,1 katkı
Green Bay Resort & Spa,"Değerli misafirimiz Mustafa L, Tatiliniz için Crystal Green Bay Resort & Spa’yı tercih ettiğiniz için teşekkür ederiz. Crystal markasını tatil programınıza eklemeniz ve bu güzel yorumlarınız bizler için birer motivasyon kaynağıdır. Latif geri bildiriminiz için sizlere şükranlarımızı sunarız. Tekrar görüşmek dileğiyle.. Ahmet Derin İşletme Müdürü",Summer 2023,5,Tem 2023,,Temmuz 2023,Aileyle seyahat etti,,,,,,1 katkı
Green Bay Resort & Spa,"Değerli misafirimiz Oğulcan , Tatiliniz için Crystal Green Bay Resort & Spa’yı tercih ettiğiniz için teşekkür ederiz. Crystal markasını tatil programınıza eklemeniz ve bu güzel yorumlarınız bizler için birer motivasyon kaynağıdır. Latif geri bildiriminiz için sizlere şükranlarımızı sunarız. Tekrar görüşmek dileğiyle.. Ahmet Derin İşletme Müdürü",Bbbbbbbbbb,5,Tem 2023,,Temmuz 2023,Aileyle seyahat etti,,,,,,3 katkı
Green Bay Resort & Spa,"Değerli misafirimiz Seçkin T, Tatiliniz için Crystal Green Bay Resort & Spa’yı tercih ettiğiniz için teşekkür ederiz. Crystal markasını tatil programınıza eklemeniz ve bu güzel yorumlarınız bizler için birer motivasyon kaynağıdır. Latif geri bildiriminiz için sizlere şükranlarımızı sunarız. Tekrar görüşmek dileğiyle.. Ahmet Derin İşletme Müdürü",Dinlendirir,5,Tem 2023,"İzmir, Türkiye",Temmuz 2023,Aileyle seyahat etti,,,,,,1 katkı
Green Bay Resort & Spa,"Değerli misafirimiz Umut, Tatiliniz için Crystal Green Bay Resort & Spa’yı tercih ettiğiniz için teşekkür ederiz. Crystal markasını tatil programınıza eklemeniz ve bu güzel yorumlarınız bizler için birer motivasyon kaynağıdır. Latif geri bildiriminiz için sizlere şükranlarımızı sunarız. Tekrar görüşmek dileğiyle.. Ahmet Derin İşletme Müdürü",Tatil keyfi cümlesinin anlam bulduğu yer,5,Tem 2023,,Temmuz 2023,Aileyle seyahat etti,,,,,,2 katkı
Green Bay Resort & Spa,"Değerli misafirimiz Tofiq M, Tatiliniz için Crystal Green Bay Resort & Spa’yı tercih ettiğiniz için teşekkür ederiz. Crystal markasını tatil programınıza eklemeniz ve bu güzel yorumlarınız bizler için birer motivasyon kaynağıdır. Latif geri bildiriminiz için sizlere şükranlarımızı sunarız. Tekrar görüşmek dileğiyle.. Ahmet Derin İşletme Müdürü",Tatil,5,Tem 2023,,Temmuz 2023,Arkadaşlarla seyahat etti,,,,,,1 katkı
Green Bay Resort & Spa,"Ne zaman bu otelden çıkış yapsam, keşke bir kaç gün daha kalsaydık diyorum. Geçen yıl 4 tam gün kalmıştık, çok beğenip bu sene de anne babamı da alıp gittik ve 8 gün kaldık. İki küçük çocuğumuzla bizi en çok mutlu eden otel burası; herşey çok yakın, havuzlar sakin, çocuk kulübü restoranın yanında, hemen dibinde çocuk parkı ve de akşam esintisinde oturması keyif veren Feet Bar’ı. Bazı yorumlarda çalışanlar için asık suratlı denmiş; çok şaşırdım, oldukça güleryüzlü bir ekipti. Buraya gelince işte tatil budur diyorum, çünkü koşturmadan sadece dinleniyoruz ve tatilin tadını çıkarıyoruz. Teşekkür etmek istediğim o kadar çok kişi var ki; tatilimiz sayelerinde çok güzel geçti. En başta her türlü sorunda canla başla uğraşan Sevgili Sevcan hanım’a çok teşekkür ederim. Ben hayatımda bu kadar misafir odaklı bir Müşteri İlişkileri yöneticisi görmedim. Sorun çözme odaklı, sürekli gülümseyen, çok ince ruhlu ve sürekli pozitif biri. Sevgili Ahmet Derin Bey’e de yardımları ve güzel sohbeti için teşekkür ediyorum. İnsana kendini evinde hissettiren bir ekip kurmuş, ve bence bu büyük bir başarı. Çoğu otelde sadece konaklayan kişisinizdir ama burada en önem verdikleri sizlerin memnuniyeti. Sevgili şefler; Hamit Erdoğan ve Güngör Öztürk’e Harika yemekleri ve güler yüzleri için teşekkür ediyorum. Sürekli restoranttalardı. Eyüp Bey’in harika pidelerini de unutmamak lazım. Çok beğendik, hepimiz kilo aldık sayelerinde. Oda temizliğimizi yapan ve sürekli çocuklardan dolayı elimiz ayağımız olan Selvan hanım ve Gülay hanım’a çok teşekkür ediyorum. Ana Restorantta o kadar yorgunluğuna rağmen bizleri güleryüzleri ile karşılayıp çok güzel ağırlayan Sevgili Erkan, Serhat, Sercan, Hamit ve Mehmet Bey’e çok teşekkür ediyorum. Harika kareleri ile tatil anılarımızı ölümsüzleştiren Kadir Bey’e de çok teşekkür ediyorum. Sevgili animasyon ekibinin güler yüzlü tüm ekibine; özellikle Ceren ve Damla hanım’a çok teşekkür ediyorum. Çok genç, dinamik, güleryüzlü ve harika bir ekip. Sizleri tanımak çok güzeldi. Dilerim seneye aynı ekip ile tekrar görüşürüz, biz seneye daha kalabalık olarak kesin oradayız.",Otel değil evimiz sanki ❤️,5,Tem 2023,Danimarka,Temmuz 2023,Aileyle seyahat etti,,,,,,40 katkı
Green Bay Resort & Spa,"Geçen sene ailem ile konaklamıştık ve memnun kalmıştık. Bu sene arkadaşlarımız ile birlikte 2 aile olarak konakladık. Otele gitmeden birkaç gün önce 2 aile yakın odalarda en azından aynı katta kalmak istediğimizi belirttik ve not olarak eklettik. Fakat bu ricamız otele giriş günü çok fazla checkout yapan oda olmasına rağmen karşılanmadı. Odalar farklı katlarda verildi. Ayrı olacaksada bari odamız şu cephe olsun dedik ve yine verdikleri oda istediğimiz cephede değildi. Anlayacağınız yıldırma politikası. Israrlarımız sonrası ancak ertesi gün aynı katta oda için bir önerileri oldu fakat bavulları boşaltıp yerleştikten sonra tekrar oda değiştirmek çok mümkün değildi. Tatil mi yapacağız sürekli eşya mı toplayıp yerleştireceğiz? Odamızdaki mini buzdolabı fena halde gürültülüydü, bu yüzden tatilin 2.günü fişini çekmek zorunda kaldım. Otelde genel olarak geçen seneki alkol kalitesi ve çeşitliliği yoktu. Ala carte restoranda bile alkol çeşitliliği azdı. Örneğin sadece yeni rakı vardı. Farklı bir markanın yaş üzüm rakısını istedik ama yok sadece bu var dediler. Çocuklar için yüzme dışı vakit geçirmeye yönelik sadece mini club var fakat kapalı bir alan ve kendi kendilerine takılıyorlar. Gün içerisinde çocuklara yönelik başka hiçbir aktivite veya etkinlik yok. Ayrıca çocuk aquaparkı arıza sebebi ile bir gün kapalıydı. İlk sene kalite/fiyat açısından memnun kalmıştık fakat bu sene memnun ayrılmadık. Tekrar tercih etmeyeceğiz.",TEKRAR TERCİH ETMEYECEĞİZ,3,Tem 2023,,Temmuz 2023,Aileyle seyahat etti,,,,,,1 katkı
Green Bay Resort & Spa,"Değerli misafirimiz Züleyha D, Tatiliniz için Crystal Green Bay Resort & Spa’yı tercih ettiğiniz için teşekkür ederiz. Crystal markasını tatil programınıza eklemeniz ve bu güzel yorumlarınız bizler için birer motivasyon kaynağıdır. Latif geri bildiriminiz için sizlere şükranlarımızı sunarız. Tekrar görüşmek dileğiyle.. Ahmet Derin İşletme Müdürü",Güzel,3,Tem 2023,,Temmuz 2023,Aileyle seyahat etti,,,,,,1 katkı
Green Bay Resort & Spa,"Değerli misafirimiz Sinan K, Tatiliniz için Crystal Green Bay Resort & Spa’yı tercih ettiğiniz için teşekkür ederiz. Crystal markasını tatil programınıza eklemeniz ve bu güzel yorumlarınız bizler için birer motivasyon kaynağıdır. Latif geri bildiriminiz için sizlere şükranlarımızı sunarız. Tekrar görüşmek dileğiyle.. Ahmet Derin İşletme Müdürü",Crystal,5,Tem 2023,,Temmuz 2023,Aileyle seyahat etti,,,,,,1 katkı
Green Bay Resort & Spa,10-15 Temmuz 2023 tarihleri arasında eşimle beraber konakladık. Çok güzel bir oteldi manzara süper adanın arasında kapmış ve kartpostal ile çizilmiş gibi manzarası var. Çevrede otel olmaması avantaj. Yemekler her damak tadına göre uygundur çeşit çok fazla sahili güzel tek dezavantajı aniden derinleşiyor dalgasız biryer. Deniz antalyadaki gibi sıcak değil bilginiz olsun. Oda temizliği güzel hergün yapıldı housekeeping ekibine teşekkürler Otele girer girmez ala carte restaurantlara mutlaka rezervasyon yaptırın çabuk doluyor. Sadece biraz sinek sorunu var onun haricinde keyifli tatil yapılacağınız biryer. Aqua küçük ama yeterli. Akşam gösteriler showlar çok güzel eğlenceli. Sabah kahvaltısını ala carte restaurant yaptık muhteşemdi. Personellerinizden Soner ve Hüseyin Bey çok ilgililerde ayrıca teşekkür ederim. snack bardan Yusuf Bey ve Şehmus Bey(yeni işe başlamasına rağmen elinden gelenin fazlasını yapmaya ) teşekkürlerimi sunarım. 4.8 feet bar ŞAHİN bey yaptığı işi çok seven biri olduğu ortada yaptığı kokteyllerden belli oluyor :) Bunu bize yansıtmaktadır. Animasyondan Ceren Hanım ve diğer bayan arkadaşın adını hatırlayamadım. Çok güzel bilgilendirme ve yönlendirme yapıyorlar. Ayrıca aktivitelerin başındalar kendilerine teşekkürlerimi sunarım. Görüşmek üzere Aşkın Yüksel,Teşekkürler greenbay,5,Tem 2023,,Temmuz 2023,Aileyle seyahat etti,,,,,,4 katkı
Green Bay Resort & Spa,"Değerli misafirimiz Oben T, Tatiliniz için Crystal Green Bay Resort & Spa’yı tercih ettiğiniz için teşekkür ederiz. Crystal markasını tatil programınıza eklemeniz ve bu güzel yorumlarınız bizler için birer motivasyon kaynağıdır. Latif geri bildiriminiz için sizlere şükranlarımızı sunarız. Tekrar görüşmek dileğiyle.. Ahmet Derin İşletme Müdürü",Otel yorumu,4,Tem 2023,,Temmuz 2023,Aileyle seyahat etti,,,,,,1 katkı
Green Bay Resort & Spa,"Merhaba bugün 14 temmuz 2023 .Otele bugün sabah giriş yaptık (28 ve 15 yaşında iki kızımla) Çok fazla üst segment otelde ya da kaliteli butik otellerde konakladım.Ben böyle güler yüzlü ,müşteri memnuniyeti odaklı ,profesyonel çalışan otel görmedim.Koy harika.Koy denizi olduğu için dalgasız ve Çocuklu aileler için kıyıdan girişi var ,derinlerde yüzmeyi sevenler için iskelesi var.Deniz tertemiz. Mutfak özenli ve kaliteli malzemeler ile yapılmış yemekleri çok lezzetli. Şu anda bu mesajı denize bakan masamda akşam yemeği yerken yazıyorum,deniz birkaç metre ötemde. Mutfak personeli çok ilgili ve temiz,güleryüzlü. Şu anda ben kuzu tandır kızlarım ise Suşi yiyorlar.Ben böyle bir kaliteli mutfak görmedim.(Özellikle garson Erkan ,Aşçıbaşı ve restoran müdürüne teşekkürler) Aquaparkında 4 kaydırak var ,gayet yeterli . Burada oluşumun nedeni Misafir ilişkileri Sevcan hanıma profesyonelliği ,güleryüzü ,sabrı için sonsuz teşekkürlerimle . Kesinlikle fiyat performans oteli değil fiyatının iki katı fiyattaki otellerden dahi daha kaliteli. Okuyan herkesin benim kadar mutlu bir tatil geçirmesini dilerim.",Mükemmel Otel,5,Tem 2023,,Temmuz 2023,Aileyle seyahat etti,,,,,,1 katkı
Green Bay Resort & Spa,"Değerli misafirimiz Barış Y, Tatiliniz için Crystal Green Bay Resort & Spa’yı tercih ettiğiniz için teşekkür ederiz. Crystal markasını tatil programınıza eklemeniz ve bu güzel yorumlarınız bizler için birer motivasyon kaynağıdır. Latif geri bildiriminiz için sizlere şükranlarımızı sunarız. Tekrar görüşmek dileğiyle.. Ahmet Derin İşletme Müdürü",Crystal,5,Tem 2023,"Antakya, Türkiye",Temmuz 2023,Aileyle seyahat etti,,,,,,3 katkı
Green Bay Resort & Spa,"Otelde şuan konaklamaktayız,otel genel anlamda iyi odalar temiz,animasyon ekibi candan ellerinden gelenin en iyisini yapıyorlar Özellkle Berk Bey ve Yılmaz Bey çok teşekkür ederiz oldukça kibar ve samimiler,çalışanlar genel olarak güler yüzlü hepsi demek isterdim gözlemeci ve Waffle yapan gözlüklü hanım efendiler hariç malesef 🤷🏼‍♀️sonradan gelen Latife Hanıma Güler yüzü İçin teşekkür ederim kendi adıma,güzel bir tatil geçirdik crystal teşekkür ederim.Gittiğinizde pişmanlık duymayacağınız bir otel herkese iyi tatiller",Crystal green bay otel,4,Tem 2023,,Temmuz 2023,Aileyle seyahat etti,,,,,,1 katkı
Green Bay Resort & Spa,"Öncelikle animasyon ekibi Şef Mert bey ekibi Berk, Uğurcan, Damla, Ceren, İsmail ve Yılmaz harika bir tatil geçirmemiz sağladınız Lobybar Alican atlamamak lazım o kadar içten o kadar güler yüz ve aktiviteler 10 numara sabaha kadar anlatsam bitmez. Otelin konsepti, yemekleri, Servis, temizlik kusursuz sadece deniz biraz derin yüzmeyi bilenler harika benim gibi az bilenlerde deniz yatağı ile devam.. Çok güzel bir tatil geçirdik enerji dolu evimize döneceğiz teşekkür ederim...","Hiç düşünmeyin, beklemeyin rezervadyonunuzu yapın..",5,Tem 2023,,Temmuz 2023,Aileyle seyahat etti,,,,,,3 katkı
Green Bay Resort & Spa,"Değerli misafirimiz Erkan Y, Tatiliniz için Crystal Green Bay Resort & Spa’yı tercih ettiğiniz için teşekkür ederiz. Crystal markasını tatil programınıza eklemeniz ve bu güzel yorumlarınız bizler için birer motivasyon kaynağıdır. Latif geri bildiriminiz için sizlere şükranlarımızı sunarız. Tekrar görüşmek dileğiyle.. Ahmet Derin İşletme Müdürü",Çok iyi,5,Tem 2023,Türkiye,Temmuz 2023,Aileyle seyahat etti,,,,,,1 katkı
Green Bay Resort & Spa,"Sayın Misafirimiz Selen Hanım Tesisimiz ile ilgili yapmış olduğunuz yorum için teşekkür ederiz. Öncelikle memnuniyetsizliğinizden dolayı üzüntümüzü iletmek isteriz. Amacımız her geçen gün kendimizi yenileyerek servis ve hizmet kalitemizi daha üst seviyelere çıkarmaktır. Bu doğrultuda siz değerli konuklarımızdan gelen şikâyet, eleştiri ve önerilerin yönetim olarak yapacağımız çalışmalara olumlu katkıda bulunacağına inanmaktayız. Sizlerden gelen her türlü şikâyet, eleştiri ve öneriler değerlendirilmekte ve bu doğrultuda gerekli çalışmalar yapılmaktadır. Bu kapsamda sizden aldığımız görüşleriniz değerlendirilerek yetkili departmanlar tarafından takibinin itina ile yapılacağını bilmenizi isteriz Tesisimizi bir sonraki ziyaretinizde söz konusu memnuniyetsizliğinizin giderilmiş olması ile ilgili her türlü çabayı sarf edeceğimizi, sizleri tekrar aramızda görmekten onur duyacağımızı bilmenizi isteriz. Saygılarımızla, Ahmet DERİN Otel Müdürü",Ortalama bir tatil,3,Tem 2023,,Haziran 2023,Aileyle seyahat etti,,,,,,2 katkı
Green Bay Resort & Spa,"Değerli Misafirimiz Oğuzhan C, Tatiliniz için Crystal Green Bay Resort & Spa’yı tercih ettiğiniz için teşekkür ederiz. Crystal markasını tatil programınıza eklemeniz ve bu güzel yorumlarınız bizler için birer motivasyon kaynağıdır. Latif geri bildiriminiz için sizlere şükranlarımızı sunarIz. Tekrar görüşmek dileğiyle.. Ahmet Derin İşletme Müdürü",güzel bir tatil oldu...,4,Tem 2023,,Temmuz 2023,Aileyle seyahat etti,,,,,,1 katkı
Green Bay Resort & Spa,"Değerli misafirimiz wildeagle71, Tatiliniz için Crystal Green Bay Resort & Spa’yı tercih ettiğiniz için teşekkür ederiz. Crystal markasını tatil programınıza eklemeniz ve bu güzel yorumlarınız bizler için birer motivasyon kaynağıdır. Latif geri bildiriminiz için sizlere şükranlarımızı sunar,sağlıklı günler dileriz. Tekrar görüşmek dileğiyle.. Ahmet Derin İşletme Müdürü",Bi daha,5,Tem 2023,,Haziran 2023,Aileyle seyahat etti,,,,,,5 katkı
Green Bay Resort & Spa,"Değerli misafirimiz Nazif Kaan Ç, Tatiliniz için Crystal Green Bay Resort & Spa’yı tercih ettiğiniz için teşekkür ederiz. Crystal markasını tatil programınıza eklemeniz ve bu güzel yorumlarınız bizler için birer motivasyon kaynağıdır. Latif geri bildiriminiz için sizlere şükranlarımızı sunar,sağlıklı günler dileriz. Tekrar görüşmek dileğiyle.. Ahmet Derin İşletme Müdürü",Crystal Green Bay,5,Tem 2023,,Temmuz 2023,Aileyle seyahat etti,,,,,,2 katkı
Green Bay Resort & Spa,"Değerli misafirimiz Esra Ç, Tatiliniz için Crystal Green Bay Resort & Spa’yı tercih ettiğiniz için teşekkür ederiz. Crystal markasını tatil programınıza eklemeniz ve bu güzel yorumlarınız bizler için birer motivasyon kaynağıdır. Latif geri bildiriminiz için sizlere şükranlarımızı sunar,sağlıklı günler dileriz. Tekrar görüşmek dileğiyle.. Ahmet Derin İşletme Müdürü",Animasyon ekibine ve çalışanlarına sonsuz teşekkürler,5,Tem 2023,,Temmuz 2023,Aileyle seyahat etti,,,,,,1 katkı
Green Bay Resort & Spa,"Side bölgesi crystal otellerine çok gittim bilhassa crystal palas oteline.greenbay bodruma ilk defa gittik otelin konumu çok güzel bir koy,odalar rahat,restoran plaj çok yakın rahat ettik,yemekler güzeldi çeşitli ve lezzetliydi nerdeyse 24 saat yemek sevisi vardı,sahil geniş şezlong sayısı yeterliydi,akşamları show gösteri sonrasında canlı müzik vardı bize yeterli geldi dışarı çıkma ihtiyacı hissetmedik bunlar artılar eksiler ise kolayca çözülecek şeyler esasında,Adult +16 beach yazan plajda abartmıyorum iki şezlongdan biri çocukluydu plajda yanımıza gelerek memnuniyetimizi soran hanıma bunu söylediğimde biz söylüyoruz ama dinlemiyorlar cevabını verdi oteli belki sadece bu özellikten dolayı tercih etmiş olanlar olabileceği düşünülmemiş belliki ben tamamen yönetim zaafiyeti olduğunu düşünüyorum yine crystal palastan örnek vereyim 16+ restorana kesinlikle çocuk giremez,garsonlar gayretli ama yeterli eğitimde değiller,sinek kara sinek çok rahatsız edici tütsü yakmakla çözülemez bu zamanda bu sineğe bir çare bulunabilir görüşündeyim,en güzel iskelesi tüllü loca şeklinde ücretli her gün en fazla bir loca doldu yazık müşteriye açılsa otele getirisi daha fazla olur kanaatindeyim oda temizliği ve mini bar dolumunada biraz özen,mini bar doldurulmamıştı telefona çıkan görevli önce kapı koluna kağıt asmışınızdır dedi sonra mini barcının gittiğini yarın dolduracağını söyledi saat akşamüstü 5, bunları yazdım çünkü düzelebilecek küçük şeyler birileri söylemezse devam eder gider. Netice Otelden memnun kaldık İnşallah tekrar geliriz. Erdem Batır",Çok güzel bir koyda Crystal green bay Otel,4,Tem 2023,"İstanbul, Türkiye",Temmuz 2023,Aileyle seyahat etti,,,,,,28 katkı
Green Bay Resort & Spa,"Değerli misafirimiz Ali A, Tatiliniz için Crystal Green Bay Resort & Spa’yı tercih ettiğiniz için teşekkür ederiz. Crystal markasını tatil programınıza eklemeniz ve bu güzel yorumlarınız bizler için birer motivasyon kaynağıdır. Latif geri bildiriminiz için sizlere şükranlarımızı sunar, sağlıklı günler dileriz. Tekrar görüşmek dileğiyle.. Ahmet Derin İşletme Müdürü",Çalışan personal hak.,4,Tem 2023,,Temmuz 2023,Arkadaşlarla seyahat etti,,,,,,1 katkı
Green Bay Resort & Spa,"Değerli misafirimiz Nida G, Tatiliniz için Crystal Green Bay Resort & Spa’yı tercih ettiğiniz için teşekkür ederiz. Crystal markasını tatil programınıza eklemeniz ve bu güzel yorumlarınız bizler için birer motivasyon kaynağıdır. Latif geri bildiriminiz için sizlere şükranlarımızı sunar, sağlıklı günler dileriz. Tekrar görüşmek dileğiyle.. Ahmet Derin İşletme Müdürü",Otel Yorumu,4,Tem 2023,"Bursa, Türkiye",Temmuz 2023,Çift olarak seyahat etti,,,,,,1 katkı
Green Bay Resort & Spa,Öncelikle otelden çok çok memnun kalacağımızı düşünmeden geldik. 4 Temmuz 10 Temmuz 2023 arası geldik. Odamız çok rahat ve genişti . Temizlik personelleri çok ilgiliydi. Daha önceki gittiğimiz Antalya Belek otellerinden bence hizmet ve yemekler olarak çok farkı yoktu. Çeşit olarak yeterliydi. Deniz çok sıcaktı biz gittiğimizde hemen derinleşiyor ama göl gibi akşam 8 e kadar yüzdüğümüz oldu . Aqua park yeterliydi havuzu güzeldi en güzel tarafı otel ful dolu olmasına rağmen ne şezlong sıkıntısı çektik ne de yemek yemeye giderken oturacak yer sıkıntısı . Akşamları amfi tiyatroda gösteriler çok iyiydi . Ayrıca feet bardaki hergün olan canlı müziklerle çok eğlendik. Hergün sabahtan akşama kadar animatörler her türlü etkinliğe sizi davet etmek için geziyorlar . Hepsi çok güzeldi . Snack bar yeterliydi. Yemekler çok lezzetliydi. Snack bardaki Yusuf bey şeflerine her türlü yardımları için ilgileri için çok teşekkür ediyoruz . Çocuk dostu bir otel . Çocukların ihtiyaçları için her şey var .mini clupları mini Aqua’sı . Ayrıca çocuksuz misafirler için adult16+ yüzme havuzu ve denize girilecek yerleri var . Herşey bir birbirine o kadar yakın ki yorulmuyorsun. Personellerin hepsi Türk olduğu için sıkıntı çekmiyorsun. Önceden bu otelde balık barınakları varmış ama 1 sene önce kaldırılmış o nedenle koku yok . Sadece bir gün yarım saat bir koku duymuştuk ondan sonra o da kayboldu . İki iskelesi var . Biri ücretli diğeri de yanında ücretsiz barı da var oradan atlayabilirsiniz şezlongları var yeterli . Benim gözlemim bütün ailelerin yüzü gülüyordu kimse şikayet etmedi . Otelde akşam yemekleri 18:30 -21:30 arası olduğu için istediğimiz saatte yer bulduk . Ama otel satılmış ekimde boşalıyormuş çok üzüldüm yerine marina ve lüks villalar yapılacakmış çünkü bir daha gelmek istiyorduk . Bir anı kaldı bize de bu yaz bence son kez deneyimleyin derim .,Tarafsız yorum,5,Tem 2023,"Ankara, Türkiye",Temmuz 2023,Aileyle seyahat etti,,,,,,6 katkı
Green Bay Resort & Spa,"Değerli misafirimiz Somer A, Tatiliniz için Crystal Green Bay Resort & Spa’yı tercih ettiğiniz için teşekkür ederiz. Crystal markasını tatil programınıza eklemeniz ve bu güzel yorumlarınız bizler için birer motivasyon kaynağıdır. Değinmiş olduğunuz konu hakkında ilgili departmana iletildiğini ve gerekli aksiyonların alındığını bilmenizi isteriz Latif geri bildiriminiz için sizlere şükranlarımızı sunar, sağlıklı günler dileriz. Tekrar görüşmek dileğiyle Ahmet Derin İşletme Müdürü",Aile tatili,5,Tem 2023,,Temmuz 2023,Çift olarak seyahat etti,,,,,,1 katkı
Green Bay Resort & Spa,"Değerli misafirimiz Journey, Tatiliniz için Crystal Green Bay Resort & Spa’yı tercih ettiğiniz için teşekkür ederiz. Crystal markasını tatil programınıza eklemeniz ve bu güzel yorumlarınız bizler için birer motivasyon kaynağıdır. Değinmiş olduğunuz konu hakkında ilgili departmana iletildiğini ve gerekli aksiyonların alındığını bilmenizi isteriz Latif geri bildiriminiz için sizlere şükranlarımızı sunar, sağlıklı günler dileriz. Tekrar görüşmek dileğiyle Ahmet Derin İşletme Müdürü",Bomba gibi bir Aile tatil,5,Tem 2023,,Temmuz 2023,Aileyle seyahat etti,,,,,,2 katkı
Green Bay Resort & Spa,"2023 Temmuz ayı ilk haftası otelinizde ailem ile 5 gün konakladım ve ilk olarak söylemek istediğim şey personellerin yardımsever ve güleryüzlü olması. Bunun dışında otelin bina yapısı ve odaları biraz eski olmasına rağmen temizliği tek kelime ile mükemmeldi. Otelin konum itibari ile koy içinde kalmasından harika bir doğası ve denizi mevcut. Yeme içme olanakları fazlasıyla çeşitlilik barındırıyor ve bu otelde konaklayan birinin yeme içme konusunda olumsuz bir görüş bildirmesi fazlasıyla acımasız olur. Kendi adıma gayet memnun kaldım. Ayrıca havuz seçenekleri de oldukça yeterli ve temizdi. Akşamları düzenlenen etkinlikler tek kelime ile harikaydı. Tek olumsuz eleştirim çocuklarında kullandığı havuzun(kaydırakların alt kısmındaki) ortak kullanım tuvaletlerinin kadınlar bölümününde pek de nazik olmayan bir erkek tarafından temizleniyor olması. Bu konuda daha hasas olunmalı bence.Bunun dışında herşey gerçekten harikaydı doğası,denizi,havuz imkanları,temizliği diğer imkanları ile kesinlikle tavsiye ederim.Herşey için teşekkürler CRYSTAL GREEN ailesi....",Crystal Green Deneyimlerim,4,Tem 2023,,Temmuz 2023,Aileyle seyahat etti,,,,,,1 katkı
Green Bay Resort & Spa,Otele 2.gidişimiz. geçen seneye göre iyileştirilen taraflar var. Eksik gördüğüm şeyleri belirtmek istiyorum çünkü seneye yine geleceğiz 😊 Bu sene havlular ve şezlong temizliği konusunda eksikler var. Şezlonglar kumluydu genelde. Havlular temiz kokmuyordu. Ortak kullanılan wc temizlikleri de zayıftı. Çok basit bir örnek olacak ama sıcak süt var ama yanında bardak yok. Gidip başka yerden bardağı alıp gelmen lazım. Örneğin tost yaptırıyorsun tost hazır olunca tabakla servis edilmiyor.tabak getir deniyor.bunlar çok ufak seyler belki ama bizler koca sene calisip 5 6gun tatil yapıp dinlenmek için geliyoruz. Yemek yerken koşturmak istemiyoruz. Sütün yanina bardak koymak ya da tost yapan kişinin yanında 10 tabak bulundurması zor olmamalı. Sanırım personel sıkıntısı vardı ama çocuk dostu otel olmasindan dolayi her zaman ilk tercihimiz olarak kalacak🌸🙏🌸 hersey icin teşekkürker,Teşekkürker,4,Tem 2023,,Temmuz 2023,Aileyle seyahat etti,,,,,,2 katkı
Green Bay Resort & Spa,"Ailemle temmuz ayında bir hafta tatil geçirdik.Öncelikle otel çalışanları sizi memnun etmek için ellerinden gelen her şeyi yapıyorlar bunun için çok teşekkür ederim.Her zaman her konuda desteğini esirgemeyen Müdür Ahmet beye , snack barda görevli Veysel bey, içecek kısmında Doğan ve Dilara , ana restoran yemek şefimiz ve her gün her saat bıkmadan aktiviteleri paylaşan animasyon ekibine sonsuz teşekkürler ,denizi de çok seven biri olarak dalgasız ve sıcak bir deniz olduğunu belirtelim tekrar gelmeyi planlıyoruz",Harika bir tatil,5,Tem 2023,,Temmuz 2023,Aileyle seyahat etti,,,,,,1 katkı
Green Bay Resort & Spa,"Odası çok küçüktü mini barımız ilk gün doluydu sonra birdaha hiç yenilemediler sorunumuzu ilettiğimiz halde yinede yenilenmedi. Ama otelde Çocuklar çok eğlendi. Mini club’daki Teslime hanım, Raya hanım ve Fikret bey çok ilgililerdi onlara ayrıca teşekkür ederim. Denizini pek beğenmedim aniden derinleşiyor. Şunu da belirtmek isterim bardaki personel olsun, kat görevlileri olsun hepsi çok kibar ve ilgililerdi. Herşey için teşekkür ederim.",Çocuklu ailelere uygun bir otel,4,Tem 2023,"İstanbul, Türkiye",Temmuz 2023,Aileyle seyahat etti,,,,,,7 katkı
Green Bay Resort & Spa,"Genel olarak iyi bir tesis..Deli gibi şezlong veya atıştırmalık (döner,waffle, gözleme) sırası beklemezsiniz, ikramlar kısıtlı değil tüm gün devam ediyor.Ancak sözde acentalarda diskosu var olan tesis bu sezon kapalıymış! Peki bundan müşterinin niçin haberi yok? Genel olarak çalışanlar ellerinden geleni yapıyor/yapmaya çalışıyorlar, ilgililer.Özellikle bar sorumlularından Ünal kardeşim, Lobi Bar'da Özkan ve Alican kardeşlerime öncelikle tşk ederim.Gündüz Snack Restorandaki garson arkadaşlara da ayrıca tşk ederim.Bunun yanı sıra kadro personel sıkıntısı var, bazıları isterseniz şikayet edin modunda kendi aralarında müşterinin duyacağı şekilde küfürlü konuşmalar geçiyor. *Yemeklerin genelinin kıvamı güzel.. *Barlarda seçmece alkol markalarını sunma ve bir tık kaliteli olanını saklı kapaklı tutup (sanki chiwas - jack Daniels) hemen kısıtlamaya ve kıyı köşede tutmaları aşırı saçma.. *Akşam olduğunda otelin aydınlatma ambiansı sıfır..çünkü iskelede, pavilionlarda vs. ışıklandırmalar full kapalı.hiç bir ambians yok. *Lobiyi eleştirmeden geçmek istemiyorum.ilk görüşte lobi müşteriyi en etkileyen yerdir.Bar bir köşeye atılmış sönük kalıyor.Ayrıca akşamları müzik vs. sıfır...terası da ya deniz ya havuz veya dağ/orman manzaralı olmalı..Lobi terası karanlıklar içinde müşterilerin balkonlarına bakıyor.gece 24.00 olmadan her yer zindan gibi karanlık.hadi bir an önce kalkın gidin der gibi..",Genel olarak aile için güzel.Gereken eleştirileri de samimiyetle yaptım.,4,Tem 2023,,Temmuz 2023,Aileyle seyahat etti,,,,,,1 katkı
Green Bay Resort & Spa,"Sayın Misafirimiz Fırat G, Crystal Hotels otelimizi tercih ettiğiniz için en içten teşekkürlerimizi sunar, konaklama deneyiminizi paylaşmak için ayırdığınız zamanın bizler için son derece kıymetli olduğunu bilmenizi isteriz. En kısa zamanda sizleri Crystal Hotels otellerimizde tekrar ağırlamak dileklerimizle... Saygılarımızla, Ahmet DERİN Otel Müdürü",Başarılı bir otel,4,Tem 2023,"Gaziosmanpaşa, Türkiye",Temmuz 2023,Aileyle seyahat etti,,,,,,21 katkı
Green Bay Resort & Spa,Tatilimiz bittiği için üzülüyor ama güzel bir tatil deneyimi yaşadığımız içinde mutluyuz.Otele ilk girisimizden itibaren yardımcı olmaya çalışan ve canla başla mutlu ve huzurlu bir tatil yasamamizi saglayan tum personele tesekkur ediyoruz.Otelin konumu muhtesem.Doğa içerisinde.Tüm olanaklarina ulasim cok rahat.Oda hizmetleri gercekten cok iyi hergun temizlik yapiliyor.Sezlong sorunumuz hic olmadi.Yemekler cesit olarak gayet guzel.Zaten ac kalmaniz mumkun de degil.3 gun uzeri konaklamalarda ucretsiz ala carte imkani var. Animasyon ekibi cok aktif surekli ilgilerini ve enerjilerini hissettiriyorlar.Hergun farkli bir gosteri ve canli muzik mevcut.Muthis bir ortam.Çocuk kulubu cok aktif ve basarili.Deniz harika fakat birden derinlesiyor bilgi olarak vermek isterim.Bodrum icin muhtesem doga ve olanaklariyla crystal green bay otel gözü kapali tercih edilebilecek bir yer.Temmuz 2023 Oda.1337,Mükemmel tatil deneyimi,5,Tem 2023,,Temmuz 2023,Aileyle seyahat etti,,,,,,5 katkı
Green Bay Resort & Spa,"Crystal hotel zincirine güvendiğimiz için tercih ettiğimiz bu otelden bugün çıkış yaptık. Yorumları okurken çok tedirgin olmuştum iyi çıkmayacak mı şeklinde ama hiç öyle birşey olmadı. Öncelikle tatilden ne beklediğinize bağlı olarak seçmelisiniz. İyi bir deniz ,güvenilir yiyecekler keyifli bir tatil diyorsanız burası aradığınız yer. Denizi çok güzel 5 gün kaldık 1 sabah sadece denilen o balık kokusunu aldık oda çok hafif asla seni denizden soğutacak bir koku değil, çabuk derinleşiyor evet ama zaten çocukların kollukları oluyor biz sıkıntı yaşamadık. Yiyecekler çok acayip çeşit yok ama gerekte yok karnını doyuruyorsun. İçki bardakda veriliyor belirli kokteyler belirli içkiler mevcut çoğu içecekte var. Odalar küçük ama temiz hergün temizlik yaptılar. Çok güzel bir 5 gün geçirdik seneyede gelelim diye ayrıldık . Ultra ultra lüks beklentileriniz yoksa çok mutlu ayrılırsınız.",Yeşil Güzel Otel,4,Tem 2023,,Temmuz 2023,Aileyle seyahat etti,,,,,,3 katkı
Green Bay Resort & Spa,"Otel hem çocuklu ailelere Hemde , evli çiftlere odaklanmış durumda.Konum olarak gayet güzel , kendine özel koyu , kaydıraklı havuzları , yetişkin havuzları herkese hitap ediyor.Açık büfe çeşitliliği yeterli et , tavuk , balık ve köfte her gün çıkıyor yemekleri güzeldi , tatlıları çok çeşitli ancak çok iyi değildi her biri benzer tipte ve lezzetini beğenmedik diyebilirim .Ancak snack restoranda günün 20 saati hizmet mevcut aç kalmanız mümkün değil. Et döner , pide , lahmacun ve makarna ile gün içini geçirebilirsiniz öğlenleri biz açık büfedense orayı daha çok tercih ettik , Osman kardeşimize de selamlar.(sütlaç kesin deneyin orda yediğimiz en iyi tatlı oydu)Yine doymam derseniz gözlemeci abladan gözleme alıp üstüne de hemen yanında waflle yaptırıp kan şekerinizi dengelersiniz.Paranızın hakkını sonuna kadar alacağınız bir işletme ilk defa tercih ettik ancak yine gelmeyi düşünüyoruz , personelleri gayet güler yüzlü ve hizmet etmekten asla sıkılmıyorlar.Etkinlik ekibindeki arkadaşlar da gayet güler yüzlü ve sürekli bir bilgilendirme halindeler aktif kalmak için herşeyi programlıyorlar.Kötü olarak yatak biraz sertti eski değil fakat yumuşak tercih edenler için sıkıntı olabilir ben diğer güzel şeylerden ötürü çok önemsemedim oda yeterli büyüklükteydi ve çöpler havlular hergün alındı temizlendi. Odalara ufak bir yenileme sonrası otel daha da uçacaktır. 2 kez ala cart kullandık hem kahvaltı hemde Türk Osmanlı mutfağı gayet memnun kaldık çeşitleri başarılıydı.Her şey için teşekkürler Green Bay",A dan Z ye her şey,5,Tem 2023,,Temmuz 2023,Çift olarak seyahat etti,,,,,,3 katkı
Green Bay Resort & Spa,100 üstü otelde konaklamış 20 civarı yorumu olan bir yorumcu olarak konakladığım en iyi otel.Crystal otel zincirlerinden konakladığım 4 otel içinde dahi açık ara en iyisi.2 aile olarak konakliyoruz. Konum olarak muhteşem bir koya ve denize sahip.Yemekler çok çeşitli ve lezzetli.Snack bar ve restoran çalışanlarına teşekkür ediyorum.Exstra her imkan olmasına rağmen asla uzun sıraların olmadığı üst düzey otel konsepti en hoşuma giden özelliği.Temizlik konusunda da ayrica teşekkür ederim.En önem verdiğim kriter ise olumsuzluklari ve personelde ki sıkıntılı dahi şeflerin ve yönetimin çok iyi tolere edebildiği.Çözüm odaklı yönetimi emekleri ve gayretleri için kutluyorum.,ÇOK ÜST DÜZEY BİR TATİL İÇİN,5,Tem 2023,"Konya İli, Türkiye",Temmuz 2023,Aileyle seyahat etti,,,,,,22 katkı
Green Bay Resort & Spa,"Sayın Misafirimiz Abdurrahman U, Crystal Hotels otelimizi tercih ettiğiniz için en içten teşekkürlerimizi sunar, konaklama deneyiminizi paylaşmak için ayırdığınız zamanın bizler için son derece kıymetli olduğunu bilmenizi isteriz. En kısa zamanda sizleri Crystal Hotels otellerimizde tekrar ağırlamak dileklerimizle... Saygılarımızla, Ahmet DERİN Otel Müdürü",İdeal aile oteli,5,Tem 2023,"Bolu, Türkiye",Temmuz 2023,Aileyle seyahat etti,,,,,,7 katkı
Green Bay Resort & Spa,"Sayın Misafirimiz Sule kala, Crystal Hotels otelimizi tercih ettiğiniz için en içten teşekkürlerimizi sunar, konaklama deneyiminizi paylaşmak için ayırdığınız zamanın bizler için son derece kıymetli olduğunu bilmenizi isteriz. En kısa zamanda sizleri Crystal Hotels otellerimizde tekrar ağırlamak dileklerimizle... Saygılarımızla, Ahmet DERİN Otel Müdürü",Memnuniyet,5,Tem 2023,"Bornova, Türkiye",Temmuz 2023,Aileyle seyahat etti,,,,,,2 katkı
Green Bay Resort & Spa,"Fiyat performans açısından değerlendirildiğinde çok üstün bir otel olduğunu söyleyebilirim. Otel konumu itibariyle Bodrum'un en ilgi çekici konaklama tesislerinden bir tanesi . deniz,orman iç içe. Sadece otele tahsis edilmiş bir koy da karşınızda ormanı görebilirsiniz. Ancak Deniz çok berrak değil ve yüzme bilmeyenler ya da sığ deniz arayanlar için uygun değil 2 metre sonra aniden derinleşiyor. Sabah saatlerinde dahi ılık ve dalgasız bir deniz sizi karşılıyor. 2 adet havuzu var ve bir tanesi + 16 yaş üstü aileleri için. Çocuk kargaşasından uzak havuz keyfi yapmak isteyen aileler için çok mantıklı . Çok büyük olmayan eğlenceli bir aqua Park mevcut ancak aqua park'ın havuzu çok büyük olmadığı için aileler de çocuklardan daha fazla girdiği için maalesef üst üste yığılmalar ve tehlikeli durumlar oluşabiliyor. Bir görevlinin kaydırakların hemen başlangıcında bulunması gerekir . umarım otel yetkilileri bu uyarıyı dikkate alırlar çünkü bilinçsiz yetişkinler önden kayan çocukları hiçe sayarak beklemeden kayıyorlar. Personel ile ilgili değerlendirmeye gelince personel sayısı yeterli değil ancak o kadar özveri ile çalışıyorlar ki mevcut eksik personel açığını kapatmakta ellerinden geleni yapıyorlar. Böyle bir yoğunlukta böyle özveriyle çalışan personelle ilgili bazı tatilcilerin olumsuz yorumlarını görünce gerçekten insanın vicdanı sızlıyor. Osman adlı görevli garsona gösterdiği üstün performans ve ilgi için teşekkür ederim. Yemeklerin çeşidi ve lezzeti tatmin edecek düzeyde ancak yiyeceklerin daha korunaklı cam bölmeler arkasında olması sineklerden korunması açısından daha iyi olacaktır. Odalar küçük bunu da kısıtlı ve koruma altında olan bir araziye yapılan az katlı binalarda daha çok müşteriyi ağırlamak amacına bağlıyorum.",Size özel bir koyda doğayla başbaşa tatil,4,Tem 2023,"Ankara, Türkiye",Temmuz 2023,Aileyle seyahat etti,,,,,,26 katkı
Green Bay Resort & Spa,"Sayın Misafirimiz Tuğçe A, Crystal Hotels otelimizi tercih ettiğiniz için en içten teşekkürlerimizi sunar, konaklama deneyiminizi paylaşmak için ayırdığınız zamanın bizler için son derece kıymetli olduğunu bilmenizi isteriz. En kısa zamanda sizleri Crystal Hotels otellerimizde tekrar ağırlamak dileklerimizle... Saygılarımızla, Ahmet DERİN Otel Müdürü",Aile tatili,4,Tem 2023,,Temmuz 2023,Aileyle seyahat etti,,,,,,1 katkı
Green Bay Resort & Spa,"Sayın Misafirimiz Kerem K, Crystal Hotels otelimizi tercih ettiğiniz için en içten teşekkürlerimizi sunar, konaklama deneyiminizi paylaşmak için ayırdığınız zamanın bizler için son derece kıymetli olduğunu bilmenizi isteriz. En kısa zamanda sizleri Crystal Hotels otellerimizde tekrar ağırlamak dileklerimizle... Saygılarımızla, Ahmet DERİN Otel Müdürü",Eğlenceli bir tatil,5,Tem 2023,,Temmuz 2023,Aileyle seyahat etti,,,,,,1 katkı
Green Bay Resort & Spa,"Öncelikle tesisi çok beğendik özellikle küçük çocuklu aileler için ideal bir yer.. yemek yemek, denize havuza girmek, gözleme dondurma yemek için dakikalarca yürümenize gerek yok her yer bir birine çok yakın.. Tesis bir koyda olduğu için dalga almıyor yüzmek çok rahat.. Ben rahatsızlığımdan dolayı gluten ve kazeinli ( süt ve süt ürünleri ) ürünler tüketemeyen biri olarak hiç problem yaşamadım. İlk gün rahatsızlığımı ilgili şefe anlattıktan sonra her öğünüm özel pişirildi ve şef kendi elleri ile servisimi yaptı.. ayrıca her gün bir sonra ki günün menüsünü tarafıma sorarak özel olarak pişirildi.. canınızın çektiği yemeği istediğiniz bir yemek varsa yapalım diye.. Buradan da Güngör ve Hamit şefe teşekkürlerimi iletmeyi bir borç bildim ellerinize sağlık Güngör şefim Hamit şefim 🤗 güler yüzünüz bana ve sevdiklerime göstermiş olduğunuz ilgi alaka paha biçilemez. Biz Crystal Green Bay Resort & Spa ya 6 yetişkin 6 çocuk olarak 12 kişi geldik ve her birimizin mutabık kaldığı tek şey seneye tekrar bu otelde buluşmak.. bir kuzenimiz Amerika’dan diğerlerimiz ise İstanbuldan geldik muhtemelen seneye 10 ailenin üzerinde bir sayı ile tekrardan Temmuzun ilk haftası tatilimizi burada geçireceğiz. Her şey için çok teşekkürler Crystal Green Bay See you in nex year 🙋‍♀️",Beklentimizin üzerinde çıkan bir tesis Crystal Green Bay Resort & Spa,5,Tem 2023,,Temmuz 2023,Arkadaşlarla seyahat etti,,,,,,2 katkı
Green Bay Resort & Spa,"Sayın Misafirimiz Zeki S, Crystal Hotels otelimizi tercih ettiğiniz için en içten teşekkürlerimizi sunar, konaklama deneyiminizi paylaşmak için ayırdığınız zamanın bizler için son derece kıymetli olduğunu bilmenizi isteriz. En kısa zamanda sizleri Crystal Hotels otellerimizde tekrar ağırlamak dileklerimizle... Saygılarımızla, Ahmet DERİN Otel Müdürü",Süper çok eğlenceli bir otel,5,Tem 2023,,Temmuz 2023,Aileyle seyahat etti,,,,,,2 katkı
Green Bay Resort & Spa,"Sayın Misafirimiz Yasemin E, Crystal Hotels otelimizi tercih ettiğiniz için en içten teşekkürlerimizi sunar, konaklama deneyiminizi paylaşmak için ayırdığınız zamanın bizler için son derece kıymetli olduğunu bilmenizi isteriz. En kısa zamanda sizleri Crystal Hotels otellerimizde tekrar ağırlamak dileklerimizle... Saygılarımızla, Ahmet DERİN Otel Müdürü",Güler yüzlü personel ile evimizde gibiyiz.,5,Tem 2023,,Temmuz 2023,Aileyle seyahat etti,,,,,,1 katkı
Green Bay Resort & Spa,"Sayın Misafirimiz Kadir B, Crystal Hotels otelimizi tercih ettiğiniz için en içten teşekkürlerimizi sunar, konaklama deneyiminizi paylaşmak için ayırdığınız zamanın bizler için son derece kıymetli olduğunu bilmenizi isteriz. En kısa zamanda sizleri Crystal Hotels otellerimizde tekrar ağırlamak dileklerimizle... Saygılarımızla, Ahmet DERİN Otel Müdürü",Süper,5,Tem 2023,,Temmuz 2023,Aileyle seyahat etti,,,,,,1 katkı
Green Bay Resort & Spa,"Öncelikle tekrardan bu güzel tatilimiz için teşekkür ederiz. Otele girdiğiniz ilk andan itibaren çıkışınıza kadar sizlere güler yüzle hizmet eden herkes tatilinizi daha da güzelleştiriyor. Tam bir aile oteli. Otelde hem eğleneceğiniz hem de sessiz sakin kafa dinleyebileceğiniz alan olması çok güzel. Yemekler çok ama çok lezzetli. Çeşitlilik açısından da bu kadar çeşidin olduğu bir otel görmemiştim açıkçası. Tabi bu konuda sonradan pişman olabilirsiniz çünkü yemeyeceğim de deseniz dayanamıyorsunuz:) Özellikle Mehmet ustanın yapmış olduğu pişiler ve Burak Bey’in profiterolleri kilo almanıza sebep olacaktır :) Temizlik konusunda hassas bir ekibin olması ve destek talep ettiğiniz anda aksiyon alınıyor olması bizleri çok memnun etti. Otelde sıkılma gibi bir durum söz konusu olamıyor. Günlük olarak sizleri o günkü program ile ilgili bilgilendiriyorlar. Çok eğlenceli ve ilgili bir ekip sizlere gün içerisinde eşlik edebiliyor. Denizi mükemmel ve çok temizdi. Yeşillikler arasında gündüzü ayrı gecesi ayrı güzeldi. Tüüüüm ekibe teşekkür ederiz. Güvenlik, temizlik, yemekler, animasyon ekibi… İyi ki tatilimizi bu güzel otelde geçirdik. Emeklerinize, ilginize, güler yüzlülüğünüze teşekkürler.",Haziran Tatili,5,Tem 2023,,Haziran 2023,Aileyle seyahat etti,,,,,,5 katkı
Green Bay Resort & Spa,"Sayın Misafirimiz Sonar M, Crystal Hotels otelimizi tercih ettiğiniz için en içten teşekkürlerimizi sunar, konaklama deneyiminizi paylaşmak için ayırdığınız zamanın bizler için son derece kıymetli olduğunu bilmenizi isteriz. En kısa zamanda sizleri Crystal Hotels otellerimizde tekrar ağırlamak dileklerimizle... Saygılarımızla, Ahmet DERİN Otel Müdürü",Çok keyifli bir tatildi,4,Tem 2023,,Temmuz 2023,Aileyle seyahat etti,,,,,,1 katkı
Green Bay Resort & Spa,"Sayın Misafirimiz Ömer K, Crystal Hotels otelimizi tercih ettiğiniz için en içten teşekkürlerimizi sunar, konaklama deneyiminizi paylaşmak için ayırdığınız zamanın bizler için son derece kıymetli olduğunu bilmenizi isteriz. En kısa zamanda sizleri Crystal Hotels otellerimizde tekrar ağırlamak dileklerimizle... Saygılarımızla, Ahmet DERİN Otel Müdürü",Ailece tatil,5,Tem 2023,,Temmuz 2023,Aileyle seyahat etti,,,,,,1 katkı
Green Bay Resort & Spa,"Sayın Misafirimiz Selçuk Ö, Crystal Hotels otelimizi tercih ettiğiniz için en içten teşekkürlerimizi sunar, konaklama deneyiminizi paylaşmak için ayırdığınız zamanın bizler için son derece kıymetli olduğunu bilmenizi isteriz. En kısa zamanda sizleri tekrar ağırlamak ve Crystal Hotels farkını yeniden yaşatmak dileklerimizle... Saygılarımızla, Ahmet DERİN Otel Müdürü",Koy içerisinde çok güzel bir otel,4,Tem 2023,,Temmuz 2023,Aileyle seyahat etti,,,,,,1 katkı
Green Bay Resort & Spa,"Sayın Misafirimiz Reyhan A, Crystal Hotels otelimizi tercih ettiğiniz için en içten teşekkürlerimizi sunar, konaklama deneyiminizi paylaşmak için ayırdığınız zamanın bizler için son derece kıymetli olduğunu bilmenizi isteriz. En kısa zamanda sizleri Crystal Hotels otellerimizde tekrar ağırlamak dileklerimizle... Saygılarımızla, Ahmet DERİN Otel Müdürü",Harika,5,Tem 2023,,Temmuz 2023,Aileyle seyahat etti,,,,,,1 katkı
Green Bay Resort & Spa,Otelde 1 hafta konaklamamız sonucunda çalısanların ve yönetimin dogru kişilerin elinde olduğunu gördük. Keza bunun yanı sıra snack bar'da birbirinden güzel yemekler çıktığınıda belirtmek isterim. Her gün yaptıkları aktivitelerle insanları eğlendirmeyi bilen Mert ve ekibinede ayrıca teşekkür ederim. Bizler ailece guzel bir tatil gecirdik.takrar crystal ailesini özverili icin tesekkurler... Not:bu guzel tesisi gelmek istersiniz tatilbudur üzerinden yaptiginiz rezervasyonunuza dikkat edin...kelime oyunlariyla karşılaşıp rezervasyonunuzla ilgili problemler yasabilirsiniz.,Tam bir aile oteli,4,Tem 2023,,Temmuz 2023,Aileyle seyahat etti,,,,,,1 katkı
Green Bay Resort & Spa,"Sayın Misafirimiz Gözde Hanım, Crystal Hotels otelimizi tercih ettiğiniz için en içten teşekkürlerimizi sunar, konaklama deneyiminizi paylaşmak için ayırdığınız zamanın bizler için son derece kıymetli olduğunu bilmenizi isteriz. En kısa zamanda sizleri tekrar ağırlamak ve Crystal Hotels farkını yeniden yaşatmak dileklerimizle... Saygılarımızla, Ahmet DERİN Otel Müdürü",Hersey cok güzel,5,Tem 2023,,Temmuz 2023,Çift olarak seyahat etti,,,,,,3 katkı
Green Bay Resort & Spa,"Havuzu sevdik. Yemeklerin lezzeti ve çeşitliliği bir harika gittiğim diğer oteller arasında en iyisi. Gündüz aktiviteleri ve akşam gösterileri fazlasıyla var. Animasyon ekibi müthiş ve güler yüzlüler. Ceren hanım’a da ilgisi için teşekkür ederiz, kendisi tatilimiz boyunca bizlerle çok ilgilendi ve her gün etkinlikler hakkında bilgi verdi. Restoran çalışanların da ellerine sağlık diyorum..",Güzel bir otel,5,Tem 2023,,Temmuz 2023,Aileyle seyahat etti,,,,,,1 katkı
Green Bay Resort & Spa,"Geçtiğimiz sene ağustosta otelde konaklamıştık. Bu sene temmuzda gelelim dedik. Büyük restoran yetersiz. Çeşit çok az. Restorandaki servis personeli ilgili, özellikle Erkan Bey' e teşekkür ederiz. Snack restoran başarılı. Cadde restoranı kalitesinde yemekler çıkıyor.O birimdeki Osman Bey'e teşekkür ederiz. Odalar küçük, yalıtım yetersiz.housekeeping ilgili, bayram yoğunluğu olmasına rağmen aksama yaşamadık,duş jelleri dışında. Alakartta bir aksam rezervasyonlu ücretsiz yemek var, deniz ürünleri bölümü personel ilgili, porsiyonlar küçük.sanıyorum maliyet kaynaklı bir senede böyle bir değişim olmuş.tabi müşterinin maliyeti de arttığı için hizmetin gerilememesi gerekir.snack restoran arkasındaki tuvaletler kötü durumdaydı,bir kereye mahsus da değildi. Beach bar yok. Plaja yakın bar hem restorana hem de plaja hizmet veriyor gelgelelim bar demirbaşı mojito yapılmıyor. Ücra bara yönlendiriliyor. Bira kötü. viski vat69 la idare edersiniz. Otelde kibrit yok,çakmağınıza sahip çıkın.Buna da yeşilaycı bir argümanla cevap veriyorlar. Animasyonun belirli bir standardı var, alan olarak çok küçük bir resort de işlerini iyi yapıyorlar. İsmini hatırlayamadığım şef arkadaş ve ekipten Uğur Can Bey'e teşekkürler.Çocuk oyun alanı başarılı. Hizmete göre pahalı bir otel, bu fiyata Antalya'da kral tatili yaparsınız.",Hizmette gerileme var.,3,Tem 2023,"İzmir, Türkiye",Temmuz 2023,Aileyle seyahat etti,,,,,,2 katkı
Green Bay Resort & Spa,"Merhaba, Tüm Crystal Green Bay ekibine teşekkür ederek başlamak istiyorum. 4 kişi ailecek yaptığımız tatilimizde çok memnun kaldık. Deniz dalgasız çabuk derinleşmesi dezavantaj olsa da saatlerce yüzseniz bile yormayan dingin bir denize sahip. Yemekleri gayet başarılı, her saat her yerde yiyecek bir şeyler bulabiliyorsunuz aç kalma ihtimaliniz yok. Özellikle Alakart Türk mutfağına hayran kaldık pek çok güzel otelde konakladık fakat burası gerçekten çıtayı çok yüksek tutmuş. Kilit grubunun diğer Nirvana otellerinde kalmış biri olarak beklentiyi Crystal diye düşük tutmuştum fakat beni güzel anlamda yanılttılar. Eleştiri yapacağım nokta odalar ilk bize verilen odalar gerçekten çok kötüydü doluluk olmasına rağmen aşırı ricamı karşılıksız bırakmayıp yardımcı olup odalarımızı aynı dün değiştirdiler. Kısaca kesinlikle tavsiye ediyorum bizim tatil beklentimizi güzel deniz, temiz hava, güzel yemekler, güleryüzlü personel olarak karşıladı tekrar tercih edebileceğimiz bir tatil yaşattı.",Tekrar tekrar tercih edilesi,5,Tem 2023,"Eskişehir, Türkiye",Haziran 2023,Aileyle seyahat etti,,,,,,13 katkı
Green Bay Resort & Spa,"Otele kurban bayrami tatilini degerlendirmek icin iki oglumla beraber gittim.Bugun cikis yaptik. Otelin yeri cok guzelden de öte. Boyle bir yerin sahibi olmak birkere pahabicilemez. Otel genel hatlariyla iyi. Gayet temiz. Odalar biraz kücük ama degismeyecek bisey oldugundan cok eksik olarak soylemeye gerek yok. Artik o sekilde kabullenmek gerekiyor. Yemekleri lezzetli. Tatlilar 5 uzerinden 3. Yemek cesidi yeterli. Gidip pisman olmayacaginiz bir otel. Ufak tefek gördügüm eksiklikleri aktarayim. Çocuk dostu bir otel icin cocuklara yonelik etkinlik vs cok az ve hep ayni şeyler. Biraz çesitlendirilebilir. Gozleme ve waffle yapan yerden 3 kere filan eli bos döndüm. Birinde elektrik yok dediler, birinde gözleme saci bozuk dediler. Birinde cok sira vardi. Ayrica wafflein olmazsa olmazi cilek yoktu kac sefer gittigimde. Aquaparktaki havuzla sezlonglarin arasinda o kadar az mesafe var ki cocuklar gecmekte zorlaniyor. Yani düzeltilmesi imkansiz bir durum ama bilemiyorum tabi nasil bir formül bulunabilir,düsünülebilir. Cocuk havuzunun etrafinda aileler icin oturacak hic bir yer yok. Ayakta mi dikilsin aileler, oraya bank, semsiye gibi seyler konulabilir. Mini club cok yetersiz, yeterince kaliteli vakit gecirecek hic bir materyal yok. Calisanlarin hepsi cok tatli evet ama bence tam egitimli kimse yok. Snack bar kisminda yemek icin cok fazla bekliyorsun. Alti üstü hazir doneri getirecek dakika tuttum tam 35 dk da getirdi. Calisanlar fildir fildir dönüyor ama bir türlü istenilen verim alinamiyor. Ayrica biz 5 gece 6 gun kaldik alacart restoranda yemek hakkimiz varmis bilgilendirme yapilmadi bize. Biz gidip o hakkimizi kullanmadik. Burdaki yorumlarda gördüm. Resepsiyon personelini bu konuda yetersiz gördum acikcasi. Her isletmede oldugu gibi burda da cok kibar personeller, samimi personeller, suratsiz personeller mevcut. Ama genel olarak personeller saygili. Hepsine ayri ayri tesekkur ederim. Havuzbasindaki ve aquaparktaki cankurtaranlar Ugurcan ve Ümit de cocuklarla guzel ilgilendiler onlara da ayrica tesekkur ederim. Bir daha gelir miyim. Bence gelirim🥰Tesekkur ederim.",Gidip kalmaya deger,5,Tem 2023,"Ankara İli, Türkiye",Haziran 2023,Aileyle seyahat etti,,,,,,8 katkı
Green Bay Resort & Spa,"Sayın Misafirimiz Elif T,, Crystal Hotels otelimizi tercih ettiğiniz için en içten teşekkürlerimizi sunar, konaklama deneyiminizi paylaşmak için ayırdığınız zamanın bizler için son derece kıymetli olduğunu bilmenizi isteriz. En kısa zamanda sizleri tekrar ağırlamak ve Crystal Hotels farkını yeniden yaşatmak dileklerimizle... Saygılarımızla, Ahmet DERİN Otel Müdürü",Güzel ve sakin bir tatil,4,Tem 2023,,Temmuz 2023,Aileyle seyahat etti,,,,,,1 katkı
Green Bay Resort & Spa,"Aktiviteler muazzamm, burada Ceren Hanımla beraber su topuyla tanıştım kendisi bizlere bu oyunu sevdirdi, her gün katılım sağladık. Üstüne üstlük 70 yaşındaki babam da oyuna dahil oldu. Genelde kazandığımızı da söylemeden geçmek istemem :)) gün içerisinde her saat aktivite de bulabilirsiniz, akşamları şovlar da çok güzel. Bütün animasyon ekibine, personellere ve güler yüzlü otel müdürü Ahmet Bey’e teşekkür ederiz.. Tekrardan görüşmek üzereee",Aktiviteler çok iyi,5,Tem 2023,,Haziran 2023,Aileyle seyahat etti,,,,,,1 katkı
Green Bay Resort & Spa,"Bayıldıkkkkk. Kesinlikle tavsiye edebileceğimiz bir otel. Animasyon ekibi bizimle çok ilgiliydi özellikle aktivitelere bizleri de dahil ettiler ve aşırı keyif almamızı sağladılar. Yemek konusunda da çok memnun kaldık, aşçıların ellerine sağlık. Otel müdürü Ahmet Bey de çok ilgiliydi her gün güler yüzüyle gün içerisinde bizlerle sohbet etti pek de bir mütevazi biri kesinlikle tavsiye ediyorum.",Tek kelimeyle bayıldıkk,5,Tem 2023,,Haziran 2023,Aileyle seyahat etti,,,,,,3 katkı
Green Bay Resort & Spa,"Sayın Misafirimiz Oktay G, Crystal Hotels otelimizi tercih ettiğiniz için en içten teşekkürlerimizi sunar, konaklama deneyiminizi paylaşmak için ayırdığınız zamanın bizler için son derece kıymetli olduğunu bilmenizi isteriz. En kısa zamanda sizleri tekrar ağırlamak ve Crystal Hotels farkını yeniden yaşatmak dileklerimizle... Saygılarımızla, Ahmet DERİN Otel Müdürü",Tatil,5,Tem 2023,,Haziran 2023,Aileyle seyahat etti,,,,,,1 katkı
Green Bay Resort & Spa,"Değerli misafirimiz , Tatiliniz için Crystal Green Bay Resort & Spa’yı tercih ettiğiniz için teşekkür ederiz. Crystal markasını tatil programınıza eklemeniz ve bu güzel yorumlarınız bizler için birer motivasyon kaynağıdır. Latif geri bildiriminiz için sizlere şükranlarımızı sunar, sağlıklı günler dileriz. Tekrar görüşmek dileğiyle Ahmet Derin İşletme Müdürü",Memnuniyetim,5,Tem 2023,,Haziran 2023,Aileyle seyahat etti,,,,,,2 katkı
Green Bay Resort & Spa,"Sayın Misafirimiz Tarkan Ç, Tesisimiz ile ilgili yapmış olduğunuz yorum için teşekkür ederiz. Öncelikle memnuniyetsizliğinizden dolayı üzüntümüzü iletmek isteriz. Amacımız her geçen gün kendimizi yenileyerek servis ve hizmet kalitemizi daha üst seviyelere çıkarmaktır. Bu doğrultuda siz değerli konuklarımızdan gelen şikâyet, eleştiri ve önerilerin yönetim olarak yapacağımız çalışmalara olumlu katkıda bulunacağına inanmaktayız. Sizlerden gelen her türlü şikâyet, eleştiri ve öneriler değerlendirilmekte ve bu doğrultuda gerekli çalışmalar yapılmaktadır. Bu kapsamda sizden aldığımız görüşleriniz değerlendirilerek yetkili departmanlar tarafından takibinin itina ile yapılacağını bilmenizi isteriz Tesisimizi bir sonraki ziyaretinizde söz konusu memnuniyetsizliğinizin giderilmiş olması ile ilgili her türlü çabayı sarf edeceğimizi, sizleri tekrar aramızda görmekten onur duyacağımızı bilmenizi isteriz. Saygılarımızla, Ahmet DERİN Otel Müdürü",Kötü deneyim,1,Tem 2023,,Haziran 2023,Aileyle seyahat etti,,,,,,1 katkı
Green Bay Resort & Spa,"Otel genel olarak temiz ve bakımlı, tüm otel çalışanları saygılı ve güler yüzlü. Müşteri ilişkilerinden Sevcan hanım, Yasmin hanım ve Hilal hanım bizler ile çok ilgilendiler, çok teşekkür ediyorum onlara. Otelde her saat aktivite oluyor. Animasyon ekibinden Ceren Hanım, Damla hanım, Mert bey ismail bey ve uğurcan beye çok teşekkür ederim bizleri her aktiviteye davet ettiler, bizler ile çok ilgilendiler.",Otel değerlendirme hk.,5,Tem 2023,,Haziran 2023,Çift olarak seyahat etti,,,,,,1 katkı
Green Bay Resort & Spa,"Sayın Misafirimiz Rana, Crystal Hotels otelimizi tercih ettiğiniz için en içten teşekkürlerimizi sunar, konaklama deneyiminizi paylaşmak için ayırdığınız zamanın bizler için son derece kıymetli olduğunu bilmenizi isteriz. En kısa zamanda sizleri tekrar ağırlamak ve Crystal Hotels farkını yeniden yaşatmak dileklerimizle... Saygılarımızla, Ahmet DERİN Otel Müdürü",Tatil,5,Tem 2023,,Haziran 2023,Aileyle seyahat etti,,,,,,2 katkı
Green Bay Resort & Spa,"Sayın Misafirimiz Özgül C Crystal Hotels otelimizi tercih ettiğiniz için en içten teşekkürlerimizi sunar, konaklama deneyiminizi paylaşmak için ayırdığınız zamanın bizler için son derece kıymetli olduğunu bilmenizi isteriz. En kısa zamanda sizleri tekrar ağırlamak ve Crystal Hotels farkını yeniden yaşatmak dileklerimizle... Saygılarımızla, Ahmet DERİN Otel Müdürü",aileyle gitmek için mükemmel seçim,5,Tem 2023,,Haziran 2023,Çift olarak seyahat etti,,,,,,1 katkı
Green Bay Resort & Spa,"Sayın Misafirimiz Merve Sara, Crystal Hotels otelimizi tercih ettiğiniz için en içten teşekkürlerimizi sunar, konaklama deneyiminizi paylaşmak için ayırdığınız zamanın bizler için son derece kıymetli olduğunu bilmenizi isteriz. En kısa zamanda sizleri tekrar ağırlamak ve Crystal Hotels farkını yeniden yaşatmak dileklerimizle... Saygılarımızla, Ahmet DERİN Otel Müdürü","Huzurlu, mükemmel bir tatil",5,Tem 2023,"İstanbul, Türkiye",Haziran 2023,Çift olarak seyahat etti,,,,,,19 katkı
Green Bay Resort & Spa,"Yemek çeşitliliğinden ve oda temizliğinden memnun kaldık. Sadece snack bar kısmında yoğun talepten ötürü zaman zaman beklemek durumunda kaldık. Onun haricinde akşam eğlenceleri çok yerindeydi, güzel vakit geçirdik; canlı müzik performansları hoştu. Otel çalışanlarının müşterilere karşı tutumu ilgili idi. Genel olarak memnun kaldık, hoş olmayan bir durum ile karşılaşmadık.",Yaz tatili,4,Haz 2023,"Ankara, Türkiye",Haziran 2023,Aileyle seyahat etti,,,,,,3 katkı
Green Bay Resort & Spa,"Sayın Misafirimiz Uğurcan Türe, Crystal Hotels otelimizi tercih ettiğiniz için en içten teşekkürlerimizi sunar, konaklama deneyiminizi paylaşmak için ayırdığınız zamanın bizler için son derece kıymetli olduğunu bilmenizi isteriz. En kısa zamanda sizleri tekrar ağırlamak ve Crystal Hotels farkını yeniden yaşatmak dileklerimizle... Saygılarımızla, Ahmet DERİN Otel Müdürü",Güzel bir tatil deneyimi,5,Tem 2023,"Berlin, Almanya",Haziran 2023,Aileyle seyahat etti,,,,,,3 katkı
Green Bay Resort & Spa,"Öncelikle oteli tercih edecekler lütfen yorumumu sonuna kadar okuyun. Tüm samimiyetimle yaziyorum tek kelime abartmıyorum. Genel olarak bir sene boyunca calisip bi hafta 10 gun tatil yapiyoruz. Buraya geleceginize evde oturup dizi izleyin daha cok keyif alirsiniz. Paranizda cebinizde kalir. O kadar soyluyorum Kim neye gore bu otele 5 yildiz vermis anlamanin imkani yok. Acik ara hayatimda kaldigim en kotu ilk 3 otel arasina girer. Burdan cok daha guzel 3 yildizli otellerde kaldım. Öncelikle olumlu yanları : Otelin denizi ve dogasi guzel. Odaları temiz. (BU KADAR) Olumsuz yanlarına gelince: Karşılamadan baslayalım. Kendi arabamla geldim ben otele orda basladi zaten hersey kimse bizi karşılamadı ilgilenmedi suratimiza bakiyolar nerden ciktiniz der gibi. Neyse kendi bavullarimi kendim indirdim. 1 saat bellboy bekledik sonra odamiza giris yaptik bu arada erken felan gelmedik.14 giriş.olan otele 15.30 gibi geldik. Hani beklersiniz dimi otelimizde şu var bu var bi tanıtım yok öyle birsey heryeri biz kendimiz bulduk ögrendik. Denizi derin cocuklu ailelere gore degil.iki adim atiyosun boy. Otelde kıtlık var Hic bisey yok. Öyle ütopik şeylerdende bahsetmiyorum. Mesela ilk gün 1 tane muz bulamadık koca 5 yıldızlı otelde. Mesela çikolatalı süt. Benim çocuk tutturdu çikolatalı süt diye otelin altını üstüne getirdim yok.Garsonundan şefinden istedim yok Gittim aracimla 5 dk uzakta bi market var ordan çikolatalı süt aldım düşünün.( sorsan çocuklara özel büfeler felan var neyse ) Mesela limon evet yanlış okumuyosunuz bildiginiz limon. Türk gecesi yapmislar cigkofte yapmislar. Hadi alalim dedik icine sikicak limon yok gercekten. Mesela snack bara gittik bi döner bi pizza söyledik. Pizza yok. Bi döner söyledik geldi. Ikincisini istedik yok. Hayat bizimle dalga geciyor gibi. Mesela bi sütlaç almış hanım hoşuma gitti bi tanenede ben alıym dedim yok. Gerçekten bu şekilde şaka yapmıyorum. Mesela plaja ineceksiniz havlu standında havlu yok. Alıştık artık yok abi, kalmadı abi demelerine. (Hesapta ultimate herşey dahil) Otelde hizmet sıfır. Yani eksi puan verebilsem veririm. Hani hizmet bekliyosanız zaten çok yanıldınız. Otelde herşeyi kendiniz yapacaksınız. Oturayım biri bi çay getirir diye beklerseniz çok beklersiniz. Kendi çayınızı kauvenizi yemeginizi ickinizi kendiniz alacaksiniz. Oda uzun uzun sıralar bekledikten sonra. Kimse size bisey getirmez. Otelde askerliğim geldi aklıma. Yeme içmeye gelince. Yiyecek biseyler cikiyo eyw aç kalmiyosunuz ama konu nimet oldugu icin cok girmiycem buraya gelirseniz anlarsiniz ne demek istedigimi. Alkol konusuna gelelim. İcmeyi seven biriyseniz zaten ilk gün kaçarsınız. Öyle bildiğiniz alkollü kokteyller felan yok burda likörlü saçma sapan şeyler var oda yaparlarsa. Örnek mohito istedim yok. 5 yıldızlı otelde en basit koktyle bile yok.Rica ettim yapın diye abi menünün dışına çıkamıyoruz diye cvp aldim Mesela bi koktyle istedim shaker yok şaka gibi barda bi tane shaker var ikincisi yok. Say say bitmez çile gibi 6 gece gecirdik. Mesela odada bi traş seti diş fırçası seti öyle bisey ne mümkün. Aklima gelenler bunlar şimdilik. daha neler neler var sinirden gelmiyo aklıma. İlk gün hic girmemliydik işte yaptık bi hata. Biz yaptık siz yapmayın. Oteldeki arilardan sineklerden bahsetmiyorum bile. Çalışanlar dan yana bi şikayetim yok hepsi genç saygılı çocuklar.Emekçiler. Ama otel yönetimi benim gözlemlediğim kadarıyla 5 kisinin yapacagi isi. 1 kisiye yaptirmaya calisiyo olmaz. Malzemeden ekipmandan herseyden kismislar olmaz Biz yorumlara kanıp geldik. Ama inanamadık gerçekten bu kadarmı kalitesiz olur herşey. Bu olumlu yorum yapanlar ya sahte hesaplar. Yada hayatında hiç 5 yıldızlı otel görmemişler. Bütün bunları çıkmadan misafir ilişkileri ile de paylaştım Şimdi bu yorumumun altina otel saçma sapan bi otomatik mesaj atıcak sanki herşey çok güzel olacakmış gibi ama boşuna zahmet etmesinler. Asla bidaha adımımı atmam eşi dostu soranı fikir isteyeni asla hiç kimseyede tavsiye etmem. Bir kişiyi bile bilinçlendirebildiysem ne mutlu bana.",Sakın ama sakın,1,Haz 2023,,Haziran 2023,Aileyle seyahat etti,,,,,,4 katkı
Green Bay Resort & Spa,"Oda ve oda icindeki elektronik aletler biraz eski, oda kucuk sayilir fakat odada cok vakit gecirmiyorsaniz idare eder. Oda temizligi genel anlamda iyi, bazi detaylari atliyorlar fakat rahatsizlik verecek bir durum yok. Personel cok ilgili, cok yardimsever ve size cozum uretmek icin elinden geleni yapiyor. Ozellikle animasyon ekibinden Ugur bey tatil deneyimimizi daha iyi hale getirmek icin cok fazla cabaladi. Ugur bey’e tum emekleri ve harika bir tatil deneyimi icin tesekkur ediyorum. Animasyon ekibi durmadan calisiyor ve surekli etkinlikler var. Bu etkinlikler gercekten tatilinize renk katiyor. Genel anlamda yemek kalitesi idare eder duzeyde, cesit ise oldukca fazla. Her diyete uygun ogunler yenilebilir. Tesisin genel anlamda kalitesi oldukca iyi, cok guzel bir koyda denize girebilir veya havuzda serinleyebilirsiniz. Eksiklerden biri misafire tesisin yeterince tanitilmamasi olabilir. Bir cok yeri kendiniz kesfetmeniz gerekiyor. Ozellikle belirtmek istedigim bir konu tesisin icerisindeki market fiyatlaridir. Market ihtiyaclariniz varsa disaridan alip oyle otele giris yapmanizi oneririm. Eger tatil boyunca otelden ayrilmak istemiyorsaniz market fiyatlari can sikici duzeyde. Ornek olarak fiyati 38 lira olan sigara tesisin marketinde 130 liraya satiliyor. Marketteki diger urunler de ayni sekilde abartili fiyatlarda. Bu tarz uygulamalar sadece tat kacirir. Genel anlamda aslinda otelin puani 4/5 fakat bu fiyatlar ile hak ettigi puan 3/5 oluyor benim gozumde. 4 puan vermemin tek sebebi personelin cabasidir. Cocuklu aileler icin daha ideal bir tatil sundugunu dusunuyorum. Tekrar gelmeyi ancak cocugum oldugunda dusunurum ve umarim o zamana dek otel bahsettigim sorunlari iyilestirilmis olur ve sundugu avantajlari da koruyabilir.",Fiyat performans olarak iyi bir tatil deneyimi,4,Haz 2023,Dünya,Haziran 2023,Çift olarak seyahat etti,,,,,,1 katkı
Green Bay Resort & Spa,"Değerli misafirimiz Cnstbk, Tatiliniz için Crystal Green Bay Resort & Spa’yı tercih ettiğiniz için teşekkür ederiz. Crystal markasını tatil programınıza eklemeniz ve bu güzel yorumlarınız bizler için birer motivasyon kaynağıdır. Latif geri bildiriminiz için sizlere şükranlarımızı sunar, sağlıklı günler dileriz. Tekrar görüşmek dileğiyle Ahmet Derin İşletme Müdürü",Mini club,5,Haz 2023,"İzmir, Türkiye",Haziran 2023,Aileyle seyahat etti,,,,,,2 katkı
Green Bay Resort & Spa,"Otel konsept olarak güzel ve çalışanları güler yüzlü tek sıkıntısı denizin bulanık olması ve hızlı derinleşmesi çünkü küçük yaştaki çocuklar için riskli. Otel, aktiviteleri ile gayet eğlenceli bir hale geliyor, oynanan oyunlar eğlenceli ve dolu dolu geçiyor ve oynanan oyunlar her yaştaki çocuğa ve yetişkine hitap ediyor, bu konuda tek diyebileceğim gün içine daha fazla aktivite eklenebilirse çok daha eğlenceli olur, çünkü bunun eksikliğini gün geçtikçe yavaştan hissetmeye başlıyorsunuz.",Crystal green bay resort kişisel görüş,4,Haz 2023,,Haziran 2023,Aileyle seyahat etti,,,,,,1 katkı
Green Bay Resort & Spa,"Öncelikle herkese merhabalar Kurban bayramı tatili için aldığımız 5 gecelik tatilimizde bu otelden ve özellikle kids clup dan ve çalışanlarından çok memnun kaldık, 6 yaşındaki kızım tunuslu ablalarla oynamaktan ve teslime ablası ve fikret abisiyle çok zevk aldı. Tatilimiz inanılmaz keyifli geçti herkese tavsiye ederim, bu arada gözlemeci milaslı ablayıda tavsiye ederim mutlaka yemeniz gerekli",Kusursuz bir tatil keyfi ve rahatlık,5,Haz 2023,"Milas, Türkiye",Haziran 2023,Aileyle seyahat etti,,,,,,5 katkı
Green Bay Resort & Spa,"Herşey tek kelimesi ile mükemmeldi. Özellikle çalışanların ilgisi ve güler yüzü çok iyi. Animasyon ekibi (Mert,İsmail, Uğur Can,Damla,Ceren) çok ilgili ve sıcak kanlılar. Snack bar barmenlerinden Yılmaz güler yüzü,samimiyeti ve çalışkanlığı ile bizi çok memnun etti. Snack restaurant garsonlarından Veysel kardeşim güler yüzü ve ilgisi için teşekkür ederiz. Yemekleri çok lezzetli ve güzeldi şeflerin ellerine sağlık. İsmini hatırlamadığımız tüm çalışanlara teşekkür ederiz. Herşeyi ile çok güzel bir tatildi.",MÜKEMMEL,5,Tem 2023,"İstanbul, Türkiye",Haziran 2023,Çift olarak seyahat etti,,,,,,2 katkı
Green Bay Resort & Spa,"Tatilimizi sezonun en yoğun olan kurban bayramı döneminde geçirdik. Buna rağmen personel guleryuzlu, çalışkan ve yardımsever idi. Tabiki daha kaliteli oteller mevcuttur. Verilen ücrete benzer olan klasmandaki otellerlerle kıyasladığımızda bence aralarindaki en mantıklı secimdi. Özellikle çocuklu aileler için ideal diyebilirim. Muhteşem bir manzarasi da ekstrası. (Çam ağaçları ve ege denizi ile iç içe olan koydaki tek otel) umarım çalışan personele hakları zamanında ve fazlasıyla ödeniyordur. Güzel bir tatil için teşekkür ederiz.",Çocuklu aileler için ideal,5,Haz 2023,"Bursa, Türkiye",Haziran 2023,Aileyle seyahat etti,,,,,,6 katkı
Green Bay Resort & Spa,"Değerli misafirimiz Seda A, Tatiliniz için Crystal Green Bay Resort & Spa’yı tercih ettiğiniz için teşekkür ederiz. Crystal markasını tatil programınıza eklemeniz ve bu güzel yorumlarınız bizler için birer motivasyon kaynağıdır. Latif geri bildiriminiz için sizlere şükranlarımızı sunar, sağlıklı günler dileriz. Tekrar görüşmek dileğiyle Ahmet Derin İşletme Müdürü",Bayram tatilimiz,4,Haz 2023,,Haziran 2023,Aileyle seyahat etti,,,,,,1 katkı
Green Bay Resort & Spa,"Değerli misafirimiz İnan A, Tatiliniz için Crystal Green Bay Resort & Spa’yı tercih ettiğiniz için teşekkür ederiz. Crystal markasını tatil programınıza eklemeniz ve bu güzel yorumlarınız bizler için birer motivasyon kaynağıdır. Latif geri bildiriminiz için sizlere şükranlarımızı sunar, sağlıklı günler dileriz. Tekrar görüşmek dileğiyle Ahmet Derin İşletme Müdürü",OTEL HARİKA,5,Tem 2023,"İzmir, Türkiye",Haziran 2023,,,,,,,1 katkı
Green Bay Resort & Spa,"Değerli misafirimiz Betül G, Tatiliniz için Crystal Green Bay Resort & Spa’yı tercih ettiğiniz için teşekkür ederiz. Crystal markasını tatil programınıza eklemeniz ve bu güzel yorumlarınız bizler için birer motivasyon kaynağıdır. Latif geri bildiriminiz için sizlere şükranlarımızı sunar, sağlıklı günler dileriz. Tekrar görüşmek dileğiyle Ahmet Derin İşletme Müdürü","Çalışanlar çok güler yüzlüler,yemekler fena değil odaların konforu ortalama aile olarak gelecekseniz tercih edilebilir",3,Haz 2023,,Haziran 2023,Aileyle seyahat etti,,,,,,1 katkı
Green Bay Resort & Spa,"Değerli misafirimiz Umut A, Tatiliniz için Crystal Green Bay Resort & Spa’yı tercih ettiğiniz için teşekkür ederiz. Crystal markasını tatil programınıza eklemeniz ve bu güzel yorumlarınız bizler için birer motivasyon kaynağıdır. Latif geri bildiriminiz için sizlere şükranlarımızı sunar, sağlıklı günler dileriz. Tekrar görüşmek dileğiyle Ahmet Derin İşletme Müdürü",Çocuklu aileler için ideal,5,Haz 2023,,Haziran 2023,Aileyle seyahat etti,,,,,,2 katkı
Green Bay Resort & Spa,"On the first day we entered the hotel, we encountered the problems that I will write below, and frankly, it was not as we hoped, we were very unhappy, peaceful and disappointed. The so-called 5-star Crystal Green Bay hotel is managed as if it were a 3-star hotel. We decided to take a 3-day vacation, we were officially traumatized and we still couldn't get rid of the effect. We chose this hotel very willingly, relying on the comments on google, but while we were at the hotel, we realized that fake spam 5-star reviews are being written. When we reported this situation, we were exposed to the low words of the hotel manager. Our regret increased many times. -After trying a glass or two of alcohol, we had complaints such as intestinal pain and reflux. Definitely from food or alcohol. We could only eat vegetables. We couldn't sleep the first night because of the pain. We could not leave our 2-year-old child and go to the hospital. - Almost all the meats in the restaurant are served raw and uncooked. We encountered bristle in the meals at 2 separate meals. -From the lobby to the restaurant, the staff are sullen. - The breakfast buffet consists of sausages, pancakes and milk. -We did not see any bananas in the breakfast buffet. We asked, they said that it was finished, that the order was placed, that it would come tomorrow. It did not come on the 2nd day. -The ice cream is finished at 10 am, it was said that it would not come that day. - In the snack restaurant, two doner kebabs were served in 1 and a half hours, 2 cokes and 1 ayran were served in 2 hours. If you go, don't miss the meals, you will be hungry. Doner raw was not cooked. -The quality of the food and desserts is very, very low. . -There are visible dirt particles in the pools. Especially aquapark pools are not like to be entered. (Original) Otele girdiğimiz ilk gün altta yazacağım problemlerle karşılaştık ve açıkçası umduğumuz gibi olmadı, çok mutsuz, huzurluk olduk ve hayal kırıklığına uğradık. Sözde 5 yıldızlı Crystal Green Bay oteli sanki 3 yıldızlı otelmiş gibi yönetiliyor. 3 günlük bir tatil yapalım dedik resmen travma yaşadık ve etkisinden hala kurtulamadık. Biz google'da ki yorumlara güvenip çok isteyerek bu oteli tercih ettik, fakat oteldeyken farkettik ki sahte spam 5 yıldızlı yorumlar yazılıyor. Bu durumu bildirdiğimizde otel müdürünün seviyesiz söylemlerine maruz kaldık.Pişmanlığımız kat kat arttı. -Alkollerden bir iki bardak denedikten sonra bağırsak ağrısı ve reflü gibi şikayetlerimiz oldu. Yemekler veya alkollerden olduğu kesin. Sadece sebze yiyebildik. İlk gece ağrılardan uyuyamadık. 2 yaşında çocuğumuzu bırakıp hastaneye gidemedik. -Restaurantta çıkan nerdeyse tüm etler çiğ, pişmemiş olarak sunuluyor. -2 ayrı öğünde yemeklerde kıl'a rastaladık. -Lobi den restoranta kadar personel suratsız. -Kahvaltı da ki çocuk büfesi, sosis pankek sütten ibaret. -Kahvaltı açık büfede muz göremedik. Sorduk, bittiğini sipariş verildiğini yarin geleceğini ilettiler. 2. Günde gelmedi. -Sabah 10 da dondurma bitti, o gün gelmeyeceği söylendi. -Snack restorantta iki adet döner 1 buçuk saatte, 2 adet kola 1 ayran 2 saatte servis edildi. Giderseniz öğün yemeklerini kaçırmayın aç kalırsınız. Döner çiğ pişmemişti. -Yemeklerin, tatlıların kalitesi çok ama çok düşük. . -Havuzlarda gözle görülür kir partikulleri var. Özellikle aquapark havuzlar girilecek gibi değil.","lousy vacation, lousy hotel management",1,Haz 2023,,Haziran 2023,Aileyle seyahat etti,,,,,,2 katkı
Green Bay Resort & Spa,"Sayın Misafirimiz Ceyda S , Crystal Hotels otelimizi tercih ettiğiniz için en içten teşekkürlerimizi sunar, konaklama deneyiminizi paylaşmak için ayırdığınız zamanın bizler için son derece kıymetli olduğunu bilmenizi isteriz. En kısa zamanda sizleri tekrar ağırlamak ve Crystal Hotels farkını yeniden yaşatmak dileklerimizle... Saygılarımızla, Ahmet DERİN Otel Müdürü",İkinci gelişimiz,5,Haz 2023,,Haziran 2023,Aileyle seyahat etti,,,,,,1 katkı
Green Bay Resort & Spa,"Tavsiye üzerine seçmiş olduğumuz bir oteldi. Nefis bir koyda konumlanmış, butik, pek çok hizmeti kompakt bir alanda sağlayabildiğiniz bir otel. Fiyat/performans oteli denebilir. Günün her saati yiyip içebileceğiniz alternatiflere erişmeniz mümkün. Lezzetleri de gayet iyiydi. Personel oldukça ilgili ve güler yüzlüydü. Ortak alanların ve odaların temizliği yeterliydi. Odalar çok küçük ve eskiydi. Çocuklu aileler için düşünülmüş mini Club, yine çocuk aquapark ve park alanları güzeldi. Bayram kalabalığında tercih etmemize rağmen ne yemek sırası ne şezlong kavgası yaşanmamış olması, müşteri kapasitesinin üzerinde hizmet verebildiğini gösteriyor ki bu da bir otelde olması gereken en temel özellik. Genel olarak memnun kaldığımızı söyleyebilirim.",İlle de denizi👍,4,Haz 2023,,Haziran 2023,Aileyle seyahat etti,,,,,,1 katkı
Green Bay Resort & Spa,"Değerli misafirimiz Berre U, Tatiliniz için Crystal Green Bay Resort & Spa’yı tercih ettiğiniz için teşekkür ederiz. Crystal markasını tatil programınıza eklemeniz ve bu güzel yorumlarınız bizler için birer motivasyon kaynağıdır. Latif geri bildiriminiz için sizlere şükranlarımızı sunar, sağlıklı günler dileriz. Tekrar görüşmek dileğiyle Ahmet Derin İşletme Müdürü",Sakin ve eğlenceli,4,Haz 2023,,Haziran 2023,Aileyle seyahat etti,,,,,,1 katkı
Green Bay Resort & Spa,"Sakin bir aile oteli. Biz 3 gençtik, çok çocuklu olmasından rahatsız olacaklar tercih etmeyebilir. Denizi bulanık. Birden derinleşiyor deniz ama yüzmesi rahat oluyor, ayağınıza taş değmiyor. Otelin ücretsiz iskelesinde girmek çok keyifli. Düz ayak bir otel olması çok rahat, yorulmuyorsunuz. Yemekler çeşit var ama lezzet ortalama. En çok sevdiğim yer 4. 8 feet bar oldu. Barmenlerden Ahmet Bey ve Selinay Hamına ilgilerinden ötürü çok teşekkür ederim. Otelde gün içinde çeşitli etkinliklerle oluyor. Animasyon ekibi çok ilgili ve çalışkan, yorulmuyorlar. Özellikle Damla Hanıma enerjisinden ve samimiyetinden dolayı teşekkür ederim.",Sakin ve keyifli,5,Haz 2023,,Haziran 2023,Aileyle seyahat etti,,,,,,7 katkı
Green Bay Resort & Spa,"Değerli misafirimiz Evrim K, Tatiliniz için Crystal Green Bay Resort & Spa’yı tercih ettiğiniz için teşekkür ederiz. Crystal markasını tatil programınıza eklemeniz ve bu güzel yorumlarınız bizler için birer motivasyon kaynağıdır. Latif geri bildiriminiz için sizlere şükranlarımızı sunar, sağlıklı günler dileriz. Tekrar görüşmek dileğiyle Ahmet Derin İşletme Müdürü",Otel Yorumu,3,Haz 2023,,Haziran 2023,Arkadaşlarla seyahat etti,,,,,,1 katkı
Green Bay Resort & Spa,"Değerli misafirimiz Yiğit Ş, Tatiliniz için Crystal Green Bay Resort & Spa’yı tercih ettiğiniz için teşekkür ederiz. Crystal markasını tatil programınıza eklemeniz ve bu güzel yorumlarınız bizler için birer motivasyon kaynağıdır. Latif geri bildiriminiz için sizlere şükranlarımızı sunar, sağlıklı günler dileriz. Tekrar görüşmek dileğiyle Ahmet Derin İşletme Müdürü",Tam bir fiyat performans oteli👍👍,4,Haz 2023,,Haziran 2023,Aileyle seyahat etti,,,,,,1 katkı
Green Bay Resort & Spa,"Sayın Misafirimiz Özlem Ş, Tesisimiz ile ilgili paylaştığınız bilgiler için teşekkür ederiz. Öncelikle konuyla ilgili memnuniyetsizliğinizden dolayı üzüntümüzü iletmek isteriz. Amacımız her geçen gün kendimizi yenileyerek servis ve hizmet kalitemizi daha üst seviyelere çıkarmaktır. Bu doğrultuda siz değerli konuklarımızdan gelen şikâyet, eleştiri ve önerilerin yönetim olarak yapacağımız çalışmalara olumlu katkıda bulunacağına inanmaktayız. Sizlerden gelen her türlü şikâyet, eleştiri ve öneriler değerlendirilmekte ve bu doğrultuda gerekli çalışmalar yapılmaktadır. Bu kapsamda sizden aldığımız görüşleriniz değerlendirilerek yetkili departmanlar tarafından takibinin itina ile yapılacağını bilmenizi isteriz Tesisimizi bir sonraki ziyaretinizde söz konusu memnuniyetsizliğinizin giderilmiş olması ile ilgili her türlü çabayı sarf edeceğimizi, sizleri tekrar aramızda görmekten onur duyacağımızı bilmenizi isteriz. Saygılarımızla, Ahmet DERİN Otel Müdürü",Crystal Green Bay Hotel Büyük Pişmanlık,1,Haz 2023,,Haziran 2023,Aileyle seyahat etti,,,,,,1 katkı
Green Bay Resort & Spa,"Genel olaeak çok memnun kaldığımız bir deneyim oldu. Otelin konumu, eğlencesi, yemekleri çok iyiydi. Tekrar tercih etmek çok isteriz. Fakat bir kaç olumsuz durumları da paylaşmak isteriz. Öncelikle alacarte restorantta 1 kahvaltı ve 1 akşam yemeği kazandığımız için denemek istedik. Balık restorantında hizmet çok yavaştı. Yemekler lezettli olsa da içki servisi (buz olmaması veya geç gelmesi) zayıftı. Ayrıca mezeler de yetersizsizdi. Ana restorantta çok daha fazla seçenek bulunyor, hediye kazanmamış olsaydık ücretli olarak asla tercih etmezdik. Ana restorantta yemek çeşitleri, hizmet ve lezzet çok iyiydi. Fakat yemeklerin üstünde sinekler olabiliyordur. Bu konuya dikkat edilmesi gerekir. Biz sorun yaşamadık fakat sağlık sorunları yaşanabilir. Yaşadığımız bir diğer olumsuz durum ise tatilimizde mutlaka tekne turu istiyorduk, otel merkeze uzak olduğu için merkezden kalkan tekne turlarına katılamadık. Otelde yer alan tur rehberleri de bize mutlaka bir tekne turu ayarlayacaklarını iletmesine rağmen ayarlayamadılar. Otelin su sporlarından sorumlu kişilerin ayarladığı turlar ise aşırı maaliyetli idi. Fakat tekne turuna katılamamış olsak da otel içinde hiç sıkılmadık. Çok eğlenceli bir tatil deneyimi yaşadık. Teşekkürler.",balayı tatili deneyimi hk,4,Haz 2023,,Haziran 2023,Aileyle seyahat etti,,,,,,1 katkı
Green Bay Resort & Spa,"Değerli misafirimiz Hasan Ş, Tatiliniz için Crystal Green Bay Resort & Spa’yı tercih ettiğiniz için teşekkür ederiz. Crystal markasını tatil programınıza eklemeniz ve bu güzel yorumlarınız bizler için birer motivasyon kaynağıdır. Latif geri bildiriminiz için sizlere şükranlarımızı sunar, sağlıklı günler dileriz. Tekrar görüşmek dileğiyle Ahmet Derin İşletme Müdürü",Crystal Kalitesi,4,Haz 2023,,Haziran 2023,Aileyle seyahat etti,,,,,,1 katkı
Green Bay Resort & Spa,"Bodrum Crystal Green Bay Resort&Spa'da Haziran 2023'de aile olarak 1 hafta konakladık. Otelin en başta büyük bir özveri ve güleryüzle çalışan çalışkan ekibi, konumu, mükemmel doğası, denizi, yemekleri, restaurant ve barları, odaların ve otelin temizliği tek kelime ile mükemmeldi. Burası kalabalık bir otel olmasına rağmen müthiş bir sakinlik var. Çoğu zaman denizde, iskelede ve büyük havuzda bu sakinliğin tadını çıkardık. Tam bir aile ve çocuk oteli diyebilirim. Burada herşey en ince ayrıntısına kadar düşünülmüş. En başta güler yüzüyle her gün yanımıza gelip halimizi hatrımızı soran ve bize günün bilgisini veren Damla Hanım'a ve iskele bardaki Rahman Bey'e, oda temizliğinden ve ihtiyaçlarından sorumlu arkadaşlara ve otelin her köşesinde vızır vızır çalışan güzel ve dinamik ekibe çok çok teşekkür ediyoruz. Muhakkak bu özel koydaki bu mükemmel tesisi değerlendirmenizi tavsiye ediyorum. Buradan güzel anılarla ayrılıyor, yine gelmeyi ümit ediyoruz.",Mükemmel Otel / Crystal Green Bay Resort&Spa,5,Haz 2023,,Haziran 2023,Aileyle seyahat etti,,,,,,1 katkı
Green Bay Resort & Spa,"Bu otelde ikinci konaklayışımız yine çok memnun kaldık.Odalar temiz housekeeping çok güleryüzlü ve hızlı,yemekler oldukça lezzetli hele Mehmet ustanın muhteşem ekmekleri danishleri enfes.Zaten otelin konumu , bulunduğu koy çok güzel, deniz havuz gibi sakin, dalgasız insan yüzmeye doyamıyor.Özellikle de animasyon şefi ve tüm animatörler günümüzü eğlenceli hale getirmek için canla başla çalışıyorlar. Başta Levent bey,Mert Bey, Damla, Ceren, Uğur Can ve İsmail hepsi çok şirin insanlar.Akşam ki showlar ve her akşam olan canlı müzik oldukça güzeldi tesisten ayrılıp başka eğlence mekanına gitmek aklımıza gelmedi. Tüm bu organizasyonun başında olan mütevazi ,güler yüzlü Genel Müdürümüz Ahmet Beye de çok teşekkür ediyorum, güzel bir tatil geçirmek isteyen herkese bu tesisi öneriyorum",Hiç bitmeseydi keşke…,5,Haz 2023,,Haziran 2023,Aileyle seyahat etti,,,,,,2 katkı
Green Bay Resort & Spa,"Sayın Misafirimiz Ezgi Ö, Crystal Hotels otelimizi tercih ettiğiniz için en içten teşekkürlerimizi sunar, konaklama deneyiminizi paylaşmak için ayırdığınız zamanın bizler için son derece kıymetli olduğunu bilmenizi isteriz. Ezgi Hanım, tesisimizi bir sonraki ziyaretinizde söz konusu memnuniyetsizliğinizin giderilmiş olması ile ilgili her türlü çabayı sarf edeceğimizi, sizleri tekrar aramızda görmekten onur duyacağımızı bilmenizi isteriz. Saygılarımızla, Ahmet DERİN Otel Müdürü",Tek sorun guest relations,5,Haz 2023,,Haziran 2023,Aileyle seyahat etti,,,,,,3 katkı
Green Bay Resort & Spa,"Otel oldukça iyi, erkek arkadaşımla keyifli bir tatil geçirdik. Snack Bar'dan Erdem, tatilbudur ekibinden Ulaş'ın ilgisi ve güleryüzlü yaklaşımı bizi çok çok mutlu etti. Böyle güzel yaklaşımı olan çalışanların, işletme tarafından ödüllendirilmesi gerektiğine inanıyorum. Onun dışında lavaboda tıkanıklık problemi vardı ama çok sorun olmadı. Genel olarak keyifliydi, odayla ilgili temizlik ve ışıklandırma konusunda iyileştirilebilecek şeyler olduğunu da düşünüyorum. Tesekkür ederiz.",Gayet keyifli...,4,Haz 2023,,Haziran 2023,Çift olarak seyahat etti,,,,,,1 katkı
Green Bay Resort & Spa,"Değerli misafirimiz Duygu C, Tatiliniz için Crystal Green Bay Resort & Spa’yı tercih ettiğiniz için teşekkür ederiz. Crystal markasını tatil programınıza eklemeniz ve bu güzel yorumlarınız bizler için birer motivasyon kaynağıdır. Latif geri bildiriminiz için sizlere şükranlarımızı sunar, sağlıklı günler dileriz. Tekrar görüşmek dileğiyle Ahmet Derin İşletme Müdürü",Aile oteli,4,Haz 2023,"İstanbul, Türkiye",Haziran 2023,Aileyle seyahat etti,,,,,,7 katkı
Green Bay Resort & Spa,"Değerli misafirimiz Ftama Ç, Tatiliniz için Crystal Green Bay Resort & Spa’yı tercih ettiğiniz için teşekkür ederiz. Crystal markasını tatil programınıza eklemeniz ve bu güzel yorumlarınız bizler için birer motivasyon kaynağıdır. Latif geri bildiriminiz için sizlere şükranlarımızı sunar, sağlıklı günler dileriz. Tekrar görüşmek dileğiyle Ahmet Derin İşletme Müdürü",Aile oteli,4,Haz 2023,,Haziran 2023,Çift olarak seyahat etti,,,,,,1 katkı
Green Bay Resort & Spa,"Değerli misafirimiz , Kullanıcı isminizden hareketle yaptığımız kontrollerde konaklamanızı doğrulayamadık. Eğer konaklama gerçekleştirdiyseniz gr.greenbay@crystalhotels.com.tr adresiyle oda numaranızı ve konaklama tarihinizi paylaşmanızı rica ederiz. Sorunlarınızın çözümü için lütfen bizim ile iletişime geçiniz. Saygılarımızla, Ahmet Derin İşletme Müdürü",Berbat Bir Deneyim,1,Haz 2023,,Haziran 2023,Çift olarak seyahat etti,,,,,,1 katkı
Green Bay Resort & Spa,"Otele girişimizde erken gelmemize rağmen bizi mağdur etmeyip otele girişimizi sağladılar. Ulaşım; Otel Milas Havaalanına çok yakın, arabayla 15 dakikaya ulaştık. Etkinlik; Otelin etkinlikleri çok fazla, sıkılmanıza fırsat verilmiyor. Her akşam farklı bir dans gösterisi, gün içerisinde su sporları oyunları oynanıyor. Yalnızca animasyon ekibi sürekli bilgi vermek istiyor, yemek yerken bile yanımıza 2-3 kişi geliyor. Bu biraz rahatsız edici, otelin bazı bölümlerinde bilgilendirme masası olsa daha iyi olabilir. Yemekler; hamburger evi, waffle evi gayet lezzetli. Restoranda ana yemek gayet çeşitli, aradığınız çoğu şeyi bulabilirsiniz. Snack restoran sürekli açık, otelde aç kalma ihtimaliniz yok :) Sadece tatlılar çok kötü, onunda dışarıdan tedarik edildiğini öğrendik, bu konuda değişim gerekiyor. Deniz; sahilde bazı yerler kumlu bazı yerler taşlı. İskeleler bulunuyor. 2 havuz bulunuyor. İstediğiniz yerden girebilirsiniz. Otel, Güvercinlik Koyu’nda olduğundan dalgalı değil, sakin bir denizde huzurlu bir otel. Pavillon iskelenin ücretli olmasıyla ilgili bilgi verilmemişti üstelik yerli turiste euro ile ödeme istemeleri bizi üzdü 😞 Alkol; çeşitlilik güzel istediğiniz çeşit kokteyli yapıyorlar sıkıntı yaşamazsınız. Odalar; odalar temiz, her odada balkon bulunuyor. Housekeeping sürekli günlük temizliğinizi yapıyor. Son söz olarak, -Ana Restoranda Yusuf ve Taha, -Feet Bar’da Ahmet ve Selinay, -Snack Restoranda Berke, -Lobby Bar’da ise Alican işlerini gerçekten mükemmel yapıyorlar. Ne istesek sorunsuzca yerine getirdiler. Kendilerine teşekkür ediyoruz, bu otele tekrar gelirmisin diye soracak olursanız cevabımız evet :)",Huzurlu bir otel :),4,Haz 2023,"İstanbul, Türkiye",Haziran 2023,Arkadaşlarla seyahat etti,,,,,,7 katkı
Green Bay Resort & Spa,"Değerli Misafirimiz 253ecem, , Tatiliniz için Crystal Green Bay Resort & Spa’yı tercih ettiğiniz için teşekkür ederiz. Crystal markasını tatil programınıza eklemeniz ve bu güzel yorumlarınız bizler için birer motivasyon kaynağıdır. Latif geri bildiriminiz için sizlere şükranlarımızı sunar, sağlıklı günler dileriz. Tekrar görüşmek dileğiyle.. Ahmet Derin İşletme Müdürü",Harika bir tatildi,5,Haz 2023,,Haziran 2023,Arkadaşlarla seyahat etti,,,,,,1 katkı
Green Bay Resort & Spa,"Değerli Misafirimiz 695s leymant, , Tatiliniz için Crystal Green Bay Resort & Spa’yı tercih ettiğiniz için teşekkür ederiz. Crystal markasını tatil programınıza eklemeniz ve bu güzel yorumlarınız bizler için birer motivasyon kaynağıdır. Latif geri bildiriminiz için sizlere şükranlarımızı sunar, sağlıklı günler dileriz. Tekrar görüşmek dileğiyle.. Ahmet Derin İşletme Müdürü",Mükemmel,5,Haz 2023,,Haziran 2023,Aileyle seyahat etti,,,,,,1 katkı
Green Bay Resort & Spa,"Değerli Misafirimiz Kbr ctn1903, , Tatiliniz için Crystal Green Bay Resort & Spa’yı tercih ettiğiniz için teşekkür ederiz. Crystal markasını tatil programınıza eklemeniz ve bu güzel yorumlarınız bizler için birer motivasyon kaynağıdır. Latif geri bildiriminiz için sizlere şükranlarımızı sunar, sağlıklı günler dileriz. Tekrar görüşmek dileğiyle.. Ahmet Derin İşletme Müdürü",Balayı,5,Haz 2023,,Haziran 2023,Çift olarak seyahat etti,,,,,,4 katkı
Green Bay Resort & Spa,"Değerli Misafirimiz Buket G, , Tatiliniz için Crystal Green Bay Resort & Spa’yı tercih ettiğiniz için teşekkür ederiz. Crystal markasını tatil programınıza eklemeniz ve bu güzel yorumlarınız bizler için birer motivasyon kaynağıdır. Sizlerden gelen her türlü şikâyet, eleştiri ve öneriler değerlendirilmekte ve bu doğrultuda gerekli çalışmalar yapılmaktadır. Bu kapsamda sizden aldığımız görüşleriniz değerlendirilerek yetkili departmanlar tarafından takibinin itina ile yapılacağını bilmenizi isteriz. Latif geri bildiriminiz için sizlere şükranlarımızı sunar, sağlıklı günler dileriz. Tekrar görüşmek dileğiyle.. Ahmet Derin İşletme Müdürü",Animasyon ekibi harika,4,Haz 2023,"Ankara, Türkiye",Haziran 2023,Aileyle seyahat etti,,,,,,1 katkı
Green Bay Resort & Spa,"Değerli MisafirimizAbdullah, , Tatiliniz için Crystal Green Bay Resort & Spa’yı tercih ettiğiniz için teşekkür ederiz. Crystal markasını tatil programınıza eklemeniz ve bu güzel yorumlarınız bizler için birer motivasyon kaynağıdır. Latif geri bildiriminiz için sizlere şükranlarımızı sunar, sağlıklı günler dileriz. Tekrar görüşmek dileğiyle.. Ahmet Derin İşletme Müdürü",SUPER,5,Haz 2023,,Haziran 2023,Aileyle seyahat etti,,,,,,2 katkı
Green Bay Resort & Spa,"Değerli misafirimiz Mehmet T, Tatiliniz için Crystal Green Bay Resort & Spa’yı tercih ettiğiniz için teşekkür ederiz. Crystal markasını tatil programınıza eklemeniz ve bu güzel yorumlarınız bizler için birer motivasyon kaynağıdır. Latif geri bildiriminiz için sizlere şükranlarımızı sunar, sağlıklı günler dileriz. Tekrar görüşmek dileğiyle Ahmet Derin İşletme Müdürü",Güzel Bir Tatil,5,Haz 2023,,Haziran 2023,Aileyle seyahat etti,,,,,,1 katkı
Green Bay Resort & Spa,"Değerli Misafirimiz Sibel Amasya, , Tatiliniz için Crystal Green Bay Resort & Spa’yı tercih ettiğiniz için teşekkür ederiz. Crystal markasını tatil programınıza eklemeniz ve bu güzel yorumlarınız bizler için birer motivasyon kaynağıdır. Latif geri bildiriminiz için sizlere şükranlarımızı sunar, sağlıklı günler dileriz. Tekrar görüşmek dileğiyle.. Ahmet Derin İşletme Müdürü",Harika,5,Haz 2023,,Haziran 2023,Aileyle seyahat etti,,,,,,2 katkı
Green Bay Resort & Spa,"Crystal Green Bay Resort otelinde 4 kişilik ailemle bir hafta tatil yaptık. Otelin bulunduğu koy harika. Hemen derinleşse de dalgasız tertemiz bir denizi var. Biz müthiş deniz manzarası olan bir aile odasında konakladık. Aile odası dört kişi için yeterli büyüklükte ve ihtiyaçlarımıza uygun donanıma sahipti. Otele 10:30 gibi vardık, hemen kahvaltıya yönlendirdiler. Kahvaltı sonrasında odamız hazırdı. Yeme içme konusunda herşey mükemmeldi. Ana restorant, Snack Alacart, Hamburger Alacart, Waffle-dondurma bölümü, Gözleme bölümü, Frozen bölümü hepsi belirtilen saatlerde hizmet veriyordu. Lezzetleri ise tartışılmaz. Bu otelde aç kalmanız imkansız. Aç kaldım diyen olursa art niyetli olduğunu düşünürüm. Her akşam düzenlenen harika gösterileri, şovları ve canlı müzik organizasyonlarını da çok beğendik. Karma havuz ve aqua havuz dışında ayrıca adult havuzun olması da çok iyi düşünülmüş. Bize güzel bir tatil deneyimi yaşatan otel çalısanlarından; Ana restoranda güleryüzlü hizmetiyle ERKAN'a Snack restoranda içtenlikle her isteğimizi yerine getirmeye çalışan MUSTAFA'ya Türk Alacart restoranda İBRAHİM'e Havuz barda bana mükemmel kokteyller hazırlayan HASAN'a Animasyon ekibinden bizi her gün oteldeki etkinlikler hakkında bilgilendiren pozitif enerjilerini hissettiğimiz DAMLA'ya ve TESLİME'ye gönülden teşekkürler. Ayrıca oğlumun Aquaparkta kendi dikkatsizliği nedeniyle düşerek kolunun kırılması sonucunda otel çalışanlarının ve otel yönetiminden Sevcan Hanım'ın bize gösterdiği ilgiye ve odamıza gönderdiği geçmiş olsun kartı ile hediye için tekrar teşekkürler...",Mükemmel bir koyda harika bir otel,5,Haz 2023,"Ankara, Türkiye",Haziran 2023,Aileyle seyahat etti,,,,,,9 katkı
Green Bay Resort & Spa,"Değerli Misafirimiz Kaan Uğurlu, Tatiliniz için Crystal Green Bay Resort & Spa’yı tercih ettiğiniz için teşekkür ederiz. Crystal markasını tatil programınıza eklemeniz ve bu güzel yorumlarınız bizler için birer motivasyon kaynağıdır. Değinmiş olduğunuz içki kalitesi ile alakalı olarak tüm barlarımızda bilinen markalar kullanılmakta olduğunu bilmenizi isteriz, ayrıca Yönetim 2024' sezonu için, içki çeşitlerin arttırılması konusunda gerekli notların alındığını bilmenizi isteriz. Latif geri bildiriminiz için sizlere şükranlarımızı sunar, sağlıklı günler dileriz. Tekrar görüşmek dileğiyle.. Ahmet Derin İşletme Müdürü",Ucuza Kacma,4,Haz 2023,"İzmir, Türkiye",Haziran 2023,Aileyle seyahat etti,,,,,,87 katkı
Green Bay Resort & Spa,"Değerli Misafirimiz Özlem K, , Tatiliniz için Crystal Green Bay Resort & Spa’yı tercih ettiğiniz için teşekkür ederiz. Crystal markasını tatil programınıza eklemeniz ve bu güzel yorumlarınız bizler için birer motivasyon kaynağıdır. Latif geri bildiriminiz için sizlere şükranlarımızı sunar, sağlıklı günler dileriz. Tekrar görüşmek dileğiyle.. Ahmet Derin İşletme Müdürü",Otel müdürü ve çalışanları çok iyi,5,Haz 2023,,Haziran 2023,Tek başına seyahat etti,,,,,,2 katkı
Green Bay Resort & Spa,"Değerli Misafirimiz Ceyhun B, Tatiliniz için Crystal Green Bay Resort & Spa’yı tercih ettiğiniz için teşekkür ederiz. Crystal markasını tatil programınıza eklemeniz ve bu güzel yorumlarınız bizler için birer motivasyon kaynağıdır. Latif geri bildiriminiz için sizlere şükranlarımızı sunar, sağlıklı günler dileriz. Tekrar görüşmek dileğiyle.. Ahmet Derin İşletme Müdürü",Çocuklu aile için kesinlikle tavsiye ediyoruz,5,Haz 2023,,Haziran 2023,Aileyle seyahat etti,,,,,,1 katkı
Green Bay Resort & Spa,"Değerli Misafirimiz Meryem B, Tatiliniz için Crystal Green Bay Resort & Spa’yı tercih ettiğiniz için teşekkür ederiz. Crystal markasını tatil programınıza eklemeniz ve bu güzel yorumlarınız bizler için birer motivasyon kaynağıdır. Latif geri bildiriminiz için sizlere şükranlarımızı sunar, sağlıklı günler dileriz. Tekrar görüşmek dileğiyle.. Ahmet Derin İşletme Müdürü",Keyifli bir tatil,5,Haz 2023,,Haziran 2023,Aileyle seyahat etti,,,,,,1 katkı
Green Bay Resort & Spa,"Değerli Misafirimiz Gülbin İ, Tatiliniz için Crystal Green Bay Resort & Spa’yı tercih ettiğiniz için teşekkür ederiz. Crystal markasını tatil programınıza eklemeniz ve bu güzel yorumlarınız bizler için birer motivasyon kaynağıdır. Latif geri bildiriminiz için sizlere şükranlarımızı sunar, sağlıklı günler dileriz. Tekrar görüşmek dileğiyle.. Ahmet Derin İşletme Müdürü",Sakin yeşil koyda huzurlu tatil,5,Haz 2023,,Haziran 2023,Aileyle seyahat etti,,,,,,1 katkı
Green Bay Resort & Spa,"Değerli Misafirimiz Serdar A, Tatiliniz için Crystal Green Bay Resort & Spa’yı tercih ettiğiniz için teşekkür ederiz. Crystal markasını tatil programınıza eklemeniz ve bu güzel yorumlarınız bizler için birer motivasyon kaynağıdır. Latif geri bildiriminiz için sizlere şükranlarımızı sunar, sağlıklı günler dileriz. Tekrar görüşmek dileğiyle.. Ahmet Derin İşletme Müdürü",müthiş deneyim,5,Haz 2023,,Haziran 2023,Aileyle seyahat etti,,,,,,1 katkı
Green Bay Resort & Spa,Daha önce Kilit Grup'un en üst otellerinden(Nirvana Dolce Vita) birinde kalmış bir çift olarak 10-14 Haziran tarihlerinde otelde konakladık. İzmir'den aracımız ile Bodrum içine girmeden kolayca ulaşım sağladık. Girişte güvenlik ismimizi aldıktan sonra aracımız resepsiyona yakın bir konuma park ettik. Bellboy kardeşimiz bizi hemen karşılayıp valizlerimizi alarak resepsiyona yönlendirdi. Resepsiyonda kabaca otel hakkında bilgi edinerek Osmanlı şerbeti eşliğinde odamıza uğurlandık.Otel sessiz ve nispeten dar bir koy içine kompakt bir yapıda sığdırılmış. Bütün alanlar peşi sıra geliyor diyebiliriz. Sezon başı olması itibariyle otel oldukça sakin olsa da yoğun dönemlerde kalabalığı hissedebilirsiniz. Deniz manzaralı oda tercih etmiştik. Oda konusunda manzaradan ziyade boyut konusunda biraz hüsrana uğradık. Odaya 2 kişilik ve tek kişilik birer yatak sığdırılmış bu sebeple hareket imkanı oldukça kısıtlı. Gün içinde odada vakit geçirmediğiniz için bu pek sorun olmasa da yine de can sıkıcı. Oda temizliği ve minibar dolumu her gün oluyor lakin oda temizliği çok üstün körü yapılıyor bu da bie eksi bizce. Öğleden sonra otele girdiğimiz için karnımız acıkınca Snack Restorana geçtik. Öncelikle şunu belirteyim otelde aç kalmanız zor çünkü her köşede ve nerdeyse her saatte iyi kötü ya tatlı-dondurma ya da gözleme burger döner pizza bulmanız mümkün. Snack restorana gelince ise maalesef bir kaos mevcut arkadaşlar yoğunluktan ve biraz da acemilikten sipariş almakta imtina ediyor bazen de istediğinizi unutabiliyor. Bu olay iki kez başımıza geldiği için belirtmek istedim. Lezzetler ortalama üstü denebilir. Plaj ince kum ve son derece sakin adult ve family olarak ikiye ayrılsa da buna pek dikkat eden yok. Deniz genelde dalgasız çabuk derinleşen bir yapısı olmasına rağmen yüzmesi keyifli. Suyun dibinin pek gözükmemes ise mavi bayrak arayanları üzebilir. Bunun dışında akşam yemekleri genelde günün en çeşitli ve güzel öğünü denebilir. Zevkinize göre bir yemek bulacağınız kesin . Balık tavuk kırmızı et hindi hepsi mevcut ızgara ve sulu yemekler de ayrı. Tatlı ve zeytinyağlı kısmı biraz zayıf. Özellikle zeytinyağlı kısmında sinek problemi de mevcut bunu da ilettik. Lezzetler muhteşem olmasa da dediğim gibi aç kalmazsınız. İçki ve içecek kısmı kaliteli. En bilinen marka rakı kullanan bir müessese diyeyim siz anlayın. Ala Carte restoran olarak balık deneyimi yaşadık . Rezervasyonu uygulama üzerinden yada misafir ilişkilerinden yapabiliyorsunuz. Balık restorandan son derece memnun kaldık. Güzel ağırlandık . Gelelim eğlence kısmına. Akşamları ve gün içinde otelde mutlaka aktivite oluyor. Gece şovları yeterli arkasından genelde canlı müzik oluyor. Otelde animasyon ekibi oldukça cana yakın ve sizi teşvik etmek adına istekli. Özellikle Ceren hanıma ve diğer tüm arkadaşlara (adlarını bilemediğimiz için) teşekkür ederiz. Eşimle beni yabancılara benzetmelerine de hem mutlu olduk açıkçası biraz da güldük. Hepsi her gördükleri yerde bizlere selam verdi otel ile ilgili görüşlerimizi sordular. Hevesli bir ekip. Dolu dolu 4 gün geçirdik sıkılmaya vaktimiz olmadı. Yoğun sezonda çok önermesek de fiyat performans olarak mutlu ayrıldığımız bir yer oldu. Eldeki imkanlarla iyi bir hizmet vermeye çalışılıyor. Eksik yanlarını gidermesi umudu ile Kilit Grup'un üst düzey otelleri kadar olmasa da sizi mutlu edecek bir yer diyebiliriz.,Fiyat Performans Oteli,4,Haz 2023,"İzmir, Türkiye",Haziran 2023,Çift olarak seyahat etti,,,,,,50 katkı
Green Bay Resort & Spa,"Bodrum'u n en güzel oteli. Herseyi ile 4×4 lük hiç bir şekilde olumsuz bir yanı yok. Yemekler harika ötesi, temizlik keza muazzam. Ve sıra gelsin animasyonlara onlar için ayrı bir paragraf açmak lazım Tüm otellerde gördüğünüz animasyonları eğlenceleri unutun bambaşka bir dünya Damla,ceren,ismail ve şefleri mert harika bir ekip olmuşlar. Kesinlikle pişman olmazsınız.",Crystal green bay resort muazzam otesi,5,Haz 2023,"Yalova, Türkiye",Haziran 2023,Çift olarak seyahat etti,,,,,,2 katkı
Green Bay Resort & Spa,"Değerli Misafirimiz Devran A, Tatiliniz için Crystal Green Bay Resort & Spa’yı tercih ettiğiniz için teşekkür ederiz. Crystal markasını tatil programınıza eklemeniz ve bu güzel yorumlarınız bizler için birer motivasyon kaynağıdır. Latif geri bildiriminiz için sizlere şükranlarımızı sunar,sağlıklı günler dileriz. Tekrar görüşmek dileğiyle.. Ahmet Derin İşletme Müdürü",Keyifli aile tatili,5,Haz 2023,,Haziran 2023,Aileyle seyahat etti,,,,,,1 katkı
Green Bay Resort & Spa,"Değerli Misafirimiz Birol K, Tatiliniz için Crystal Green Bay Resort & Spa’yı tercih ettiğiniz için teşekkür ederiz. Crystal markasını tatil programınıza eklemeniz ve bu güzel yorumlarınız bizler için birer motivasyon kaynağıdır. Latif geri bildiriminiz için sizlere şükranlarımızı sunar,sağlıklı günler dileriz. Tekrar görüşmek dileğiyle.. Ahmet Derin İşletme Müdürü",Yemyeşil koyda güzel otel,5,Haz 2023,,Haziran 2023,Çift olarak seyahat etti,,,,,,1 katkı
Green Bay Resort & Spa,"Değerli Misafirimiz Mürvet K, Tatiliniz için Crystal Green Bay Resort & Spa’yı tercih ettiğiniz için teşekkür ederiz. Crystal markasını tatil programınıza eklemeniz ve bu güzel yorumlarınız bizler için birer motivasyon kaynağıdır. Latif geri bildiriminiz için sizlere şükranlarımızı sunar,sağlıklı günler dileriz. Tekrar görüşmek dileğiyle.. Ahmet Derin İşletme Müdürü",Her şey on numara,5,Haz 2023,,Haziran 2023,Çift olarak seyahat etti,,,,,,1 katkı
Green Bay Resort & Spa,Mükemmel bir tatil. Bir çok tesis gezmeme rağmen böylesine ilgili temiz ve güzel bir tesis daha görmedim. Hizmette sınır yok çalışanları o kadar güler yüzlü ki yürürken bile gördüklerinde günaydın iyi günler diyorlar çok naifler. Aynı şekilde yöneticileri de öyle 4 gündür burdayım ve hemen hemen her gün yöneticelerin otel içerisinde gezip kontrol ettiklerini gördüm buda çok olumlu şekilde yansımıştı her şey kusursuz. Bu otelde asla aç kalamazsınız 7/24 yemekler var ve hepsi oldukça lezzetli isterseniz açık büfeden yersiniz isterseniz de restoranlarda ki gibi menülerden seçip servis ediyorlar her şey harika! Odalar çok temiz havuzlar öyle. Denizinde balıklar var buda denizin çok temiz olduğunun göstergesidir balıklarla yüzmek oldukça keyifli havluları temiz her şey harika.. bir tatil yapayım ve her şey mükemmel olsun istiyorsanız kesinlikle tercih etmelisiniz bundan sonra her sene geleceğim buraya biz aile olarak geldik 4 kişi cuma günü çıkıyoruz keşke 1 gün daha konaklama şansımız olsa.. otele girince çıkmak istemiyorsunuz inanın kesinlikle tercih edilmesi gereken bir otel. Her yeri yeşilliklerle dolu koyun içinde başka hiçbir otel ve yerleşim yeri yok tam kafa dinlemelik mükemmel Bu mükemmel tatil deneyimini bana sağladıkları için crystal green bay ailesine çok teşekkür ediyorum. Yeniden görüşmek dileğiyle,"Mükemmel bir tatil, gittiğim en güzel crystal tesisi çok teşekkür ediyorum",5,Haz 2023,"İstanbul, Türkiye",Haziran 2023,Aileyle seyahat etti,,,,,,1 katkı
Green Bay Resort & Spa,"Değerli Misafirimiz Elif K, Tatiliniz için Crystal Green Bay Resort & Spa’yı tercih ettiğiniz için teşekkür ederiz. Crystal markasını tatil programınıza eklemeniz ve bu güzel yorumlarınız bizler için birer motivasyon kaynağıdır. Latif geri bildiriminiz için sizlere şükranlarımızı sunar,sağlıklı günler dileriz. Tekrar görüşmek dileğiyle.. Ahmet Derin İşletme Müdürü",Mükemmel ötesi,5,Haz 2023,"İstanbul, Türkiye",Haziran 2023,Aileyle seyahat etti,,,,,,5 katkı
Green Bay Resort & Spa,"Değerli Misafirimiz Meyra H, Tatiliniz için Crystal Green Bay Resort & Spa’yı tercih ettiğiniz için teşekkür ederiz. Crystal markasını tatil programınıza eklemeniz ve bu güzel yorumlarınız bizler için birer motivasyon kaynağıdır. Latif geri bildiriminiz için sizlere şükranlarımızı sunar,sağlıklı günler dileriz. Tekrar görüşmek dileğiyle.. Ahmet Derin İşletme Müdürü",Çeşitli aktiviteler,5,Haz 2023,,Haziran 2023,Aileyle seyahat etti,,,,,,1 katkı
Green Bay Resort & Spa,"Değerli Misafirimiz Aylin U, Tatiliniz için Crystal Green Bay Resort & Spa’yı tercih ettiğiniz için teşekkür ederiz. Crystal markasını tatil programınıza eklemeniz ve bu güzel yorumlarınız bizler için birer motivasyon kaynağıdır. Latif geri bildiriminiz için sizlere şükranlarımızı sunar,sağlıklı günler dileriz. Tekrar görüşmek dileğiyle.. Ahmet Derin İşletme Müdürü",gayet memnun kaldığım bir deneyimdi,5,Haz 2023,,Haziran 2023,Arkadaşlarla seyahat etti,,,,,,1 katkı
Green Bay Resort & Spa,"Değerli Misafirimiz Roxana A, Tatiliniz için Crystal Green Bay Resort & Spa’yı tercih ettiğiniz için teşekkür ederiz. Crystal markasını tatil programınıza eklemeniz ve bu güzel yorumlarınız bizler için birer motivasyon kaynağıdır. Latif geri bildiriminiz için sizlere şükranlarımızı sunar,sağlıklı günler dileriz. Tekrar görüşmek dileğiyle.. Ahmet Derin İşletme Müdürü",Çocuklu ailelere için ideal,5,Haz 2023,,Haziran 2023,Aileyle seyahat etti,,,,,,1 katkı
Green Bay Resort & Spa,Bu oteli herkese önereceğim peki neden? Kesinlik fiyatının üzerinde performans sundunları için önereceğim. 7 aylık kızımız ile geldik ve tam bir bebek dostu bir otel oluşturmuşlar. Bebek arabasıyla her yere ulaşımınızı sağlayacak şekilde her yere rampalar yapmışlar. Bebekler için annenin istediği üzerinde istediğiniz mama ve çorbaları yapıyorlar. Ekstra hazır mamaları da mevcut. Özellikle yemekleri çok çeşitli ve lezzetliydi. Bu konuda otelin Mutfak Şefi olan Güngör Öztürk Bey’e özellikle teşekkür ediyorum. Kendisi tüm müşterilerin her derdine derman oluyor. Kesinlikle şunu söyleyebilirim bu otelde aç kalma gibi bir durum söz konusu olamaz. Tüm personeller ilgili ve güler yüzlü olması işlerini severek yaptıklarını gösteriyor. Oda temizliği gayet güzel ve düzenli olarak yapılıyor. Resepsiyondan istediğiniz her şey her an hızlı bir şekilde karşılanıyor. Otel genelinde yapılan etkinlikleri ve aktiviteleri çalışan arkadaşlar düzenli olarak gezerek sizleri bilgilendiriyor. Seneye de aynı konsept devam ettiği takdirde yine geleceğim bir oteldir.,Kaliteli ve Sakin Bir Aile Oteli,5,Haz 2023,,Haziran 2023,Aileyle seyahat etti,,,,,,1 katkı
Green Bay Resort & Spa,"Değerli konuğumuz SelçukS, Tatiliniz için Crystal Green Bay Resort & Spa’yı tercih ettiğiniz için teşekkür ederiz. Crystal markasını tatil programınıza eklemeniz ve bu güzel yorumlarınız bizler için birer motivasyon kaynağıdır. Latif geri bildiriminiz için sizlere şükranlarımızı sunar,sağlıklı günler dileriz. Tekrar görüşmek dileğiyle Ahmet Derin İşletme Müdürü",Keyifli bir tatil,5,Haz 2023,,Haziran 2023,Aileyle seyahat etti,,,,,,1 katkı
Green Bay Resort & Spa,"Değerli konuğumuz Erol K, Tatiliniz için Crystal Green Bay Resort & Spa’yı tercih ettiğiniz için teşekkür ederiz. Crystal markasını tatil programınıza eklemeniz ve bu güzel yorumlarınız bizler için birer motivasyon kaynağıdır. Latif geri bildiriminiz için sizlere şükranlarımızı sunar,sağlıklı günler dileriz. Tekrar görüşmek dileğiyle Ahmet Derin İşletme Müdürü","Doğa, deniz ve huzur",5,Haz 2023,,Haziran 2023,Aileyle seyahat etti,,,,,,3 katkı
Green Bay Resort & Spa,"Değerli konuğumuz Uğur Y, Tatiliniz için Crystal Green Bay Resort & Spa’yı tercih ettiğiniz için teşekkür ederiz. Crystal markasını tatil programınıza eklemeniz ve bu güzel yorumlarınız bizler için birer motivasyon kaynağıdır. Latif geri bildiriminiz için sizlere şükranlarımızı sunar,sağlıklı günler dileriz. Tekrar görüşmek dileğiyle Ahmet Derin İşletme Müdürü",Crystal kalitesi,5,Haz 2023,"İzmir, Türkiye",Haziran 2023,Aileyle seyahat etti,,,,,,1 katkı
Green Bay Resort & Spa,"Değerli konuğumuz Maria W, Tatiliniz için Crystal Green Bay Resort & Spa’yı tercih ettiğiniz için teşekkür ederiz. Crystal markasını tatil programınıza eklemeniz ve bu güzel yorumlarınız bizler için birer motivasyon kaynağıdır. Latif geri bildiriminiz için sizlere şükranlarımızı sunar,sağlıklı günler dileriz. Tekrar görüşmek dileğiyle Ahmet Derin İşletme Müdürü",Guleryuzlu calisanlarr,5,Haz 2023,,Haziran 2023,Aileyle seyahat etti,,,,,,1 katkı
Green Bay Resort & Spa,"4 gece 5 gün boyunca otelde konakladık. Çalışanlar inanılmaz saygılı ve ilgililer. Özellikle bahsetmek istediğim isimler var ki hepsine buradan tekrar teşekkür ediyorum. Restaurant kısmında Can bey güleryüzüyle,kibarlığıyla çok nazik ve ilgiliydi. Keza Sercan bey bize akşamları yer tutmanın yanı sıra neşesiyle ilgisiyle hep olması gereken isimlerden. Sadece kokteyllerin çoğunu lobi bardan almanız gerekiyor ve maalesef lobi bar denize çok uzak. Fakat bar şefi Ünal bey size denize yakın bardan dilediğiniz kokteyli verme imkanı sağlıyor. Müşteri memnuniyetini esas tuttuğu için çok yardımcı oldu. Eğlence açısından her gün farklı bir eğlence sunuyorlar size. Animatörler de hiç ısrarcı değil, çok saygılılar. Animasyon ekibinden özellikle Teslime hanım gerek sohbetiyle gerek güleryüzüyle bu ekipte olması gereken isimlerden. Ona da tekrar teşekkür ediyorum.",Personeller çok ilgili. Otelden memnun kaldık.,5,Haz 2023,,Haziran 2023,Aileyle seyahat etti,,,,,,2 katkı
Green Bay Resort & Spa,"Eşim ve 3 ve 6 yaşındaki çocuklarımla 4 gece konakladık. Otelden personelden çok çok memnun kaldık. Resepsiyondaki görevliden tutun, garsonlar(özellikle Yusuf bey), animasyon ekibi(Teslime hanım) çok güzel ilgilendiler. Odalar hijyenik. Günlük temizleniyor. Yemek çeşitliliği de yeterliydi. Çocuklu ve çocuksuz ailelere kesinlikle tavsiyemdir. Biz aile olarak çok mutlu ayrıldık 🤍",Çok memnun kaldık,5,Haz 2023,,Haziran 2023,Aileyle seyahat etti,,,,,,1 katkı
Green Bay Resort & Spa,"Değerli konuğumuz 892selmay, Tatiliniz için Crystal Green Bay Resort & Spa’yı tercih ettiğiniz için teşekkür ederiz. Crystal markasını tatil programınıza eklemeniz ve bu güzel yorumlarınız bizler için birer motivasyon kaynağıdır. Latif geri bildiriminiz için sizlere şükranlarımızı sunar,sağlıklı günler dileriz. Tekrar görüşmek dileğiyle Ahmet Derin İşletme Müdürü",Teşekkürler,5,Haz 2023,,Haziran 2023,Aileyle seyahat etti,,,,,,1 katkı
Green Bay Resort & Spa,"Değerli misafirimiz Gülden I, Tatiliniz için Crystal Green Bay Resort & Spa’yı tercih ettiğiniz için teşekkür ederiz. Crystal markasını tatil programınıza eklemeniz ve bu güzel yorumlarınız bizler için birer motivasyon kaynağıdır. Latif geri bildiriminiz için sizlere şükranlarımızı sunar,sağlıklı günler dileriz. Tekrar görüşmek dileğiyle Ahmet Derin İşletme Müdürü",Mükemmel,5,Haz 2023,,Haziran 2023,Arkadaşlarla seyahat etti,,,,,,1 katkı
Green Bay Resort & Spa,"Değerli misafirimiz Deniz Ç, Tatiliniz için Crystal Green Bay Resort & Spa’yı tercih ettiğiniz için teşekkür ederiz. Crystal markasını tatil programınıza eklemeniz ve bu güzel yorumlarınız bizler için birer motivasyon kaynağıdır. Latif geri bildiriminiz için sizlere şükranlarımızı sunar,sağlıklı günler dileriz. Tekrar görüşmek dileğiyle Ahmet Derin İşletme Müdürü","Çok memnun kaldık, çocuklara göre bir otel",5,Haz 2023,,Haziran 2023,Aileyle seyahat etti,,,,,,1 katkı
Green Bay Resort & Spa,"Değerli konuğumuz kemal_107, Tatiliniz için Crystal Green Bay Resort & Spa’yı tercih ettiğiniz için teşekkür ederiz. Crystal markasını tatil programınıza eklemeniz ve bu güzel yorumlarınız bizler için birer motivasyon kaynağıdır. Latif geri bildiriminiz için sizlere şükranlarımızı sunar,sağlıklı günler dileriz. Tekrar görüşmek dileğiyle Ahmet Derin İşletme Müdürü",Çok memnun kaldık….,5,Haz 2023,,Haziran 2023,Aileyle seyahat etti,,,,,,1 katkı
Green Bay Resort & Spa,"Değerli misafirimiz Zehra K, Tatiliniz için Crystal Green Bay Resort & Spa’yı tercih ettiğiniz için teşekkür ederiz. Crystal markasını tatil programınıza eklemeniz ve bu güzel yorumlarınız bizler için birer motivasyon kaynağıdır. Latif geri bildiriminiz için sizlere şükranlarımızı sunar,sağlıklı günler dileriz. Tekrar görüşmek dileğiyle Ahmet Derin İşletme Müdürü",İyi tatilleeeeeer 🌸,5,Haz 2023,,Haziran 2023,Aileyle seyahat etti,,,,,,1 katkı
Green Bay Resort & Spa,Balayı için tercih ettiğimiz bir oteldi. Ben ve eşim oldukça memnun kaldık. Balayı fırsatlarıyla alâkalı ufak bir anlaşmazlık oldu fakat sıcak kanlı ve saygılı tavırlarıyla durumu hemen çözdük ve daha iyi konumda ki bir odada konakladık. Çevre temizliği ve tesis içinde ki birimlerin birbirlerine yakın oluşu çok iyiydi. Tüm personel oldukça saygılı ve güler yüzlüydü. Yemek çeşitliliği ve yemeklerin lezzeti iyiydi. Animasyon ekibi gayet enerjik ve cana yakındı birlikte bir çok etkinlik yapıp keyifli vakit geçirdik. Akşamları amfi tiyatroda ki dans ve ateş şovları oldukça etkileyiciydi. Denizi bir anda derinleşiyor yüzme bilmiyorsanız dikkat etmekte fayda var. Gözlemeci teyzenin gözlemesi efsaneydi yemeden otelden ayrılırsanız çok pişman olursunuz. Bu arada çocuklu aileler için mini discosu ve çocuk kulübü oldukça başarılı ve personel çok ilgiliydi. Çocuklu aileler gönül rahatlığıyla tercih edebilir. 8 gece 9 gün gibi bir süre kaldık ve hiç sıkılmadık. Tekrar gitmeyi bile düşünüyoruz. Tavsiyemiz üzerine 4 arkadaşımız daha otele gitti ve memnun kaldılar. Tatilimizin harika geçmesinde emeği olan tüm otel çalışanlarına çok teşekkür ederim.,"Her yönden memnunum , pişman olmazsınız.",5,Haz 2023,"Slagelse, Danimarka",Mayıs 2023,Çift olarak seyahat etti,,,,,,13 katkı
Green Bay Resort & Spa,"Eşim ve 2,5 yaşında oğlumla Haziran 2023 tarihinde konaklama yaptık. İlk defa çalışanlar konusunda bu kadar memnun kaldığımız bir yer oldu. Tüm çalışanlara çok teşekkür ediyoruz. Otelden memnun ayrılmamızın en büyük sebebi çalışanların iletişimi, yardımseverliği, güler yüzlülüğü diyebiliriz. Yemek konusunda etler inanılmaz lezzetli, pide ustası çok başarılı, ve gözleme pişi yapan abla çok iyiydi. Animasyon ekibine de ayrıca teşekkür etmek istiyorum. Oğlum pandemi bebeği olması sebebiyle kolay adapte olan bir yapıya sahip değil ancak bu ekiple keyifli zaman geçirdi. Canlı müzikler ve gösterilerle de akşamları keyifli zaman geçirebildik. Tesis temiz geniş bir alana sahip sadece denizden ara ara koku geliyor ve çok temiz diyemeyiz. Koy olması sebebiyle olabilir. Tek olumsuz taraf bu diyebiliriz.",Çocuk dostu ve çalışanlar çok samimi ve güler yüzlü,5,Haz 2023,,Haziran 2023,Aileyle seyahat etti,,,,,,1 katkı
Green Bay Resort & Spa,"Değerli misafirimiz Eren K, Tatiliniz için Crystal Green Bay Resort & Spa’yı tercih ettiğiniz için teşekkür ederiz. Crystal markasını tatil programınıza eklemeniz ve bu güzel yorumlarınız bizler için birer motivasyon kaynağıdır. Latif geri bildiriminiz için sizlere şükranlarımızı sunar,sağlıklı günler dileriz. Tekrar görüşmek dileğiyle Ahmet Derin İşletme Müdürü",Muhteşem bir hizmet anlayışı,5,Haz 2023,"Tekirdağ, Türkiye",Haziran 2023,Çift olarak seyahat etti,,,,,,1 katkı
Green Bay Resort & Spa,"Değerli misafirimiz Seval İ, Tatiliniz için Crystal Green Bay Resort & Spa’yı tercih ettiğiniz için teşekkür ederiz. Crystal markasını tatil programınıza eklemeniz ve bu güzel yorumlarınız bizler için birer motivasyon kaynağıdır. Latif geri bildiriminiz için sizlere şükranlarımızı sunar,sağlıklı günler dileriz. Tekrar görüşmek dileğiyle Ahmet Derin İşletme Müdürü",Keyifli bir tatil,5,Haz 2023,,Haziran 2023,Aileyle seyahat etti,,,,,,1 katkı
Green Bay Resort & Spa,"Değerli misafirimiz Volkan B, Tatiliniz için Crystal Green Bay Resort & Spa’yı tercih ettiğiniz için teşekkür ederiz. Crystal markasını tatil programınıza eklemeniz ve bu güzel yorumlarınız bizler için birer motivasyon kaynağıdır. Latif geri bildiriminiz için sizlere şükranlarımızı sunar,sağlıklı günler dileriz. Tekrar görüşmek dileğiyle Ahmet Derin İşletme Müdürü",En iyi tatilin adresi,5,Haz 2023,,Haziran 2023,Arkadaşlarla seyahat etti,,,,,,1 katkı
Green Bay Resort & Spa,"Değerli misafirimiz Murat D, Tatiliniz için Crystal Green Bay Resort & Spa’yı tercih ettiğiniz için teşekkür ederiz. Crystal markasını tatil programınıza eklemeniz ve bu güzel yorumlarınız bizler için birer motivasyon kaynağıdır. Latif geri bildiriminiz için sizlere şükranlarımızı sunar,sağlıklı günler dileriz. Tekrar görüşmek dileğiyle Ahmet Derin İşletme Müdürü",Güzel bir tatiiilllll,5,Haz 2023,"Adana, Türkiye",Mayıs 2023,Aileyle seyahat etti,,,,,,1 katkı
Green Bay Resort & Spa,"Değerli misafirimiz Ziya B, Tatiliniz için Crystal Green Bay Resort & Spa’yı tercih ettiğiniz için teşekkür ederiz. Crystal markasını tatil programınıza eklemeniz ve bu güzel yorumlarınız bizler için birer motivasyon kaynağıdır. Latif geri bildiriminiz için sizlere şükranlarımızı sunar,sağlıklı günler dileriz. Tekrar görüşmek dileğiyle Ahmet Derin İşletme Müdürü",Güzel bir tatil yerii,5,Haz 2023,,Haziran 2023,Çift olarak seyahat etti,,,,,,1 katkı
Green Bay Resort & Spa,"Değerli misafirimiz Gizem A, Tatiliniz için Crystal Green Bay Resort & Spa’yı tercih ettiğiniz için teşekkür ederiz. Crystal markasını tatil programınıza eklemeniz ve bu güzel yorumlarınız bizler için birer motivasyon kaynağıdır. Latif geri bildiriminiz için sizlere şükranlarımızı sunar,sağlıklı günler dileriz. Tekrar görüşmek dileğiyle Ahmet Derin İşletme Müdürü",Memnuniyet,5,Haz 2023,,Haziran 2023,Aileyle seyahat etti,,,,,,1 katkı
Green Bay Resort & Spa,"Değerli misafirimiz Saffet O, Tatiliniz için Crystal Green Bay Resort & Spa’yı tercih ettiğiniz için teşekkür ederiz. Crystal markasını tatil programınıza eklemeniz ve bu güzel yorumlarınız bizler için birer motivasyon kaynağıdır. Latif geri bildiriminiz için sizlere şükranlarımızı sunar,sağlıklı günler dileriz. Tekrar görüşmek dileğiyle Ahmet Derin İşletme Müdürü",Doğa iç içe güzel bir tatil,4,Haz 2023,,Haziran 2023,Aileyle seyahat etti,,,,,,1 katkı
Green Bay Resort & Spa,"Değerli misafirimiz Derya T, Tatiliniz için Crystal Green Bay Resort & Spa’yı tercih ettiğiniz için teşekkür ederiz. Crystal markasını tatil programınıza eklemeniz ve bu güzel yorumlarınız bizler için birer motivasyon kaynağıdır. Latif geri bildiriminiz için sizlere şükranlarımızı sunar,sağlıklı günler dileriz. Tekrar görüşmek dileğiyle Ahmet Derin İşletme Müdürü",Tek kelimeyle Mükemmel,5,Haz 2023,,Haziran 2023,Aileyle seyahat etti,,,,,,2 katkı
Green Bay Resort & Spa,"Değerli misafirimiz Şahin Y, Tatiliniz için Crystal Green Bay Resort & Spa’yı tercih ettiğiniz için teşekkür ederiz. Crystal markasını tatil programınıza eklemeniz ve bu güzel yorumlarınız bizler için birer motivasyon kaynağıdır. Latif geri bildiriminiz için sizlere şükranlarımızı sunar,sağlıklı günler dileriz. Tekrar görüşmek dileğiyle Ahmet Derin İşletme Müdürü",Ailece geçirdiğimiz tatil,5,Haz 2023,,Haziran 2023,Aileyle seyahat etti,,,,,,1 katkı
Green Bay Resort & Spa,"Değerli misafirimiz Sebat D, Tatiliniz için Crystal Green Bay Resort & Spa’yı tercih ettiğiniz için teşekkür ederiz. Crystal markasını tatil programınıza eklemeniz ve bu güzel yorumlarınız bizler için birer motivasyon kaynağıdır. Latif geri bildiriminiz için sizlere şükranlarımızı sunar,sağlıklı günler dileriz. Tekrar görüşmek dileğiyle Ahmet Derin İşletme Müdürü",Müthiş üç günümüz,5,Haz 2023,,Haziran 2023,Aileyle seyahat etti,,,,,,1 katkı
Green Bay Resort & Spa,"Değerli misafirimiz Aslı A, Tatiliniz için Crystal Green Bay Resort & Spa’yı tercih ettiğiniz için teşekkür ederiz. Crystal markasını tatil programınıza eklemeniz ve bu güzel yorumlarınız bizler için birer motivasyon kaynağıdır. Latif geri bildiriminiz için sizlere şükranlarımızı sunar,sağlıklı günler dileriz. Tekrar görüşmek dileğiyle Ahmet Derin İşletme Müdürü",Mükemmel,5,Haz 2023,,Haziran 2023,Aileyle seyahat etti,,,,,,1 katkı
Green Bay Resort & Spa,"Değerli misafirimiz Evren B, Tatiliniz için Crystal Green Bay Resort & Spa’yı tercih ettiğiniz için teşekkür ederiz. Crystal markasını tatil programınıza eklemeniz ve bu güzel yorumlarınız bizler için birer motivasyon kaynağıdır. Latif geri bildiriminiz için sizlere şükranlarımızı sunar,sağlıklı günler dileriz. Tekrar görüşmek dileğiyle Ahmet Derin İşletme Müdürü",Guzel Hatıralar,5,Haz 2023,,Haziran 2023,Aileyle seyahat etti,,,,,,1 katkı
Green Bay Resort & Spa,"Değerli misafirimiz Enes D, Tatiliniz için Crystal Green Bay Resort & Spa’yı tercih ettiğiniz için teşekkür ederiz. Crystal markasını tatil programınıza eklemeniz ve bu güzel yorumlarınız bizler için birer motivasyon kaynağıdır. Latif geri bildiriminiz için sizlere şükranlarımızı sunar,sağlıklı günler dileriz. Tekrar görüşmek dileğiyle Ahmet Derin İşletme Müdürü",Harika tatil,5,Haz 2023,,Haziran 2023,Aileyle seyahat etti,,,,,,1 katkı
Green Bay Resort & Spa,"Değerli misafirimiz Selma B, Tatiliniz için Crystal Green Bay Resort & Spa’yı tercih ettiğiniz için teşekkür ederiz. Crystal markasını tatil programınıza eklemeniz ve bu güzel yorumlarınız bizler için birer motivasyon kaynağıdır. Latif geri bildiriminiz için sizlere şükranlarımızı sunar,sağlıklı günler dileriz. Tekrar görüşmek dileğiyle Ahmet Derin İşletme Müdürü",Herkese tavsiye edebileceğiniz bir tatil oldu,5,Haz 2023,,Haziran 2023,Aileyle seyahat etti,,,,,,1 katkı
Green Bay Resort & Spa,"Değerli misafirimiz Şafak E, Tatiliniz için Crystal Green Bay Resort & Spa’yı tercih ettiğiniz için teşekkür ederiz. Crystal markasını tatil programınıza eklemeniz ve bu güzel yorumlarınız bizler için birer motivasyon kaynağıdır. Latif geri bildiriminiz için sizlere şükranlarımızı sunar,sağlıklı günler dileriz. Tekrar görüşmek dileğiyle Ahmet Derin İşletme Müdürü",Bayildikkkk,5,Haz 2023,,Haziran 2023,Aileyle seyahat etti,,,,,,1 katkı
Green Bay Resort & Spa,"Değerli misafirimiz Yiğit E, Tatiliniz için Crystal Green Bay Resort & Spa’yı tercih ettiğiniz için teşekkür ederiz. Crystal markasını tatil programınıza eklemeniz ve bu güzel yorumlarınız bizler için birer motivasyon kaynağıdır. Latif geri bildiriminiz için sizlere şükranlarımızı sunar,sağlıklı günler dileriz. Tekrar görüşmek dileğiyle Ahmet Derin İşletme Müdürü",Personelin guleryüzü ve kalite,5,Haz 2023,,Haziran 2023,Aileyle seyahat etti,,,,,,1 katkı
Green Bay Resort & Spa,"Değerli misafirimiz Ferman Aydın B, Tatiliniz için Crystal Green Bay Resort & Spa’yı tercih ettiğiniz için teşekkür ederiz. Crystal markasını tatil programınıza eklemeniz ve bu güzel yorumlarınız bizler için birer motivasyon kaynağıdır. Latif geri bildiriminiz için sizlere şükranlarımızı sunar,sağlıklı günler dileriz. Tekrar görüşmek dileğiyle Ahmet Derin İşletme Müdürü",Çok çok iyi,5,Haz 2023,,Mayıs 2023,Aileyle seyahat etti,,,,,,1 katkı
Green Bay Resort & Spa,"28 mayıs-2haziran da tatil için gittik. Otelde herşey var dışarı çıkmanıza gerek kalmayacaktır. 3 havuz biri aqua park, 3 iskele, uzun bir sahil şeridi ile hoş bir yer. Animatör ismail beyin yönlendirmesi ile birçok etkinliğe katıldık hoş vakit geçirdik. Kendisine teşekkür ederiz. Sabah-öğlen-akşam yemeklerinde açık büfe olarak bir çok çeşit sunulmakta. Beslenmesine dikkat edenler için çeşitlerde oldukca geniş. Yemek saatlerine uyamazsanız problem değil. Çünkü sahil kenarında bulunan snacbar sayesinde sıcak soğuk birçok çeşit yiyeceğe ulaşabilirsiniz, üstelik personeller çok kibar yiyeceğinizden memnun değilseniz hemen yenisini yapıyorlar. Tüm ekip oldukca koordineli ve titiz çalışıyorlar. Herkese çok teşekkür ederiz. Muhtemelen bir sonraki tatilimizde tekrar tercihimiz olacak. Odaları temiz hergün temizlik ve minibar dolumu yapılmakta.","Çook memnun kaldık, tekrar tercih edeceğiz.",4,Haz 2023,,Mayıs 2023,Çift olarak seyahat etti,,,,,,19 katkı
Green Bay Resort & Spa,"Değerli misafirimiz Rıza T, Tatiliniz için Crystal Green Bay Resort & Spa’yı tercih ettiğiniz için teşekkür ederiz. Crystal markasını tatil programınıza eklemeniz ve bu güzel yorumlarınız bizler için birer motivasyon kaynağıdır. Latif geri bildiriminiz için sizlere şükranlarımızı sunar,sağlıklı günler dileriz. Tekrar görüşmek dileğiyle Ahmet Derin İşletme Müdürü",Gayet başarılı,5,Haz 2023,,Mayıs 2023,Çift olarak seyahat etti,,,,,,1 katkı
Green Bay Resort & Spa,Sevgili cyrstal green bay ailesi heesey çok güzeldi otel konum deniz beklediğimizden çok daha iyiydi çalışan arkadaşlar çok guleryuzlu ve sıcakkanlı hatta çalışanlar otelden daha iyi diyebilirim:)) yemekler çok hijyen ve temizdi hiç rahatsız edici deildi çeşitlilik çok fazla ve leziz🌟snack bar ayrı bir havası ve lezzeti vardı pizzasini şiddetle tavsiye ederim muazzamdi👍çok geniş bi plaja sahip yetişkinler için ayrı havuz olması kafa dinlemek için birebir 👌havuz ve barina gelince hasan arkadaşımızın yaptığı özverili kokteyllerin tadına doyamadık kendisi çok kibar ve saygılı muhteşem karışımları var🙏otelin waffle kismi çok güzel dinlenmek için ve fotoğraf çekmek için otelin en güzel köşelerinden. Spadaki arkadaşlar çok ilgili ve masaj konusunda harika kesinlkle tavsiye ederim bali masajı çok rahatlatıcı oldu sema hanım ayrıca tesekkrler ilginiz icin🙏Otelin voleybol ve dart etkinlikleri çok keyifli oluyor Otelde yoga ve meditasyon yapmak için çok geniş çim alanlara sahip ve sabah yogasi deni eşliğinde çok keyifli oluyor..Zaman nasıl geçti anlamadik çok keyifli ve huzurlu bi tatilde hiç bitsin istemedik ve tekrar gelicez..bu kdr sıcakkanlı ve Muhteşem ekip her yerde yok ..akşam canlı müzikleri ve ateş show inanın çok eğlenceli dışarıdan çok daha fazla keyifli vakit geçirebiliyorsunuz..Sevgili cyrstal green bay ailesi çok tesekkrler hersey çok güzeldi 🫶🙏,Tatil,5,Haz 2023,,Mayıs 2023,Çift olarak seyahat etti,,,,,,1 katkı
Green Bay Resort & Spa,"Değerli misafirimiz Özge K, Tatiliniz için Crystal Green Bay Resort & Spa’yı tercih ettiğiniz için teşekkür ederiz. Crystal markasını tatil programınıza eklemeniz ve bu güzel yorumlarınız bizler için birer motivasyon kaynağıdır. Latif geri bildiriminiz için sizlere şükranlarımızı sunar,sağlıklı günler dileriz. Tekrar görüşmek dileğiyle Ahmet Derin İşletme Müdürü",Temiz ve güvenli tatil,5,Haz 2023,,Mayıs 2023,Arkadaşlarla seyahat etti,,,,,,1 katkı
Green Bay Resort & Spa,Tatilin ilk gününden son gününe kadar harika vakit geçirdik muhteşem olanaklar ve altiviteleri mevcut tesis çalışanların ilgisi alakası güler yüzlü karşılamaları herşeyiyle harika bir otel lobyde alican bey ve cemile hanım snack restaurantında sergen bey ve muhammed bey resepsiyondq serhat bey animasyon ekibinden ismail bey ve mert bey iligileri alakaları için ayriyetten teşekkür ederim,Muhteşem green bay,5,Haz 2023,,Mayıs 2023,Çift olarak seyahat etti,,,,,,1 katkı
Green Bay Resort & Spa,"Değerli misafirimiz Tayfun A, Tatiliniz için Crystal Green Bay Resort & Spa’yı tercih ettiğiniz için teşekkür ederiz. Crystal markasını tatil programınıza eklemeniz ve bu güzel yorumlarınız bizler için birer motivasyon kaynağıdır. Latif geri bildiriminiz için sizlere şükranlarımızı sunar,sağlıklı günler dileriz. Tekrar görüşmek dileğiyle Ahmet Derin İşletme Müdürü",Cyrstal,5,Haz 2023,"İstanbul, Türkiye",Mayıs 2023,Çift olarak seyahat etti,,,,,,5 katkı
Green Bay Resort & Spa,"Değerli konuğumuz Mehmet Ç, Tatiliniz için Crystal Green Bay Resort & Spa’yı tercih ettiğiniz için teşekkür ederiz. Crystal markasını tatil programınıza eklemeniz ve bu güzel yorumlarınız bizler için birer motivasyon kaynağıdır. Latif geri bildiriminiz için sizlere şükranlarımızı sunar,sağlıklı günler dileriz. Tekrar görüşmek dileğiyle Ahmet Derin İşletme Müdürü",Güzel otel,5,May 2023,,Mayıs 2023,Çift olarak seyahat etti,,,,,,2 katkı
Green Bay Resort & Spa,"Değerli misafirimiz İrfan Ç, Tatiliniz için Crystal Green Bay Resort & Spa’yı tercih ettiğiniz için teşekkür ederiz. Crystal markasını tatil programınıza eklemeniz ve bu güzel yorumlarınız bizler için birer motivasyon kaynağıdır. Latif geri bildiriminiz için sizlere şükranlarımızı sunar, sağlıklı günler dileriz. Tekrar görüşmek dileğiyle Ahmet Derin İşletme Müdürü",Teşekkürler crystal ailesi,5,May 2023,,Mayıs 2023,Çift olarak seyahat etti,,,,,,2 katkı
Green Bay Resort & Spa,"Değerli misafirimiz Alper K, Tatiliniz için Crystal Green Bay Resort & Spa’yı tercih ettiğiniz için teşekkür ederiz. Crystal markasını tatil programınıza eklemeniz ve bu güzel yorumlarınız bizler için birer motivasyon kaynağıdır. Latif geri bildiriminiz için sizlere şükranlarımızı sunar, sağlıklı günler dileriz. Tekrar görüşmek dileğiyle Ahmet Derin İşletme Müdürü",Harika bir tatil harika bir otel,5,May 2023,,Mayıs 2023,,,,,,,1 katkı
Green Bay Resort & Spa,"Değerli misafirimiz İbrahim K, Tatiliniz için Crystal Green Bay Resort & Spa’yı tercih ettiğiniz için teşekkür ederiz. Crystal markasını tatil programınıza eklemeniz ve bu güzel yorumlarınız bizler için birer motivasyon kaynağıdır. Latif geri bildiriminiz için sizlere şükranlarımızı sunar, sağlıklı günler dileriz. Tekrar görüşmek dileğiyle Ahmet Derin İşletme Müdürü",Saylo dan sevgiler ile,5,May 2023,"İzmir, Türkiye",Mayıs 2023,,,,,,,25 katkı
Green Bay Resort & Spa,Iki aile olarak geldik. Yorumlar ve tavsiye uzerine burayi tercih etmistik ve cok memnun kaldik. Yemekler ve servis cok iyiydi. Izgaradan vazgecemedik:) aksam animasyonlarini cok begendik. Cocuklar sirk gosterisine hayran kaldilar. Animator arkadaslar tatilimizde hep yanimizdaydilar ve keyifli vakit gecirmemize yardimci oldular. Herseyiyle harika bir tatildi. Tekrar gelecegiz,Kasap ailesi,5,May 2023,,Mayıs 2023,,,,,,,1 katkı
Green Bay Resort & Spa,"Değerli misafirimiz Mehmet Emin Ü, Tatiliniz için Crystal Green Bay Resort & Spa’yı tercih ettiğiniz için teşekkür ederiz. Crystal markasını tatil programınıza eklemeniz ve bu güzel yorumlarınız bizler için birer motivasyon kaynağıdır. Latif geri bildiriminiz için sizlere şükranlarımızı sunar, sağlıklı günler dileriz. Tekrar görüşmek dileğiyle Ahmet Derin İşletme Müdürü",Otel süper..,5,May 2023,,Mayıs 2023,Çift olarak seyahat etti,,,,,,1 katkı
Green Bay Resort & Spa,"Değerli misafirimiz Serdal D, Tatiliniz için Crystal Green Bay Resort & Spa’yı tercih ettiğiniz için teşekkür ederiz. Crystal markasını tatil programınıza eklemeniz ve bu güzel yorumlarınız bizler için birer motivasyon kaynağıdır. Latif geri bildiriminiz için sizlere şükranlarımızı sunar, sağlıklı günler dileriz. Tekrar görüşmek dileğiyle Ahmet Derin İşletme Müdürü",Otel mükemmel,5,May 2023,,Mayıs 2023,Çift olarak seyahat etti,,,,,,1 katkı
Green Bay Resort & Spa,"Değerli misafirimiz , Tatiliniz için Crystal Green Bay Resort & Spa’yı tercih ettiğiniz için teşekkür ederiz. Crystal markasını tatil programınıza eklemeniz ve bu güzel yorumlarınız bizler için birer motivasyon kaynağıdır. Latif geri bildiriminiz için sizlere şükranlarımızı sunar, sağlıklı günler dileriz. Tekrar görüşmek dileğiyle Ahmet Derin İşletme Müdürü",Personel kalitesi,5,May 2023,,Mayıs 2023,,,,,,,1 katkı
Green Bay Resort & Spa,"Eşim ve çocuğuma beraber 5 gün boyunca harika bir tatil geçirdik. Personelin güleryüzlü ve ilgili tavrı seneye buraya tekrar gelmem için en büyük neden olucak. Yemek kalitesi harika. Özellikle animasyon ekibinden mini clubte görev alan barış bey ve teslime hanıma, ayrıca restoranda görev yapan erkan bey ve erdem beye özellikle çok teşekkür ederim. Düşünmeden rezervasyon yaptırıp bu otelin keyfini çıkarın.",Harika Bir Deneyimdi,5,May 2023,,Mayıs 2023,Çift olarak seyahat etti,,,,,,2 katkı
Green Bay Resort & Spa,"Değerli misafirimiz , Tatiliniz için Crystal Green Bay Resort & Spa’yı tercih ettiğiniz için teşekkür ederiz. Crystal markasını tatil programınıza eklemeniz ve bu güzel yorumlarınız bizler için birer motivasyon kaynağıdır. Latif geri bildiriminiz için sizlere şükranlarımızı sunar, sağlıklı günler dileriz. Tekrar görüşmek dileğiyle Ahmet Derin İşletme Müdürü",Bb,5,May 2023,,Mayıs 2023,Çift olarak seyahat etti,,,,,,2 katkı
Green Bay Resort & Spa,"Değerli misafirimiz Burcu K, Tatiliniz için Crystal Green Bay Resort & Spa’yı tercih ettiğiniz için teşekkür ederiz. Crystal markasını tatil programınıza eklemeniz ve bu güzel yorumlarınız bizler için birer motivasyon kaynağıdır. Latif geri bildiriminiz için sizlere şükranlarımızı sunar, sağlıklı günler dileriz. Tekrar görüşmek dileğiyle Ahmet Derin İşletme Müdürü",Teşekkürler:),5,May 2023,"İzmir, Türkiye",Mayıs 2023,Çift olarak seyahat etti,,,,,,2 katkı
Green Bay Resort & Spa,"Değerli misafirimiz Sercan S, Tatiliniz için Crystal Green Bay Resort & Spa’yı tercih ettiğiniz için teşekkür ederiz. Crystal markasını tatil programınıza eklemeniz ve bu güzel yorumlarınız bizler için birer motivasyon kaynağıdır. Latif geri bildiriminiz için sizlere şükranlarımızı sunar, sağlıklı günler dileriz. Tekrar görüşmek dileğiyle Ahmet Derin İşletme Müdürü",Temiz eğlenceli güzel,5,May 2023,,Mayıs 2023,Çift olarak seyahat etti,,,,,,3 katkı
Green Bay Resort & Spa,Otele eşim ve 2 yaşındaki kızımla geldik 4 gündüz kaldık herşey güzel geçti odalar hergün temizlendi oda malzemeleri yenilendi otel personeli çok güler yüzlü ve ilgiliydi her konuda yemekler çok güzel mini clupta da kızım için mama ve yemek bulabildik aqua park çocuk parkı çok güzeldi bol bol eğlendik deniz çok güzeldi tertemizdi çoğu yorumlarda kokudan bahsedilmiş biz hiç koku almadık rahatsız edici onuda belirtmek isterim herkese tavsiye ederim,Mavili yeşilli otel,5,May 2023,,Mayıs 2023,,,,,,,1 katkı
Green Bay Resort & Spa,"Otele girdiğiniz an güler yüzü ile karşılayan bir ekip ile tatilinize başlıyorsunuz.Yorumlarda yazılanları abartılı bulup eşime farklı bir otelde tatil ayarladığı için kızmış ve önyargılıydım.Ancak ilk karşılama ile tatile başlıyorsunuz herkes mi güler yüzlü olur aynen öyle ve asla yapmacık dayatma bir güleryüzlülük değil gayet içten. A dan Z ye tüm personel her soruya her olaya yapıcı çözümcü ve profesyonel yaklaşıyor Denizi çabuk derinleşiyor ama koy bir harika deniz esintisi doğanın içinde huzur dolu...Havuz başında sneak sunumu harika dışarıda yemeğe çıkmışsınız gibi ağırlanıyorsunuz. 4.8 barda ki Hüseyin Bey,Bekir Bey,Arda Bey,Ferhat Beye ilgileri için teşekkürler Restauranta yiyecekler çok lezzetli idi.Gerkesiz çok kalabalık görüntü oluştursun mantığı yerine lezzetli her ihtiyaca uygun yenilebilir bol çeşitli sunumlar vardı . Restauranta Pire gibi hızlı her isteğe her masaya koşan ilgilenen size otel de değilde dışarıda özel yemeğe çıkmışsınız gibi hissettiren Erkan Beye Aqua Havuz Barda enfes içecekleri hazırlayan Hasan Beye çok teşekkür ederim. Lezzetli gözlemeler ,sağlıklı ve değişik lezzetleri barındıran frozen bar nefestir. En büyük teşekkürrüm Aqua Havuz temizlik görevlisi Rasim Beye .....oğluma ıslak havlu değişimi yapmasını söylediğimde duyan kendisi gelip değiştirmeyei teklif eden bana gerçekten de tatil de olduğumu hissettiren Rasim Beye ....Başka otellerde personel misafir rica da bulunacak diye Köşe bucak kaçarken Rasim beyin bu hizmeti paha biçilemez... Animasyon ekibi sürekli aktif eğlenceli aktivitiler ile sizi harekete geçiriyorlar samimi ancak laubali değiller İsmail bey ve adını hatırlayamadığım diğer arkadaşlar emeğinize sağlık Sürekli müşteri memnuniyetini ön planda tutuyorlar bunu da sizinle iletişime geçerek oradayken takip ediyorlar kat görevlisi Hamdullah Bey ve Emel hanım müsteri ilişkileri Işıl hanım ve Mehtap Hanım ilgileri ile sorunlara hızlı ve güleryüzlü yaklaşıyorlar. Otel de her işleyiş ekip işi ekibi bu kadar güzel organize eden iyi bir ekip lideridir .Memnuniyetimizin ön plan da olduğu bir tatil geçirmemizi sağladığınız teşekkür ederim",Tatil gibi tatil,5,May 2023,,Mayıs 2023,,,,,,,2 katkı
Green Bay Resort & Spa,"Değerli misafirimiz Ayşenur K, Tatiliniz için Crystal Green Bay Resort & Spa’yı tercih ettiğiniz için teşekkür ederiz. Crystal markasını tatil programınıza eklemeniz ve bu güzel yorumlarınız bizler için birer motivasyon kaynağıdır. Latif geri bildiriminiz için sizlere şükranlarımızı sunar, sağlıklı günler dileriz. Tekrar görüşmek dileğiyle Ahmet Derin İşletme Müdürü",Hoş ve basarili bir tatil,5,May 2023,,Mayıs 2023,Arkadaşlarla seyahat etti,,,,,,1 katkı
Green Bay Resort & Spa,"Otele 19 Mayıs tatilinde gittik, başta şüphelerimiz vardı ama inanılmaz memnun kaldık, her saat başı aktivite olması çocuk dostu bir otel olması bizim ilgimizi daha çok çekti, Özellikle animasyon ekibi arkadaşları çok ilgili ve eğlenceliler. Tüm çalışanlar çok saygılı işini hızlı yapan kişilerden oluşuyor, Yemekleri hepsi mükemmeldi. Animasyon ekibinden Teslime hanıma ayrıca teşekkür ediyorum. Herkese şiddetle tavsiye ederim.",Herşeyiyle mükemmel bir otel,5,May 2023,,Mayıs 2023,Çift olarak seyahat etti,,,,,,1 katkı
Green Bay Resort & Spa,"Değerli misafirimiz Ozgurkavlakli, Tatiliniz için Crystal Green Bay Resort & Spa’yı tercih ettiğiniz için teşekkür ederiz. Crystal markasını tatil programınıza eklemeniz ve bu güzel yorumlarınız bizler için birer motivasyon kaynağıdır. Latif geri bildiriminiz için sizlere şükranlarımızı sunar, sağlıklı günler dileriz. Tekrar görüşmek dileğiyle Ahmet Derin İşletme Müdürü",Mukemmel bodrum tatili,5,May 2023,"İstanbul, Türkiye",Mayıs 2023,,,,,,,12 katkı
Green Bay Resort & Spa,"Otel konum olarak müthiş bir koya sahip bu yüzden en ufak bir dalga bile olmuyor heran her saat yüzme keyfini yaşayabiliyorsunuz. Tüm havuzlarda ve denizlerde cankurtaran arkadaşlar duruyor. Yemekler kaliteli ve lezzetli günün her saati her istediğiniz yiyeceğe ulaşabiliyorsunuz. Oda temizliğine oldukça dikkat ediliyor, temizlenmesini isteğimiz hergün mutlaka temizlenip, çarşaflar değiştirildi tek sorun kat görevlisi arkadaşların sabah 7-8 gibi koridorda ses yapmaya baslıyor, odamızda kat görevlisi malzemelerinin konulduğu odanın yan tarafında olması sebebiyle cok ses aldı. Aktivite ve eğlence seviyorsanız animasyon ekibi bir harika. Güçlü iletişim yetenekleri olan yüksek kaliteli bir ekipten oluşuyor, aktiviteler dolu dolu ve keyifle geçiyor, aktivitelerde sizlerle birlikte eğleniyorlar, sabahtan geceye kadar keyfinizi sizden çok onlar düşünüyor, bu yüzden animasyon ekibine ayrıca teşekkürlerimi sunuyorum. Crystal ailesi ile üçüncü deneyimimizdi, en memnun kaldığımız ise burasıydı, gerçek bir aile oteli. Teşekkür ederiz.",Crystal ailesine teşekkür..,5,May 2023,"Nijmegen, Hollanda",Mayıs 2023,Çift olarak seyahat etti,,,,,,4 katkı
Green Bay Resort & Spa,"Değerli misafirimiz Hakan E, Tatiliniz için Crystal Green Bay Resort & Spa’yı tercih ettiğiniz için teşekkür ederiz. Crystal markasını tatil programınıza eklemeniz ve bu güzel yorumlarınız bizler için birer motivasyon kaynağıdır. Latif geri bildiriminiz için sizlere şükranlarımızı sunar, sağlıklı günler dileriz. Tekrar görüşmek dileğiyle Ahmet Derin İşletme Müdürü",İdeal bir tatil,5,May 2023,,Mayıs 2023,,,,,,,1 katkı
Green Bay Resort & Spa,Şimdiye kadar gittigim oteller içinde en iyisi diyebilirim personel çok güler yüzlü ve herkesle ilgileniyor oda temizliyi mukemmel otelin konumu çok iyi kendine ait bir koy var yemek hiç bitmiyor 24 saat yemek var yemegi kaçırcam diye bir derdiniz yok yemekler gerçekten çok lezzetli alkolleri bilindik markalar ve iyi mini club akşam 11 re kadar açık çocuklu aileler için çok iyi burdan bütün otel personeline teşekkür ederim çok keyifli 2 gün geçirdik,Çocuklu aileler için muhteşem,5,May 2023,"İzmir, Türkiye",Mayıs 2023,,,,,,,1 katkı
Green Bay Resort & Spa,"Değerli misafirimiz Muhammed Ç, Tatiliniz için Crystal Green Bay Resort & Spa’yı tercih ettiğiniz için teşekkür ederiz. Crystal markasını tatil programınıza eklemeniz ve bu güzel yorumlarınız bizler için birer motivasyon kaynağıdır. Latif geri bildiriminiz için sizlere şükranlarımızı sunar, sağlıklı günler dileriz. Tekrar görüşmek dileğiyle Ahmet Derin İşletme Müdürü",Keyifli bir tatil,5,May 2023,,Mayıs 2023,Arkadaşlarla seyahat etti,,,,,,1 katkı
Green Bay Resort & Spa,"Değerli misafirimiz 724aykutd, Tatiliniz için Crystal Green Bay Resort & Spa’yı tercih ettiğiniz için teşekkür ederiz. Crystal markasını tatil programınıza eklemeniz ve bu güzel yorumlarınız bizler için birer motivasyon kaynağıdır. Latif geri bildiriminiz için sizlere şükranlarımızı sunar, sağlıklı günler dileriz. Tekrar görüşmek dileğiyle Ahmet Derin İşletme Müdürü",Tavsiye,5,May 2023,,Mayıs 2023,Çift olarak seyahat etti,,,,,,3 katkı
Green Bay Resort & Spa,"Değerli misafirimiz Orhan D, Tatiliniz için Crystal Green Bay Resort & Spa’yı tercih ettiğiniz için teşekkür ederiz. Crystal markasını tatil programınıza eklemeniz ve bu güzel yorumlarınız bizler için birer motivasyon kaynağıdır. Latif geri bildiriminiz için sizlere şükranlarımızı sunar, sağlıklı günler dileriz. Tekrar görüşmek dileğiyle Ahmet Derin İşletme Müdürü",Crisytal bodrum otel,5,May 2023,,Mayıs 2023,Çift olarak seyahat etti,,,,,,1 katkı
Green Bay Resort & Spa,"Değerli misafirimiz ahmetu834, Tatiliniz için Crystal Green Bay Resort & Spa’yı tercih ettiğiniz için teşekkür ederiz. Crystal markasını tatil programınıza eklemeniz ve bu güzel yorumlarınız bizler için birer motivasyon kaynağıdır. Latif geri bildiriminiz için sizlere şükranlarımızı sunar, sağlıklı günler dileriz. Tekrar görüşmek dileğiyle Ahmet Derin İşletme Müdürü",Güzel Haftasonu,5,May 2023,,Mayıs 2023,,,,,,,1 katkı
Green Bay Resort & Spa,"Yeri harika çok güzel bir koya sahip çalışanlar mükemmel, hepsi çok güler yüzlü, sempatik ilgili, odalar tertemiz servis mükemmel içkiler harika yemekler çok lezzetli mini clup harika çalışanlar çok ilgili çocuklar çok eğleniyor denizi çok güzel tertemiz berrak balıklarla yüzmek çok eğlenceli kesinlikle tavsiye ediyorum bundan sonra geleceğimiz otel kesinlikle burası",BAYILDIK HARİKA,5,May 2023,,Mayıs 2023,Çift olarak seyahat etti,,,,,,1 katkı
Green Bay Resort & Spa,"Sürekli Antalya otelleri tercih ederdik şans eseri crystal green bay otele gelmek nasip oldu ..oteli çok beğendik işini Cok iyi bilen yönetim ve çalışanlardan oluşmuş müşteri memnuniyeti ön planda .yemekler sinek barlar,tatlılar lezzetli ve güzel her türlü et yemegi mevcut..akşam yemeginde iç pilav vardı kızım beyaz pilav istedi gidip yaptılar .bu konuda çok teşekkürler..odalar lavobalar çok temiz animosyon ekibi ilgili,en küçük sorununuz çözmek için canla başla ilgileniyorlar bu konuda Yasmin hanım çok ilgiliydi.denizi güzel plajı büyük..cok güzel bir tatil geçirdik..tüm ekibe teşekkürler",Çok güzel bir tatildi,5,May 2023,,Mayıs 2023,,,,,,,11 katkı
Green Bay Resort & Spa,"Değerli misafirimiz Nezahat, Tatiliniz için Crystal Green Bay Resort & Spa’yı tercih ettiğiniz için teşekkür ederiz. Crystal markasını tatil programınıza eklemeniz ve bu güzel yorumlarınız bizler için birer motivasyon kaynağıdır. Latif geri bildiriminiz için sizlere şükranlarımızı sunar, sağlıklı günler dileriz. Tekrar görüşmek dileğiyle Ahmet Derin İşletme Müdürü",Keyifli tatil,5,May 2023,,Mayıs 2023,,,,,,,1 katkı
Green Bay Resort & Spa,"Değerli misafirimiz , Tatiliniz için Crystal Green Bay Resort & Spa’yı tercih ettiğiniz için teşekkür ederiz. Crystal markasını tatil programınıza eklemeniz ve bu güzel yorumlarınız bizler için birer motivasyon kaynağıdır. Latif geri bildiriminiz için sizlere şükranlarımızı sunar, sağlıklı günler dileriz. Tekrar görüşmek dileğiyle Ahmet Derin İşletme Müdürü",Keyif dolu tatill,5,May 2023,,Mayıs 2023,,,,,,,1 katkı
Green Bay Resort & Spa,"Değerli misafirimiz Kadir A, Tatiliniz için Crystal Green Bay Resort & Spa’yı tercih ettiğiniz için teşekkür ederiz. Crystal markasını tatil programınıza eklemeniz ve bu güzel yorumlarınız bizler için birer motivasyon kaynağıdır. Latif geri bildiriminiz için sizlere şükranlarımızı sunar, sağlıklı günler dileriz. Tekrar görüşmek dileğiyle Ahmet Derin İşletme Müdürü",Tek kelime ile süper,5,May 2023,,Mayıs 2023,Arkadaşlarla seyahat etti,,,,,,1 katkı
Green Bay Resort & Spa,"Değerli misafirimiz , Tatiliniz için Crystal Green Bay Resort & Spa’yı tercih ettiğiniz için teşekkür ederiz. Crystal markasını tatil programınıza eklemeniz ve bu güzel yorumlarınız bizler için birer motivasyon kaynağıdır. Latif geri bildiriminiz için sizlere şükranlarımızı sunar, sağlıklı günler dileriz. Tekrar görüşmek dileğiyle Ahmet Derin İşletme Müdürü",Dolu Dolu Tatill,5,May 2023,"Aydın, Türkiye",Mayıs 2023,,,,,,,1 katkı
Green Bay Resort & Spa,iki arkadas 19 mayis tatili icin hafta sonuna tatile geldik. herseyden cok memnun kaldik diyebilirim. denizi biraz tasliydi ama sahili harika. yemekler hizmet super. animasyon ekibi surekli bizimle ilgilendiler turnuvalara katildik. aksam show ve canli muzikleri gayet basariliydi. tatil beklentimizin ustunde gecti. es ve cocuklarimizla tekrar gelmeyi düşünüyoruz. teşekkürler.,19 mayis tatili,5,May 2023,,Mayıs 2023,Arkadaşlarla seyahat etti,,,,,,1 katkı
Green Bay Resort & Spa,"Değerli misafirimiz Gizem H, Tatiliniz için Crystal Green Bay Resort & Spa’yı tercih ettiğiniz için teşekkür ederiz. Crystal markasını tatil programınıza eklemeniz ve bu güzel yorumlarınız bizler için birer motivasyon kaynağıdır. Latif geri bildiriminiz için sizlere şükranlarımızı sunar, sağlıklı günler dileriz. Tekrar görüşmek dileğiyle Ahmet Derin İşletme Müdürü",Mükemmel Konum Mükemmel Tatil,5,May 2023,,Mayıs 2023,Çift olarak seyahat etti,,,,,,1 katkı
Green Bay Resort & Spa,"Değerli misafirimiz Ömür A, Tatiliniz için Crystal Green Bay Resort & Spa’yı tercih ettiğiniz için teşekkür ederiz. Crystal markasını tatil programınıza eklemeniz ve bu güzel yorumlarınız bizler için birer motivasyon kaynağıdır. Latif geri bildiriminiz için sizlere şükranlarımızı sunar, sağlıklı günler dileriz. Tekrar görüşmek dileğiyle Ahmet Derin İşletme Müdürü",Temiz otel,5,May 2023,,Mayıs 2023,,,,,,,1 katkı
Green Bay Resort & Spa,"Değerli misafirimiz , Tatiliniz için Crystal Green Bay Resort & Spa’yı tercih ettiğiniz için teşekkür ederiz. Crystal markasını tatil programınıza eklemeniz ve bu güzel yorumlarınız bizler için birer motivasyon kaynağıdır. Yatak / yastık ile ilgili notlarımızı aldık ve gerekli iyileştirmeler yapılacaktır. Latif geri bildiriminiz için sizlere şükranlarımızı sunar, sağlıklı günler dileriz. Tekrar görüşmek dileğiyle Ahmet Derin İşletme Müdürü",Çocuklu aile için çok iyi,3,May 2023,,Mayıs 2023,,,,,,,1 katkı
Green Bay Resort & Spa,Geçen sene de gelmiş olduğum bir otel. Deniz dibi temizlenmiş. Bulanıklık kalmamış. Hizmet kalitesi mükemmel. Restoran çalışanları harikalar yaratıyor. Alakart sinek çok çeşitli ve damak tadımız a uygun . Tüm çalışanlar hizmet odaklı ve çalışkan. Oteli müdür Ahmet bey hersene bir üst kademe ye yükseltiyor. İtalyan alakart ve eat Burger i siddele tavsiye ederim. Her sene 2 sefer geldiğim ve gelmeye devam edeceğim bir otel. Başta müdür Ahmet bey Cem bey ve tüm çalışanlara sonsuz teşekkürler.,Harika bir dinlence,5,May 2023,"Kütahya İli, Türkiye",Mayıs 2023,Çift olarak seyahat etti,,,,,,129 katkı
Green Bay Resort & Spa,"Değerli misafirimiz Veli D, , Tatiliniz için Crystal Green Bay Resort & Spa’yı tercih ettiğiniz için teşekkür ederiz. Crystal markasını tatil programınıza eklemeniz ve bu güzel yorumlarınız bizler için birer motivasyon kaynağıdır. Latif geri bildiriminiz için sizlere şükranlarımızı sunar, sağlıklı günler dileriz. Tekrar görüşmek dileğiyle Ahmet Derin İşletme Müdürü",Muhteşem,4,May 2023,,Mayıs 2023,,,,,,,1 katkı
Green Bay Resort & Spa,"Değerli misafirimiz , Tatiliniz için Crystal Green Bay Resort & Spa’yı tercih ettiğiniz için teşekkür ederiz. Crystal markasını tatil programınıza eklemeniz ve bu güzel yorumlarınız bizler için birer motivasyon kaynağıdır. Latif geri bildiriminiz için sizlere şükranlarımızı sunar, sağlıklı günler dileriz. Tekrar görüşmek dileğiyle Ahmet Derin İşletme Müdürü",Aile Oteli,5,May 2023,,Mayıs 2023,Çift olarak seyahat etti,,,,,,2 katkı
Green Bay Resort & Spa,"Değerli misafirimiz, Tatiliniz için Crystal Green Bay Resort & Spa’yı tercih ettiğiniz için teşekkür ederiz. Crystal markasını tatil programınıza eklemeniz ve bu güzel yorumlarınız bizler için birer motivasyon kaynağıdır. Latif geri bildiriminiz için sizlere şükranlarımızı sunar, sağlıklı günler dileriz. Tekrar görüşmek dileğiyle Ahmet Derin İşletme Müdürü",Doğa içinde muhteşem bir tatil,5,May 2023,,Mayıs 2023,,,,,,,1 katkı
Green Bay Resort & Spa,"Otelin lokasyonu harika..3 tarafı ormanla çevrili ve denize sıfır.tam kafa dinlemelik bir yer.kalabalıktan sıkıldıysanız ve çok stresliyseniz hiç beklemeyin hemen yerinizi ayırın.gündüzü ayrı güzel gecesi ayrı güzel.animasyon ekibine bayıldım.o kadar otele gittim böyle ekip görmedim.Güler yüzleri ve alakaları çok iyi.canlı müzikleri,çocuk animasyonları ve 80’ler gecesine denk geldim.çok eğlenceliydi.iskelesi ve özel kumdan oluşan sahili harika.bir Antepli olarak yemeklerine ve içeceklerine bayıldım.çocuklar için ayrı eğlence yeri var;çocukları gönül rahatlığıyla bırakıp denize,havuza girebilirsiniz.temizliği 10 numara,diyecek söz yok.resepsiyondan temizlik çalışanlarına kadar herkesin eline koluna sağlık.hepsine teşekkür ediyorum..",Muhteşem Bir Tatil,5,May 2023,,Mayıs 2023,,,,,,,1 katkı
Green Bay Resort & Spa,"Değerli misafirimiz Mehmet F, Tatiliniz için Crystal Green Bay Resort & Spa’yı tercih ettiğiniz için teşekkür ederiz. Crystal markasını tatil programınıza eklemeniz ve bu güzel yorumlarınız bizler için birer motivasyon kaynağıdır. Latif geri bildiriminiz için sizlere şükranlarımızı sunar, sağlıklı günler dileriz. Tekrar görüşmek dileğiyle Ahmet Derin İşletme Müdürü",Her şey mükemmel,5,May 2023,,Mayıs 2023,,,,,,,1 katkı
Green Bay Resort & Spa,"Balayı çifti olarak geldik her yeni güne yeni bir süpriz konseptlerde uyandık. Yemekleri harika,özellikle Mehmet garson bize kendimizi hep özel hissettirdi ilgisi hep üzerimizdeydi, ala carte restorantta da şef Mustafa bey tarafından güzel ağırlandık,animasyonda Alex bey bize kendimizi hiç yalnız hissettirmedi ve en önemlisi Misafir ilişkileri müdürü Sevcan hanım iyki bu oteli seçmişiz dedirtti. Yemekler,temizlik,havuz,içecekler,bulunduğu koy mevkii, ilgi alaka güler yüz herşey buraya yazılan 5 puanın kat ve kat üzerindeydi. İyki varsınız crystal green bay ailesi sayenizde hiç unutmayacağımız bir tatil yaşadık 🥰",Mükemmelin ötesinde..,5,May 2023,,Mayıs 2023,Çift olarak seyahat etti,,,,,,1 katkı
Green Bay Resort & Spa,"Değerli misafirimiz Emre Ö, , Tatiliniz için Crystal Green Bay Resort & Spa’yı tercih ettiğiniz için teşekkür ederiz. Crystal markasını tatil programınıza eklemeniz ve bu güzel yorumlarınız bizler için birer motivasyon kaynağıdır. Latif geri bildiriminiz için sizlere şükranlarımızı sunar, sağlıklı günler dileriz. Tekrar görüşmek dileğiyle Ahmet Derin İşletme Müdürü",Müşteri memnuniyeti çok iyi,5,May 2023,,Mayıs 2023,Çift olarak seyahat etti,,,,,,1 katkı
Green Bay Resort & Spa,"Değerli misafirimiz Emre M, Tatiliniz için Crystal Green Bay Resort & Spa’yı tercih ettiğiniz için teşekkür ederiz. Crystal markasını tatil programınıza eklemeniz ve bu güzel yorumlarınız bizler için birer motivasyon kaynağıdır. Latif geri bildiriminiz için sizlere şükranlarımızı sunar, sağlıklı günler dileriz. Tekrar görüşmek dileğiyle Ahmet Derin İşletme Müdürü",Crystal,5,May 2023,,Mayıs 2023,Çift olarak seyahat etti,,,,,,2 katkı
Green Bay Resort & Spa,"Odalar güzel ve temizdi. Restoran, bar ve özellikle animasyonda görevli personeller çok güleryüzlü ve ilgiliydi. Akşam animasyonları ve canlı müzikte gayet güzeldi. Yemek konusunda özellikle snack bar çok başarılıydı. İtalyan alacart restoranı da çok beğendik. Denizi çabuk derinleşiyor ve soğuk olduğundan çok fazla giremedik. Doğanın, yeşilliklerin içinde olması özel bir koyda bulunması çok güzeldi. Tüm çalışanlara ilgilerinden dolayı çok teşekkür ediyorum. Çoğu Crystal oteline gitmiş biri olarak, Crystal kalitesi tüm otellerinde kendini belli ediyor.",Huzurlu ve keyifli bir kaçamak,5,May 2023,"Eskişehir, Türkiye",Mayıs 2023,Çift olarak seyahat etti,,,,,,1 katkı
Green Bay Resort & Spa,"Değerli misafirimiz, Tatiliniz için Crystal Green Bay Resort & Spa’yı tercih ettiğiniz için teşekkür ederiz. Crystal markasını tatil programınıza eklemeniz ve bu güzel yorumlarınız bizler için birer motivasyon kaynağıdır. Latif geri bildiriminiz için sizlere şükranlarımızı sunar, sağlıklı günler dileriz. Tekrar görüşmek dileğiyle Ahmet Derin İşletme Müdürü",Harika bir deneyim,5,May 2023,,Mayıs 2023,,,,,,,3 katkı
Green Bay Resort & Spa,Geldiğimiz dönemle ilgili olarak baya sakindi inanılmaz dinlendirici bir yer. Yemekler ve tatlılar çok lezzetli. Heryerde mutlaka birileri var sizinle ilgilenecek. Animasyon ekibi heran heryerden çıkıp yanınıza geliyor bi isteğimiz var mı diye ve sürekli bi etkinlik peşindeler fakat ısrarcı olup sizi zorda bırakmıyorlar. Deniz kademeli değil direk olarak derinleşiyor. Tekrar buraya geleceğimize eminiz '),Dinlendirici ve eğlenceli,4,May 2023,,Mayıs 2023,Arkadaşlarla seyahat etti,,,,,,1 katkı
Green Bay Resort & Spa,"Otele girdiğinizde sizi güzel bir manzara karşılıyor. Deniz ve ormanın içinde sakin bir yer. Çocuklar için tercih edilebilir, mini kulüp ve çocuklar için aquapark mevcut. Yemekler gayet çeşitli ve lezzettli. Canlı müziklerde, mini diskoda çok iyi vakit geçirdik. 80ler partisi çok hoştu. Animasyon ekibi çok güler yüzlü ve ilgiliydi. Tüm otel ekibine ilgisinden dolayı teşekkür ederiz. Rahatlıkla tercih edebilirsiniz.",Doğa tatili,5,May 2023,,Mayıs 2023,,,,,,,1 katkı
Green Bay Resort & Spa,"Değerli misafirimiz Hamdi C, Tatiliniz için Crystal Green Bay Resort & Spa’yı tercih ettiğiniz için teşekkür ederiz. Crystal markasını tatil programınıza eklemeniz ve bu güzel yorumlarınız bizler için birer motivasyon kaynağıdır. Latif geri bildiriminiz için sizlere şükranlarımızı sunar, sağlıklı günler dileriz. Tekrar görüşmek dileğiyle Ahmet Derin İşletme Müdürü",Harika kokteyler,5,May 2023,,Mayıs 2023,Çift olarak seyahat etti,,,,,,1 katkı
Green Bay Resort & Spa,"Değerli misafirimiz Emre E, Tatiliniz için Crystal Green Bay Resort & Spa’yı tercih ettiğiniz için teşekkür ederiz. Crystal markasını tatil programınıza eklemeniz ve bu güzel yorumlarınız bizler için birer motivasyon kaynağıdır. Latif geri bildiriminiz için sizlere şükranlarımızı sunar, sağlıklı günler dileriz. Tekrar görüşmek dileğiyle Ahmet Derin İşletme Müdürü",Sakin güzel tatil,5,May 2023,,Mayıs 2023,Çift olarak seyahat etti,,,,,,5 katkı
Green Bay Resort & Spa,"Otel gayet güzel ve temizdi. Odalar oldukça temiz,otel kafa dinlemek için oldukça sakindi. Personel oldukça ilgili ve sorunlara yönelik çözümleri oldukça hızlıydı. Yemeklerle ilgili soru işaretlerimiz ilk öğünümüzden sonra giderildi,leziz ve temizdi. Animasyon ekibi oldukça ilgili ve güler yüzlüydü,tatil boyunca iyi hissetmemiz için ellerinden geleni yaptılar. Gönül rahatlığıyla gelip tatilinizi yapabilirsiniz",Kafa dinlemek ve kaliteli vakit geçirmek için birebir,5,May 2023,,Mayıs 2023,Çift olarak seyahat etti,,,,,,1 katkı
Green Bay Resort & Spa,"Değerli misafirimiz Sinem U, Tatiliniz için Crystal Green Bay Resort & Spa’yı tercih ettiğiniz için teşekkür ederiz. Crystal markasını tatil programınıza eklemeniz ve bu güzel yorumlarınız bizler için birer motivasyon kaynağıdır. Latif geri bildiriminiz için sizlere şükranlarımızı sunar, sağlıklı günler dileriz. Tekrar görüşmek dileğiyle Ahmet Derin İşletme Müdürü",Otel çok güzeldi,5,May 2023,,Mayıs 2023,Çift olarak seyahat etti,,,,,,1 katkı
Green Bay Resort & Spa,"Değerli misafirimiz Tuğçe T, Tatiliniz için Crystal Green Bay Resort & Spa’yı tercih ettiğiniz için teşekkür ederiz. Crystal markasını tatil programınıza eklemeniz ve bu güzel yorumlarınız bizler için birer motivasyon kaynağıdır. Latif geri bildiriminiz için sizlere şükranlarımızı sunar, sağlıklı günler dileriz. Tekrar görüşmek dileğiyle Ahmet Derin İşletme Müdürü",Balayı ve çiftler için güzel bir otel,5,May 2023,,Mayıs 2023,Çift olarak seyahat etti,,,,,,1 katkı
Green Bay Resort & Spa,"Değerli misafirimiz Evren B, Tatiliniz için Crystal Green Bay Resort & Spa’yı tercih ettiğiniz için teşekkür ederiz. Crystal markasını tatil programınıza eklemeniz ve bu güzel yorumlarınız bizler için birer motivasyon kaynağıdır. Latif geri bildiriminiz için sizlere şükranlarımızı sunar, sağlıklı günler dileriz. Tekrar görüşmek dileğiyle Ahmet Derin İşletme Müdürü",doğa ile basbasa,5,May 2023,,Mayıs 2023,Çift olarak seyahat etti,,,,,,1 katkı
Green Bay Resort & Spa,"Değerli misafirimiz Uğur E, Tatiliniz için Crystal Green Bay Resort & Spa’yı tercih ettiğiniz için teşekkür ederiz. Crystal markasını tatil programınıza eklemeniz ve bu güzel yorumlarınız bizler için birer motivasyon kaynağıdır. Latif geri bildiriminiz için sizlere şükranlarımızı sunar, sağlıklı günler dileriz. Tekrar görüşmek dileğiyle Ahmet Derin İşletme Müdürü",Tatil keyfi,5,May 2023,,Mayıs 2023,Çift olarak seyahat etti,,,,,,1 katkı
Green Bay Resort & Spa,"Değerli misafirimiz Rümeysa D, Tatiliniz için Crystal Green Bay Resort & Spa’yı tercih ettiğiniz için teşekkür ederiz. Crystal markasını tatil programınıza eklemeniz ve bu güzel yorumlarınız bizler için birer motivasyon kaynağıdır. Latif geri bildiriminiz için sizlere şükranlarımızı sunar, sağlıklı günler dileriz. Tekrar görüşmek dileğiyle Ahmet Derin İşletme Müdürü",Çiftler için ideal,5,May 2023,,Mayıs 2023,Çift olarak seyahat etti,,,,,,1 katkı
Green Bay Resort & Spa,"Değerli misafirimiz Said K, Tatiliniz için Crystal Green Bay Resort & Spa’yı tercih ettiğiniz için teşekkür ederiz. Crystal markasını tatil programınıza eklemeniz ve bu güzel yorumlarınız bizler için birer motivasyon kaynağıdır. Latif geri bildiriminiz için sizlere şükranlarımızı sunar, sağlıklı günler dileriz. Tekrar görüşmek dileğiyle Ahmet Derin İşletme Müdürü",Harika 2 gün,5,May 2023,,Mayıs 2023,Çift olarak seyahat etti,,,,,,1 katkı
Green Bay Resort & Spa,1 hafta geldim çok hijenlik bı otel çalışanlar güler yüzlü samimi ve işlerinde çok başarılı çalışanlar öncelikle yönetime ve yöneticilere teşekürler otelin hijyeni yemekleri yemek çesitliligi denizi doğası havuzu plajı restorantı animasyon ekibi zaten demeye gerek yok harikaydı gelecek olan herkese tavsiye edeceğim bir otel başarılarınız devamını dilerim turizim için çok kıymetli ve önemli bı iş yapiyosunuz crystal green ailesine teşekkürler,Tatil gibi tatil,5,May 2023,,Mayıs 2023,Arkadaşlarla seyahat etti,,,,,,1 katkı
Green Bay Resort & Spa,"Değerli misafirimiz Murat Zeki K, Tatiliniz için Crystal Green Bay Resort & Spa’yı tercih ettiğiniz için teşekkür ederiz. Crystal markasını tatil programınıza eklemeniz ve bu güzel yorumlarınız bizler için birer motivasyon kaynağıdır. Latif geri bildiriminiz için sizlere şükranlarımızı sunar, sağlıklı günler dileriz. Tekrar görüşmek dileğiyle Ahmet Derin İşletme Müdürü",Tavsiye edilir,5,May 2023,,Mayıs 2023,Çift olarak seyahat etti,,,,,,1 katkı
Green Bay Resort & Spa,"Değerli misafirimiz Roam61532651759, Tatiliniz için Crystal Green Bay Resort & Spa’yı tercih ettiğiniz için teşekkür ederiz. Crystal markasını tatil programınıza eklemeniz ve bu güzel yorumlarınız bizler için birer motivasyon kaynağıdır. Latif geri bildiriminiz için sizlere şükranlarımızı sunar, sağlıklı günler dileriz. Tekrar görüşmek dileğiyle Ahmet Derin İşletme Müdürü",Yemekleri harika deneyiniz,5,May 2023,,Mayıs 2023,Arkadaşlarla seyahat etti,,,,,,1 katkı
Green Bay Resort & Spa,"Değerli misafirimiz Salih D, Tatiliniz için Crystal Green Bay Resort & Spa’yı tercih ettiğiniz için teşekkür ederiz. Crystal markasını tatil programınıza eklemeniz ve bu güzel yorumlarınız bizler için birer motivasyon kaynağıdır. Latif geri bildiriminiz için sizlere şükranlarımızı sunar, sağlıklı günler dileriz. Tekrar görüşmek dileğiyle Ahmet Derin İşletme Müdürü",Snack bar çok iyi,5,May 2023,,Mayıs 2023,Çift olarak seyahat etti,,,,,,1 katkı
Green Bay Resort & Spa,"Çok sevdiğim ve düşüncelerine önem verdiğim arkadaşımın tavsiyesi ve yönlendirmesi üzerine geldim ve iyi ki geldim gerek eğlence olarak gerek tatil olarak mükemmel bir bir hafta geçirdik bu süreçte bize güleryüzlülüğünü eksik etmeyen personellere yönetime ayrı ayrı teşekkür ederim Crystal Green artık tatilimizin vazgeçilmez adresi olacaktır gerek temizliği, gerek yemeklerin lezzeti ve çeşitliliği, gerek aktiviteler olarak denizinin temizlişi doğanın güzelliği odaların konforu hatta mükemmel alan yönetimi olarak çok keyifli bir tatil geçirdik herkese tavsiye ederim pişman olmayacaksınız :)",Gözünüz kapalı gelin,5,May 2023,,Mayıs 2023,Arkadaşlarla seyahat etti,,,,,,2 katkı
Green Bay Resort & Spa,"Değerli misafirimiz Erol V, Tatiliniz için Crystal Green Bay Resort & Spa’yı tercih ettiğiniz için teşekkür ederiz. Crystal markasını tatil programınıza eklemeniz ve bu güzel yorumlarınız bizler için birer motivasyon kaynağıdır. Latif geri bildiriminiz için sizlere şükranlarımızı sunar, sağlıklı günler dileriz. Tekrar görüşmek dileğiyle Ahmet Derin İşletme Müdürü",Yemekleri çok iyi,5,May 2023,"Antakya, Türkiye",Mayıs 2023,,,,,,,1 katkı
Green Bay Resort & Spa,Geldim gördüm çok hoşuma gitti. Acikcasi doğayla iç içe geçirebileceğiniz muazzam bir manzaraya sahip bir otel onun dışında restoranttaki çalışan ekip harika ayrıca animasyom ekibi oldukça iyi denizi çok hoşuma gitti ve bence ailecek geçirebileceğiniz harika bir otel en çokta doğa ile iç içe olmasından dünya beğendim çalışanların tamamı güleryüzlü sempatik ve yardımsever çözüm çalışanları herkese tavsiye ediyorum keyifli tatilleeeeeeeeer :),Aile tatili için çok uygun,5,May 2023,,Mayıs 2023,,,,,,,1 katkı
Green Bay Resort & Spa,"Değerli misafirimiz Mustafa B, Tatiliniz için Crystal Green Bay Resort & Spa’yı tercih ettiğiniz için teşekkür ederiz. Crystal markasını tatil programınıza eklemeniz ve bu güzel yorumlarınız bizler için birer motivasyon kaynağıdır. Latif geri bildiriminiz için sizlere şükranlarımızı sunar, sağlıklı günler dileriz. Tekrar görüşmek dileğiyle Ahmet Derin İşletme Müdürü",Güzel deneyim,5,May 2023,,Mayıs 2023,,,,,,,1 katkı
Green Bay Resort & Spa,"Eşimle sezonu açmak için seyahat edecek Bodrum taraflarında güzel bir otel arıyorduk, tatilimizi dolu dolu kullanmamıza yardımcı oldu. Personeller ilgiliydi, güler yüzlü çalışanları sayesinde deneyimimizden gayet memnun kaldık. Otele girdiğimiz an güzel bir karşılama aldık ve yemekleri beklentimizin çok daha üstündeydi. Otelin bar kısmında canlı müzik performansı var, aynı zamanda otel denize sıfır. Bu sayede epey bir keyif aldık. Bodrum-Güvercinlik yakınlarında kaliteli bir tatil yeri arayanlara şiddetle tavsiye ediyorum. Kesinlikle seneye bir daha geleceğiz 👍🏻",Kaliteli performans,5,May 2023,,Nisan 2023,Çift olarak seyahat etti,,,,,,1 katkı
Green Bay Resort & Spa,"Değerli misafirimiz Rasim K, Tatiliniz için Crystal Green Bay Resort & Spa’yı tercih ettiğiniz için teşekkür ederiz. Crystal markasını tatil programınıza eklemeniz ve bu güzel yorumlarınız bizler için birer motivasyon kaynağıdır. Latif geri bildiriminiz için sizlere şükranlarımızı sunar, sağlıklı günler dileriz. Tekrar görüşmek dileğiyle Ahmet Derin İşletme Müdürü",Güven kokan otel,5,May 2023,,Mayıs 2023,Arkadaşlarla seyahat etti,,,,,,1 katkı
Green Bay Resort & Spa,"Değerli misafirimiz Rümeysa T, Tatiliniz için Crystal Green Bay Resort & Spa’yı tercih ettiğiniz için teşekkür ederiz. Crystal markasını tatil programınıza eklemeniz ve bu güzel yorumlarınız bizler için birer motivasyon kaynağıdır. Latif geri bildiriminiz için sizlere şükranlarımızı sunar, sağlıklı günler dileriz. Tekrar görüşmek dileğiyle Ahmet Derin İşletme Müdürü",Temiz otel,5,May 2023,,Mayıs 2023,Arkadaşlarla seyahat etti,,,,,,1 katkı
Green Bay Resort & Spa,"Değerli misafirimiz Can K, Tatiliniz için Crystal Green Bay Resort & Spa’yı tercih ettiğiniz için teşekkür ederiz. Crystal markasını tatil programınıza eklemeniz ve bu güzel yorumlarınız bizler için birer motivasyon kaynağıdır. Latif geri bildiriminiz için sizlere şükranlarımızı sunar, sağlıklı günler dileriz. Tekrar görüşmek dileğiyle Ahmet Derin İşletme Müdürü",Balayı için çok ideal,5,May 2023,,Mayıs 2023,Çift olarak seyahat etti,,,,,,1 katkı
Green Bay Resort & Spa,"Değerli misafirimiz Cemil A, Tatiliniz için Crystal Green Bay Resort & Spa’yı tercih ettiğiniz için teşekkür ederiz. Crystal markasını tatil programınıza eklemeniz ve bu güzel yorumlarınız bizler için birer motivasyon kaynağıdır. Latif geri bildiriminiz için sizlere şükranlarımızı sunar, sağlıklı günler dileriz. Tekrar görüşmek dileğiyle Ahmet Derin İşletme Müdürü",Doğayla iç içe,5,May 2023,,Mayıs 2023,Arkadaşlarla seyahat etti,,,,,,2 katkı
Green Bay Resort & Spa,"Değerli misafirimiz Erkan T, Tatiliniz için Crystal Green Bay Resort & Spa’yı tercih ettiğiniz için teşekkür ederiz. Crystal markasını tatil programınıza eklemeniz ve bu güzel yorumlarınız bizler için birer motivasyon kaynağıdır. Latif geri bildiriminiz için sizlere şükranlarımızı sunar, sağlıklı günler dileriz. Tekrar görüşmek dileğiyle Ahmet Derin İşletme Müdürü",Eğlenceli Otel,5,May 2023,,Mayıs 2023,Arkadaşlarla seyahat etti,,,,,,1 katkı
Green Bay Resort & Spa,"Ailemiz ile birlikte ikinci kez geliyoruz ve tekrar gelmeyi düşünüyoruz her sene üzerine koya koya gidiyor otel geçen sene söylediğimiz şeylerin hepsini gerçekleştirmiş, aklınızda soru işareti kalmadan gönül rahatlığı ile gelebilirsiniz :) Temizliği başta olmak üzere, yemeklerin lezzeti ve çeşitliliği harikaydı! Çocuklar mini clubta güvenle mutlulukla vakit geçirdi bizde tatilimizi yaptık :) Animasyon ekibine ayrıca teşekkürler tüm Otel Green Bay’a ve çalışanlarına daha da teşekkürler :)",Aile oteli,5,May 2023,,Mayıs 2023,,,,,,,1 katkı
Green Bay Resort & Spa,"Değerli misafirimiz Furkan Y, Tatiliniz için Crystal Green Bay Resort & Spa’yı tercih ettiğiniz için teşekkür ederiz. Crystal markasını tatil programınıza eklemeniz ve bu güzel yorumlarınız bizler için birer motivasyon kaynağıdır. Latif geri bildiriminiz için sizlere şükranlarımızı sunar, sağlıklı günler dileriz. Tekrar görüşmek dileğiyle Ahmet Derin İşletme Müdürü",KESİNLİKLE TAVSİYE EDİYORUM,5,May 2023,,Mayıs 2023,Arkadaşlarla seyahat etti,,,,,,2 katkı
Green Bay Resort & Spa,Bugün itibari ile cıkıs yaptıgım otelden son derece memnun kaldıgımı belirtmek isterim Girişte arkadsşlar gayet güleryüzlü ve yardımseverdi Otel tamami ile tertemiz ve odamız hergün düzenli olarak temizlendi İtalyan alakartı denedik gayet basarılı ve memnun kaldık eger vaktimiz olsa 2 gün daha uzatmak isterdik tatilimizi Tek memnun olmadıgım konu tatilimizin bitmesi,Mükemmel deneyim,5,May 2023,,Nisan 2023,Çift olarak seyahat etti,,,,,,1 katkı
Green Bay Resort & Spa,"Değerli misafirimiz Murat D, Tatiliniz için Crystal Green Bay Resort & Spa’yı tercih ettiğiniz için teşekkür ederiz. Crystal markasını tatil programınıza eklemeniz ve bu güzel yorumlarınız bizler için birer motivasyon kaynağıdır. Latif geri bildiriminiz için sizlere şükranlarımızı sunar, sağlıklı günler dileriz. Tekrar görüşmek dileğiyle Ahmet Derin İşletme Müdürü",Güler yüzlü personeller,5,May 2023,,Mayıs 2023,Arkadaşlarla seyahat etti,,,,,,1 katkı
Green Bay Resort & Spa,"Değerli misafirimiz Erdem Ç, Tatiliniz için Crystal Green Bay Resort & Spa’yı tercih ettiğiniz için teşekkür ederiz. Crystal markasını tatil programınıza eklemeniz ve bu güzel yorumlarınız bizler için birer motivasyon kaynağıdır. Latif geri bildiriminiz için sizlere şükranlarımızı sunar, sağlıklı günler dileriz. Tekrar görüşmek dileğiyle Ahmet Derin İşletme Müdürü",Mükemmel lokasyonlu otel,5,May 2023,,Mayıs 2023,Arkadaşlarla seyahat etti,,,,,,1 katkı
Green Bay Resort & Spa,"Değerli misafirimiz Kaan S, Tatiliniz için Crystal Green Bay Resort & Spa’yı tercih ettiğiniz için teşekkür ederiz. Crystal markasını tatil programınıza eklemeniz ve bu güzel yorumlarınız bizler için birer motivasyon kaynağıdır. Latif geri bildiriminiz için sizlere şükranlarımızı sunar, sağlıklı günler dileriz. Tekrar görüşmek dileğiyle Ahmet Derin İşletme Müdürü",Güzel deneyim tavsiye oteli,5,May 2023,,Mayıs 2023,Arkadaşlarla seyahat etti,,,,,,1 katkı
Green Bay Resort & Spa,"Değerli misafirimiz Turan, Tatiliniz için Crystal Green Bay Resort & Spa’yı tercih ettiğiniz için teşekkür ederiz. Crystal markasını tatil programınıza eklemeniz ve bu güzel yorumlarınız bizler için birer motivasyon kaynağıdır. Latif geri bildiriminiz için sizlere şükranlarımızı sunar, sağlıklı günler dileriz. Tekrar görüşmek dileğiyle Ahmet Derin İşletme Müdürü",Güzel tatil,5,May 2023,,Mayıs 2023,İş için seyahat etti,,,,,,1 katkı
Green Bay Resort & Spa,"Değerli misafirimiz Uğurcan K, Tatiliniz için Crystal Green Bay Resort & Spa’yı tercih ettiğiniz için teşekkür ederiz. Crystal markasını tatil programınıza eklemeniz ve bu güzel yorumlarınız bizler için birer motivasyon kaynağıdır. Latif geri bildiriminiz için sizlere şükranlarımızı sunar, sağlıklı günler dileriz. Tekrar görüşmek dileğiyle Ahmet Derin İşletme Müdürü",Önerebileceğim bir otel,5,May 2023,"İzmir, Türkiye",Mayıs 2023,Arkadaşlarla seyahat etti,,,,,,1 katkı
Green Bay Resort & Spa,"Değerli misafirimiz Umit B, Tatiliniz için Crystal Green Bay Resort & Spa’yı tercih ettiğiniz için teşekkür ederiz. Crystal markasını tatil programınıza eklemeniz ve bu güzel yorumlarınız bizler için birer motivasyon kaynağıdır. Latif geri bildiriminiz için sizlere şükranlarımızı sunar, sağlıklı günler dileriz. Tekrar görüşmek dileğiyle Ahmet Derin İşletme Müdürü",Keyifli bir tatil,5,May 2023,,Mayıs 2023,Arkadaşlarla seyahat etti,,,,,,1 katkı
Green Bay Resort & Spa,"Değerli misafirimiz Emrullah C, Tatiliniz için Crystal Green Bay Resort & Spa’yı tercih ettiğiniz için teşekkür ederiz. Crystal markasını tatil programınıza eklemeniz ve bu güzel yorumlarınız bizler için birer motivasyon kaynağıdır. Latif geri bildiriminiz için sizlere şükranlarımızı sunar, sağlıklı günler dileriz. Tekrar görüşmek dileğiyle Ahmet Derin İşletme Müdürü",Güzel tatil,5,May 2023,,Mayıs 2023,,,,,,,1 katkı
Green Bay Resort & Spa,"Değerli misafirimiz Ali S, Tatiliniz için Crystal Green Bay Resort & Spa’yı tercih ettiğiniz için teşekkür ederiz. Crystal markasını tatil programınıza eklemeniz ve bu güzel yorumlarınız bizler için birer motivasyon kaynağıdır. Latif geri bildiriminiz için sizlere şükranlarımızı sunar, sağlıklı günler dileriz. Tekrar görüşmek dileğiyle Ahmet Derin İşletme Müdürü",Mûthis tatil,5,May 2023,,Mayıs 2023,Tek başına seyahat etti,,,,,,1 katkı
Green Bay Resort & Spa,"Bodrum bölgesinde gelmiş olduğum 3. Otel oluyor CRYSTAL Green Bay ve inanılmaz izler bıraktı bizde. Tavsiye üzerine gelmiştik aklımızda soru işaretleri vardı ama geldiğimiz gün tüm soruların çok gereksiz olduğunu anladık :) Tatil yapmamışız diyebiliriz o derece deniz çok berrak, kumsal çok temiz, havuz tertemiz odalar harika derecede temizdi ve personeller inanılmaz ilgiliydi güler yüzlü ve yardımcı olmaktan mutlu oluyorlardı. Seneye tekrar gelmek için sabırsızlanıyoruz, tüm Cyrstal Green Bay ailesine teşekkür ederiz. :)",Çetin Ailesi,5,May 2023,,Nisan 2023,Çift olarak seyahat etti,,,,,,1 katkı
Green Bay Resort & Spa,"Değerli misafirimiz Aysel A, Tatiliniz için Crystal Green Bay Resort & Spa’yı tercih ettiğiniz için teşekkür ederiz. Crystal markasını tatil programınıza eklemeniz ve bu güzel yorumlarınız bizler için birer motivasyon kaynağıdır. Latif geri bildiriminiz için sizlere şükranlarımızı sunar, sağlıklı günler dileriz. Tekrar görüşmek dileğiyle Ahmet Derin İşletme Müdürü",Memnuniyet,5,May 2023,,Mayıs 2023,Arkadaşlarla seyahat etti,,,,,,1 katkı
Green Bay Resort & Spa,Bir haftadır arkadaşlarımla tatil yapmaktayım aile oteli olduğunu bildiğimiz halde gelmiş bulunduk ve sadece aileye hizmet olmadığını anladık hem aile hem adult otel olarak harika işler çıkardılar çalışanların hepsi güler yüzlü elbette ufak tefek eksikler oldu ama söylememiz durumunda çözüme kavuştu temizliğine diyecek birşey yok tertemiz otel yemek güzel çeşitleri bol bar hizmetleri özellikle barmenler işlerinde çok başarılılar geren bay'a teşekkürler herkesi tavsiye ederim,Eğlenceli bir tatilde,5,May 2023,,Mayıs 2023,Arkadaşlarla seyahat etti,,,,,,1 katkı
Green Bay Resort & Spa,Bir haftalık tatil sürecinde bize harika zamanlar geçirttiler tüm personele teşekkürlerimi iletiyorum özellikle bar bölümünde çalışan arkaşlara sizleri şaşırmak için fırsat verin harika işler çıkartıyorlar.Animasyoncu arkadaşlar sürekli enerjik her saat başı aktivite bulabiliyorsunuz ayrıca snack restoran bölümündeki pizzaları denemenizi tavsiye ederim şimdiden harika zamanlar geçirmeniz dileğiyle…,Rüya gibi bir tatildi,5,May 2023,,Mayıs 2023,Arkadaşlarla seyahat etti,,,,,,1 katkı
Green Bay Resort & Spa,"Değerli misafirimiz Ferhat D, Tatiliniz için Crystal Green Bay Resort & Spa’yı tercih ettiğiniz için teşekkür ederiz. Crystal markasını tatil programınıza eklemeniz ve bu güzel yorumlarınız bizler için birer motivasyon kaynağıdır. Latif geri bildiriminiz için sizlere şükranlarımızı sunar, sağlıklı günler dileriz. Tekrar görüşmek dileğiyle Ahmet Derin İşletme Müdürü",Güzel bir tatil,5,May 2023,,Mayıs 2023,Arkadaşlarla seyahat etti,,,,,,3 katkı
Green Bay Resort & Spa,"Değerli misafirimiz Mehmet Ata T, Tatiliniz için Crystal Green Bay Resort & Spa’yı tercih ettiğiniz için teşekkür ederiz. Crystal markasını tatil programınıza eklemeniz ve bu güzel yorumlarınız bizler için birer motivasyon kaynağıdır. Latif geri bildiriminiz için sizlere şükranlarımızı sunar, sağlıklı günler dileriz. Tekrar görüşmek dileğiyle Ahmet Derin İşletme Müdürü",Güzel ve eglenceli,5,May 2023,,Mayıs 2023,,,,,,,1 katkı
Green Bay Resort & Spa,"Değerli misafirimiz Emre S, Tatiliniz için Crystal Green Bay Resort & Spa’yı tercih ettiğiniz için teşekkür ederiz. Crystal markasını tatil programınıza eklemeniz ve bu güzel yorumlarınız bizler için birer motivasyon kaynağıdır. Latif geri bildiriminiz için sizlere şükranlarımızı sunar, sağlıklı günler dileriz. Tekrar görüşmek dileğiyle Ahmet Derin İşletme Müdürü",Hem aile hem de adult otel,5,May 2023,,Mayıs 2023,Arkadaşlarla seyahat etti,,,,,,1 katkı
Green Bay Resort & Spa,"Değerli misafirimiz Follow the Tatiliniz için Crystal Green Bay Resort & Spa’yı tercih ettiğiniz için teşekkür ederiz. Crystal markasını tatil programınıza eklemeniz ve bu güzel yorumlarınız bizler için birer motivasyon kaynağıdır. Latif geri bildiriminiz için sizlere şükranlarımızı sunar, sağlıklı günler dileriz. Tekrar görüşmek dileğiyle Ahmet Derin İşletme Müdürü",Havuz aktiviteleri çok iyi,5,May 2023,,Mayıs 2023,Arkadaşlarla seyahat etti,,,,,,1 katkı
Green Bay Resort & Spa,"Değerli misafirimiz Alişan E Tatiliniz için Crystal Green Bay Resort & Spa’yı tercih ettiğiniz için teşekkür ederiz. Crystal markasını tatil programınıza eklemeniz ve bu güzel yorumlarınız bizler için birer motivasyon kaynağıdır. Latif geri bildiriminiz için sizlere şükranlarımızı sunar, sağlıklı günler dileriz. Tekrar görüşmek dileğiyle Ahmet Derin İşletme Müdürü",Arkadaş tatili için uygun,5,May 2023,,Mayıs 2023,Arkadaşlarla seyahat etti,,,,,,1 katkı
Green Bay Resort & Spa,"Değerli misafirimiz Osman A, Tatiliniz için Crystal Green Bay Resort & Spa’yı tercih ettiğiniz için teşekkür ederiz. Crystal markasını tatil programınıza eklemeniz ve bu güzel yorumlarınız bizler için birer motivasyon kaynağıdır. Latif geri bildiriminiz için sizlere şükranlarımızı sunar, sağlıklı günler dileriz. Tekrar görüşmek dileğiyle Ahmet Derin İşletme Müdürü",Başarılı,5,May 2023,,Nisan 2023,Çift olarak seyahat etti,,,,,,1 katkı
Green Bay Resort & Spa,"Herkese merhabalar yazmak istediğim çok şey var ama nereden başlasam bilmiyorum 10 yıldır her yaz tatile giderim Crystal Green’i tavsiye üzerine dikkate alıp geldim ve kısaca iyi ki geldim. Ailem ile birlikte tatil nedir nasıl yapılır tekrardan öğrenmiş olduk :) 10 yıldır hiç bir otel için yorum yapmadım ama buraya yapmazsam haksızlık olurdu. Yemekler, animasyon, miniclup animatörler, barmenler, restaurant personelleri bu kadar mi pozitif ve güler yüzlü olur ? Denizi, manzarası konumu zaten müthiş harikulade bir lokasyon. Çocuklarını güvenle emanet edebileceğiniz bir miniclub varsa tatil yapmamak için hiç bir engel yoktur zaten. Gerek yönetime gerek personellere ve tüm Crystal ailesine başarılar diliyor, örnek olmalarının sürekliliğini temenni ediyorum :)",Çocuğunuz varsa gelin yoksa yine gelin :),5,May 2023,,Mayıs 2023,,,,,,,1 katkı
Green Bay Resort & Spa,6 gündür bulunuyoruz otelde ailemiz birlikte yemek konusunda çok hassas ve titiztik çok şükür ki her şey çeşitli ve tazeydi. Yemeyen çocuklar kıtlıktan çıkmış gibiydi adeta :) bu baba olarak ve eşim adına diyebilirim ki çocuklarınız ile harika bir tatil geçirebileceğiniz mükemmel bir otel gözünüz kapalı mini clupa güvenip çocuklarınızı emanet edip balayı keyfinde tatil sürebilirsiniz. Animasyon ekibi zaten gerek aktiviteleri gerek güleryüzlülüğü ve inanılmaz enerjileri ile tatilimize renk kattı. Denizi ve havuzu hakkında yorum bile yapmıyorum inanılmaz güzeldi. Hatta fotoğraflar bile pasif kalmış diyebiliriz. Her şey için teşekkürler hem bütçe dostu hemde tam bir beş yıldız oteli. :),Gözünüzü kapat kapatın ve gelin zaten rüya gibi açmak istemeyeceksiniz :),5,May 2023,,Mayıs 2023,,,,,,,1 katkı
Green Bay Resort & Spa,Herkese merhabalar muhteşem bir 3 günlük tatilin ardından yorum yapıyorum. Her tatile gelenin aklına gelen veya aklında olan bir takım sorular elbet vardır. Kısaca şöyle diyebilirim en ufak bir endişeye veya soruya vakit ayırmayın her şey olması gerektiğinden çok çok iyi. Elbette ufak tefek şeyler oluyor ama çözülmesi dakika dahi almıyor :) Bir sonra ki yılın adresi kesinlikle simdiden belli. Çocuklar için mini club zaten bambaşka seviye hiiiiiç merak etmenize gerek yok. Ben ve ailem otelin problem olması halinde her türlü şekilde çözüme kavuştuğunun garantisini veriyoruz.,Aileler için tam memnuniyet,5,May 2023,,Mayıs 2023,,,,,,,1 katkı
Green Bay Resort & Spa,"Değerli misafirimiz Tuğba E, Tatiliniz için Crystal Green Bay Resort & Spa’yı tercih ettiğiniz için teşekkür ederiz. Crystal markasını tatil programınıza eklemeniz ve bu güzel yorumlarınız bizler için birer motivasyon kaynağıdır. Latif geri bildiriminiz için sizlere şükranlarımızı sunar, sağlıklı günler dileriz. Tekrar görüşmek dileğiyle Ahmet Derin İşletme Müdürü",Aile,5,May 2023,,Nisan 2023,,,,,,,1 katkı
Green Bay Resort & Spa,"Muhteşem bir tatil geçirdik tüm çalışanlara teşekkür ediyoruz hepsi güler yüzlü ve pozitif personeller otelin konumu zaten muazzam denizin temizliği olsun otelin temizliği olsun kusursuz diyebiliriz, ailemiz ile birlikte geldik küçük kardeşlerimi miniclupa güven ile teslim ettik çok ilgilendiler aklımız kalmadı içimiz çok rahattı yemekler harikaydı taze ve çeşitlilik bir hayli fazlaydı animasyonun aktiviteleri ve düzenlenen showları da ayrıca beğendik tekrar geleceğiz green bay ailesine çok teşekkürler! :)))))",En iyisi diyebiliriz :),5,May 2023,,Mayıs 2023,,,,,,,1 katkı
Green Bay Resort & Spa,"Ailemiz ile birlikte geldiğimiz dördüncü otelimiz otelimiz ve açık ara en iyisi diyebiliriz. Yemekleri olsun, animasyonları olsun, personelerin yapmacık olmayan samimi ve içten gülümsemi bizi tam anlamıyla etkilemiş bulunmakta. Akşamlari biraz serin olsa sa canlı müzik ve animasyon showlar soğuğu bize unutturuyor. :)))) bar çalışanları bilgili stajyer arkadaşlar bile bilgili ve pozitif otelin stajerlere bu denli olanak sağlaması da ailecek çok hoşumuza gitti! Denizinin havuzunun temizliğinden zaten bahsetmeye gerek yok inanılmaz bir konumda muhteşem bir koyda bulunuyor otel kısacası herkese tavsiye ediyorum!",Bar çeşitliliği ve kalitesi çok iyi,5,May 2023,,Mayıs 2023,,,,,,,2 katkı
Green Bay Resort & Spa,"Değerli misafirimiz Dolunay k Tatiliniz için Crystal Green Bay Resort & Spa’yı tercih ettiğiniz için teşekkür ederiz. Crystal markasını tatil programınıza eklemeniz ve bu güzel yorumlarınız bizler için birer motivasyon kaynağıdır. Latif geri bildiriminiz için sizlere şükranlarımızı sunar, sağlıklı günler dileriz. Tekrar görüşmek dileğiyle Ahmet Derin İşletme Müdürü",Hafta sonu tatili,5,May 2023,,Nisan 2023,Tek başına seyahat etti,,,,,,1 katkı
Green Bay Resort & Spa,"Değerli misafirimiz Ali T Tatiliniz için Crystal Green Bay Resort & Spa’yı tercih ettiğiniz için teşekkür ederiz. Crystal markasını tatil programınıza eklemeniz ve bu güzel yorumlarınız bizler için birer motivasyon kaynağıdır. Latif geri bildiriminiz için sizlere şükranlarımızı sunar, sağlıklı günler dileriz. Tekrar görüşmek dileğiyle Ahmet Derin İşletme Müdürü",Restaurant yemekleri ve personelleri harikaydı,5,May 2023,,Mayıs 2023,Arkadaşlarla seyahat etti,,,,,,2 katkı
Green Bay Resort & Spa,"Düğünümuzun hemen ardından eşimle balayına geldik. Otele adım atar atmaz yoğun bir ilgiyle karşılandık. Fazla misafir olmamasından dolayı süper bir ilgi alaka vardı ( kalabalık olduğunda da ayni ilginin olacağına eminim). Merkeze uzak olmasından dolayı(30km) biraz şüphe ederek geldik fakat otelden çıkmak istemedik daha sonrasında. İhtiyacınız olan herşey otelde mevcut. Bir gece ateş showunu izledik tiyatroda, süperdi! Herkesin işini severek yaptığını yüzlerinden anlıyorsunuz.",Balayı kumruları,5,May 2023,,Nisan 2023,Çift olarak seyahat etti,,,,,,3 katkı
Green Bay Resort & Spa,"Değerli misafirimiz Uğur I Tatiliniz için Crystal Green Bay Resort & Spa’yı tercih ettiğiniz için teşekkür ederiz. Crystal markasını tatil programınıza eklemeniz ve bu güzel yorumlarınız bizler için birer motivasyon kaynağıdır. Latif geri bildiriminiz için sizlere şükranlarımızı sunar, sağlıklı günler dileriz. Tekrar görüşmek dileğiyle Ahmet Derin İşletme Müdürü",Kuaför iyiydi,5,May 2023,,Mayıs 2023,Arkadaşlarla seyahat etti,,,,,,1 katkı
Green Bay Resort & Spa,"Değerli misafirimiz 44metey Tatiliniz için Crystal Green Bay Resort & Spa’yı tercih ettiğiniz için teşekkür ederiz. Crystal markasını tatil programınıza eklemeniz ve bu güzel yorumlarınız bizler için birer motivasyon kaynağıdır. Latif geri bildiriminiz için sizlere şükranlarımızı sunar, sağlıklı günler dileriz. Tekrar görüşmek dileğiyle Ahmet Derin İşletme Müdürü",Her yönden mükemmel bir deneyim,5,May 2023,,Mayıs 2023,Arkadaşlarla seyahat etti,,,,,,2 katkı
Green Bay Resort & Spa,"Crystal Green'e eşim ile birlikte geldim ilk tatilimizdi ve inanılmaz heyacanlıydı, aklımızda soru işaretleri olmasına rağmen geldik ve iyi ki geldik! Snack bar başta olmak üzere bar çalışanlarına ve tüp departmanlara ayrı ayrı teşekkur ediyoruz! Tekrar gelmek için planlara şimdiden başladik. Balayı için, eğlenmek için, dinlenmek için, aile için her birey için uygun inanılmaz konforlu ve rahat bir otel. Personellerin güler yüzlülüğüne zaten diyecek bir şey yok her şey mükemmel ve kusursuzdu Green Bay ailesine sonsuz teşekkürler ve yeni sezonda başarılar!",Bar kısmı harikaydı kokteyller muhteşem,5,May 2023,,Mayıs 2023,Çift olarak seyahat etti,,,,,,1 katkı
Green Bay Resort & Spa,"4 arkadaş istanbuldan geldik. Genelde Antalya tercihimiz oluyordu tatil için, bu yıl bir değişiklik olsun istedik ve bodrumu tercih ettik. Otelin havaalanına yakın olması çok iyiydi. Uçaktan indikten yarım saat sonra oteldeydik. Otelin konumu süper, harika bir koy içerisinde yer alıyor. Merkeze 30 km. Saat başı merkeze giden dolmuşlar otelin önünden geçiyor. Bodrum kapalı çarşıya gitmenizi tavsiye ederim. Kaydırakların orada barda çalışan Hasan a ve Tüm çalışan arkadaşlara teşekkürler.",Dostlar tatili,5,May 2023,"Bodrum City, Türkiye",Nisan 2023,Arkadaşlarla seyahat etti,,,,,,3 katkı
Green Bay Resort & Spa,Miniclup başta olmak üzere tüm animasyona ve diğer departmanlara sonsuz teşekkürler! Çocuklarınızı güvenle emanet edebileceğiniz bir mini club mevcut. Çalışanların güler yüzlülüğü ve ilgi alaka olarak üst seviyelerde! Tekrar gelmek için sabırsızlanıyoruz! Tüm herkese samimi duygular ile tavsiye ediyorum! Crystal Green Bay ailesine başarıların devamını dilerim! Çok teşekkür ederiz!,Mini club bir harika,5,May 2023,,Mayıs 2023,Çift olarak seyahat etti,,,,,,1 katkı
Green Bay Resort & Spa,"Değerli misafirimiz ndngk2023 Tatiliniz için Crystal Green Bay Resort & Spa’yı tercih ettiğiniz için teşekkür ederiz. Crystal markasını tatil programınıza eklemeniz ve bu güzel yorumlarınız bizler için birer motivasyon kaynağıdır. Latif geri bildiriminiz için sizlere şükranlarımızı sunar, sağlıklı günler dileriz. Tekrar görüşmek dileğiyle Ahmet Derin İşletme Müdürü",Aile tatili,5,May 2023,,Nisan 2023,,,,,,,1 katkı
Green Bay Resort & Spa,"Değerli misafirimiz İsmail K, Tatiliniz için Crystal Green Bay Resort & Spa’yı tercih ettiğiniz için teşekkür ederiz. Crystal markasını tatil programınıza eklemeniz ve bu güzel yorumlarınız bizler için birer motivasyon kaynağıdır. Latif geri bildiriminiz için sizlere şükranlarımızı sunar, sağlıklı günler dileriz. Tekrar görüşmek dileğiyle Ahmet Derin İşletme Müdürü",Eğlence,5,May 2023,,Nisan 2023,Arkadaşlarla seyahat etti,,,,,,1 katkı
Green Bay Resort & Spa,"Otele ilk zamanlarında geldiğimiz için sakin bir dönemdi ve bu çok hoşumuza gitti. Otel sakin bir koyda yer alıyor, sessiz fresh bir ortam var. Yemekler çok lezzetli ve çeşitliydi. Odalar ve ortam çok temizdi. Atıştırmalık verilen ve 7/24 açık olan snack bar, feet bar hepsi çok güzell. Animasyon takımının aktiviteleri vaktimizi daha verimli geçirmeyi sağladı aynı zamanda çocukların vakit geçirmesi için mini kulüp de bulunmakta ve orası da gerçekten çocuklu aileler için iyi düşünülmüş bir yerdi. Genel olarak otelin konumu, ortamı, personeli çok iyi. Tatil için mükemmel seçenek.",Güzel tatiiiilll,5,May 2023,,Mayıs 2023,,,,,,,1 katkı
Green Bay Resort & Spa,Geçen yıl burada konaklayan arkadaşlarımın tavsiyesi ile geldim. İş seyahati sırasında 2 gece 3 gün kaldım. Herşeyiyle güzel bir tatildi. Yemekler beklentimin üstündeydi gerçekten. Animasyon etkinliklerine katılamasam da arkadaşların güler yüzlülüğü ve samimiyeti yeterli olur oldu. Doğayla iç içe bir otel. Denize ve havuza giremesek de sahilde oturmak bile çok keyifliydi.,Süper!,5,May 2023,,Nisan 2023,Tek başına seyahat etti,,,,,,1 katkı
Green Bay Resort & Spa,"Her şey için çok teşekkür ediyorum, ailem ile birlikte mükemmel bir tatil geçirdik, özellikle sneck bar inanılmazdı yemek ve servis ileri derecede iyi ve başarılıydı. Animasyon, F&B'ye ve geri kalan tüm departmanlara sonsuz teşekkürler! Aklında soru işareti olan herkese gönül rahatlığı ile öneriyorum! İlk kez geldik ama son kez gelmemiş olacağız! Tekrar görüşmek üzere! Başarılar ve güzel sezonlar dilerim!",Keyifli bir tatil,5,May 2023,,Nisan 2023,Aileyle seyahat etti,,,,,,1 katkı
Green Bay Resort & Spa,"Değerli misafirimiz Quest 716530, Tatiliniz için Crystal Green Bay Resort & Spa’yı tercih ettiğiniz için teşekkür ederiz. Crystal markasını tatil programınıza eklemeniz ve bu güzel yorumlarınız bizler için birer motivasyon kaynağıdır. Latif geri bildiriminiz için sizlere şükranlarımızı sunar, sağlıklı günler dileriz. Tekrar görüşmek dileğiyle Ahmet Derin İşletme Müdürü",Balayı,5,May 2023,,Nisan 2023,Çift olarak seyahat etti,,,,,,1 katkı
Green Bay Resort & Spa,"Otelin konumu çok güzel, havaalanına 15-20 dk çok uzak değil. Otele gelince sizi müthiş bir doğa ve deniz karşılıyor. Havası çok güzel konumu itibarıyla tam bir doğa tatili oldu. Odalar gayet temiz ve düzenli, her gün temizleniyor. Yemekler cesitli ve lezzettli. Animasyon aktivitelerine katılamadık çocuklar dolayısıyla ama hepsinden haberimiz oldu takım çok aktif. Hepsi guleryuzlu ve nazik. Keza otel personeli de çok guleryuzlu herkes çok enerjik. Mini kulüpte çok zaman gecirdik, çocuklara ve bize çok yardımcı oldular, rahat zaman gecirebildik.",Doğa tatili,5,May 2023,,Mayıs 2023,,,,,,,2 katkı
Green Bay Resort & Spa,"Değerli misafirimiz Kadir Ç, Tatiliniz için Crystal Green Bay Resort & Spa’yı tercih ettiğiniz için teşekkür ederiz. Crystal markasını tatil programınıza eklemeniz ve bu güzel yorumlarınız bizler için birer motivasyon kaynağıdır. Latif geri bildiriminiz için sizlere şükranlarımızı sunar, sağlıklı günler dileriz. Tekrar görüşmek dileğiyle Ahmet Derin İşletme Müdürü",güzel bir koyda doğa ile iç içe,5,May 2023,,Nisan 2023,,,,,,,1 katkı
Green Bay Resort & Spa,"Değerli misafirimiz Levent D Tatiliniz için Crystal Green Bay Resort & Spa’yı tercih ettiğiniz için teşekkür ederiz. Crystal markasını tatil programınıza eklemeniz ve bu güzel yorumlarınız bizler için birer motivasyon kaynağıdır. Latif geri bildiriminiz için sizlere şükranlarımızı sunar, sağlıklı günler dileriz. Tekrar görüşmek dileğiyle Ahmet Derin İşletme Müdürü",Mükemmel bir deneyimdi!,5,May 2023,,Mayıs 2023,Tek başına seyahat etti,,,,,,1 katkı
Green Bay Resort & Spa,"Kapı girişinden itibaren resepsiyon olmak üzere çok sıcak bi karşılamayla karşılandık. Genel anlamda otel çok temiz ve tertipliydi, yemekler lezzetliydi, İtalyan alacarte bayıldım. Otelin bulunduğu köy muhteşem, tıpkı bir rüyada gibi hissettim. Resepsiyon başta olmak üzere tüm personel cana yakın ve içtendi. Bi daha ki sefere annem ile beraber geleceğim 🫶🏻 kesinlikle tavsiye ediyorum ❤️",Tekrar geleceğim,5,May 2023,,Nisan 2023,Arkadaşlarla seyahat etti,,,,,,2 katkı
Green Bay Resort & Spa,"Değerli misafirimiz Neslihan U, Tatiliniz için Crystal Green Bay Resort & Spa’yı tercih ettiğiniz için teşekkür ederiz. Crystal markasını tatil programınıza eklemeniz ve bu güzel yorumlarınız bizler için birer motivasyon kaynağıdır. Latif geri bildiriminiz için sizlere şükranlarımızı sunar, sağlıklı günler dileriz. Tekrar görüşmek dileğiyle Ahmet Derin İşletme Müdürü",Güzel koyda güzel Tatil,5,Nis 2023,,Nisan 2023,,,,,,,2 katkı
Green Bay Resort & Spa,"Değerli misafirimiz Samet C, Tatiliniz için Crystal Green Bay Resort & Spa’yı tercih ettiğiniz için teşekkür ederiz. Crystal markasını tatil programınıza eklemeniz ve bu güzel yorumlarınız bizler için birer motivasyon kaynağıdır. Latif geri bildiriminiz için sizlere şükranlarımızı sunar, sağlıklı günler dileriz. Tekrar görüşmek dileğiyle Ahmet Derin İşletme Müdürü",Harika servis,5,Nis 2023,,Nisan 2023,Çift olarak seyahat etti,,,,,,1 katkı
Green Bay Resort & Spa,"Değerli misafirimiz , Tatiliniz için Crystal Green Bay Resort & Spa’yı tercih ettiğiniz için teşekkür ederiz. Crystal markasını tatil programınıza eklemeniz ve bu güzel yorumlarınız bizler için birer motivasyon kaynağıdır. Latif geri bildiriminiz için sizlere şükranlarımızı sunar, sağlıklı günler dileriz. Tekrar görüşmek dileğiyle Ahmet Derin İşletme Müdürü",Muhteşem tatil,5,Nis 2023,,Nisan 2023,,,,,,,1 katkı
Green Bay Resort & Spa,Hepinize ayrı ayrı teşekkür ediyorum gerçekten sizden çok memnun kaldık crystal ailesi bu kadar efsane olmanıza hayran kaldık bize harika bir tatil imkanı sunduz özelikle çocuklar çok mutlu mini klüb ekibine çok teşekkür ediyorum çocukları gönül rahatlığıyla bırakıp gidebilirsiniz barış bey harikasın ekibinle beraber harikalar yaratınız animasyon aktiviteleride gerçekten çok harika yemekler çok çeşitli ve lezzetli otel harika bir yere inşa edilmiş tamamen doğayla iç içe tekrar tekrar çok teşekkürler :),Efsane otel efsane tatil,5,Nis 2023,,Nisan 2023,,,,,,,1 katkı
Green Bay Resort & Spa,"Nefis bir tatildi. Tüm personel güleryüzlü ve çok ilgiliydi. Yemekler çok çeşitli ve lezzetliydi. Şef Güngör Bey’e teşekkür ederiz. Tesis gayet temiz, deniz çok güzeldi. Animasyon ekibine çok teşekkür ederiz. Başta Alex olmak üzere herkes çok ilgiliydi. Yapılan aktiviteler tatilimize çok keyif kattı. Güleryüzünden, hatırşinaslığından, keyifli sohbetlerinden ötürü Alex’e tekrar tekrar teşekkür ederiz.",Harika Bir Tatil İçin İdeal Otel,5,Nis 2023,,Nisan 2023,,,,,,,1 katkı
Green Bay Resort & Spa,"Değerli misafirimiz Denizo07, Tatiliniz için Crystal Green Bay Resort & Spa’yı tercih ettiğiniz için teşekkür ederiz. Crystal markasını tatil programınıza eklemeniz ve bu güzel yorumlarınız bizler için birer motivasyon kaynağıdır. Latif geri bildiriminiz için sizlere şükranlarımızı sunar, sağlıklı günler dileriz. Tekrar görüşmek dileğiyle Ahmet Derin İşletme Müdürü",Harika Bir Tatil,5,Nis 2023,,Nisan 2023,,,,,,,2 katkı
Green Bay Resort & Spa,"Değerli misafirimiz MEHMETTC574UV, Tatiliniz için Crystal Green Bay Resort & Spa’yı tercih ettiğiniz için teşekkür ederiz. Crystal markasını tatil programınıza eklemeniz ve bu güzel yorumlarınız bizler için birer motivasyon kaynağıdır. Latif geri bildiriminiz için sizlere şükranlarımızı sunar, sağlıklı günler dileriz. Tekrar görüşmek dileğiyle Ahmet Derin İşletme Müdürü",Bayram tatili memnuniyeti,5,Nis 2023,"İzmir, Türkiye",Nisan 2023,Çift olarak seyahat etti,,,,,,1 katkı
Green Bay Resort & Spa,"Çalışanlar aşırı pozitif, tatilimiz boyunca çok ilgililerdi. Eğlence harika ve bayramın 1. Günü sahne alan canlı müzik ekibinin sesi harikaydı. Yemekler genel olara bol çeşitli ve lezzetliydi. Özellikle tatlılara bayıldık. Animasyon ekibine de ayrıca ilgi alakadan dolayı teşekkür ederiz, keyifli vakit geçirmemizi sağladılar. Herşeyiyle harika bir tatildi. Antalya’daki otellere kıyasla ciddi bir fark var. Tüm çalışanlara sonsuz teşekkürler.",Harika bir bayram tatili!!,5,Nis 2023,,Nisan 2023,Aileyle seyahat etti,,,,,,2 katkı
Green Bay Resort & Spa,"Değerli misafirimiz A1117AJmervek, Tatiliniz için Crystal Green Bay Resort & Spa’yı tercih ettiğiniz için teşekkür ederiz. Crystal markasını tatil programınıza eklemeniz ve bu güzel yorumlarınız bizler için birer motivasyon kaynağıdır. Latif geri bildiriminiz için sizlere şükranlarımızı sunar, sağlıklı günler dileriz. Tekrar görüşmek dileğiyle Ahmet Derin İşletme Müdürü",Yaz tatilimiz için yeni rota oluşturuldu,5,Nis 2023,,Nisan 2023,,,,,,,1 katkı
Green Bay Resort & Spa,4 gece kaldım odayı istediğimiz şekilde ayarlayıp verdiler otel de güzel karşılandık harika 4 gece geçirdim . Yemekler de çok lezzetliydi etkinlikler ve çalışanlar ayrı bir renk katıyor özellikle animasyon ekibinden alex gözde ve bar çalışanlarından Şahin bey . Ve ismini unuttuğum bir abi vardı snack tarafından çalışan hepsine tekrar teşekkür ediyorum. Bir dahaki gelişimde tercih edeceğim ilk yer,Çok iyi,5,Nis 2023,,Nisan 2023,Arkadaşlarla seyahat etti,,,,,,1 katkı
Green Bay Resort & Spa,"Değerli misafirimiz Felahb2017, Tatiliniz için Crystal Green Bay Resort & Spa’yı tercih ettiğiniz için teşekkür ederiz. Crystal markasını tatil programınıza eklemeniz ve bu güzel yorumlarınız bizler için birer motivasyon kaynağıdır. Latif geri bildiriminiz için sizlere şükranlarımızı sunar, sağlıklı günler dileriz. Tekrar görüşmek dileğiyle Ahmet Derin İşletme Müdürü",Bayram tatili için güzel sakın bir tatil oldu beklentilerimin üstüne herkese tavsiye ediyorum,5,Nis 2023,,Nisan 2023,Arkadaşlarla seyahat etti,,,,,,2 katkı
Green Bay Resort & Spa,"Değerli misafirimiz J7742QCmuratd, Tatiliniz için Crystal Green Bay Resort & Spa’yı tercih ettiğiniz için teşekkür ederiz. Crystal markasını tatil programınıza eklemeniz ve bu güzel yorumlarınız bizler için birer motivasyon kaynağıdır. Latif geri bildiriminiz için sizlere şükranlarımızı sunar, sağlıklı günler dileriz. Tekrar görüşmek dileğiyle Ahmet Derin İşletme Müdürü",Güzel tatil,5,Nis 2023,,Nisan 2023,,,,,,,1 katkı
Green Bay Resort & Spa,"Değerli misafirimiz Arzud996, Tatiliniz için Crystal Green Bay Resort & Spa’yı tercih ettiğiniz için teşekkür ederiz. Crystal markasını tatil programınıza eklemeniz ve bu güzel yorumlarınız bizler için birer motivasyon kaynağıdır. Latif geri bildiriminiz için sizlere şükranlarımızı sunar, sağlıklı günler dileriz. Tekrar görüşmek dileğiyle Ahmet Derin İşletme Müdürü",Keyifli tatil,5,Nis 2023,,Nisan 2023,,,,,,,1 katkı
Green Bay Resort & Spa,"Bu yıl buraya tatil için ikinci gelişimiz ve yine çok memnun kaldık. Bu yıl yapılan yenilikler memnuniyetimizi ayrıca artırdı. Yemek menüleri çok güzeldi. Servis yapan arkadaşlar özenli,güleryüzlüydü. Animasyon ekibinin faaliyetleri keyifliydi. Biz çocuklu bir aileyiz, mini clubte çok vakit geçirdik, o arkadaşlara da çok teşekkürler. Her şey için teşekkürler Crystal ailesi.",Ailecek keyifli tatil,5,Nis 2023,,Nisan 2023,,,,,,,3 katkı
Green Bay Resort & Spa,"Sezon açılışına geldiğimiz için biraz tereddüt ettik lakin az misafir olmasına rağmen aile ortamı oluştu bizim için. Çocuğumuzun doğum günü için yapılan sürpriz çok hoşumuza gitti. Yemek menüsü geçen yıla göre değişmiş ve bizce daha iyi olmuş. Çocuklu aileler için çocuk kulübü çalışanı arkadaşlara (sezin ve teslime) çocuklarınızı gözü kapalı emanet edebilirsiniz. Geçen yıla göre bu yıl odalar daha iyi, yenilenmişti. Canlı müzik çok güzeldi, animasyon ekibine de ayrıca teşekkür ediyorum. Ahmet beye oda konusunda göstermiş olduğu ilgiden dolayı çok teşekkür ederim. Fnb çalışanı Ali Tuncel ve Emir Tolga Ergün arkadaşların ilgisi için de ayrıca teşekkür ediyoruz. Genel olarak Crsytal ailesine teşekkür ederiz, bizin ikinci tatilimizdi yine aynı memnuniyeti yaşadık.",Memnuniyettt,5,Nis 2023,,Nisan 2023,,,,,,,3 katkı
Green Bay Resort & Spa,"Değerli misafirimiz Berfin Y, Tatiliniz için Crystal Green Bay Resort & Spa’yı tercih ettiğiniz için teşekkür ederiz. Crystal markasını tatil programınıza eklemeniz ve bu güzel yorumlarınız bizler için birer motivasyon kaynağıdır. Latif geri bildiriminiz için sizlere şükranlarımızı sunar, sağlıklı günler dileriz. Tekrar görüşmek dileğiyle Ahmet Derin İşletme Müdürü",Çok Keyifli,5,Nis 2023,,Nisan 2023,Arkadaşlarla seyahat etti,,,,,,1 katkı
Green Bay Resort & Spa,"Değerli misafirimiz Nazif Y, Tatiliniz için Crystal Green Bay Resort & Spa’yı tercih ettiğiniz için teşekkür ederiz. Crystal markasını tatil programınıza eklemeniz ve bu güzel yorumlarınız bizler için birer motivasyon kaynağıdır. Latif geri bildiriminiz için sizlere şükranlarımızı sunar, sağlıklı günler dileriz. Tekrar görüşmek dileğiyle Ahmet Derin İşletme Müdürü",Mükemmell..,5,Nis 2023,,Nisan 2023,Arkadaşlarla seyahat etti,,,,,,1 katkı
Green Bay Resort & Spa,"Değerli misafirimiz Kader D, Tatiliniz için Crystal Green Bay Resort & Spa’yı tercih ettiğiniz için teşekkür ederiz. Crystal markasını tatil programınıza eklemeniz ve bu güzel yorumlarınız bizler için birer motivasyon kaynağıdır. Latif geri bildiriminiz için sizlere şükranlarımızı sunar, sağlıklı günler dileriz. Tekrar görüşmek dileğiyle Ahmet Derin İşletme Müdürü",Güzel..,5,Nis 2023,,Nisan 2023,Arkadaşlarla seyahat etti,,,,,,1 katkı
Green Bay Resort & Spa,Otelin etrafı çam ağaçlarıyla çevrili doğası tam anlamıyla bir harika. Barlarda çıkın kokteyller oldukça başarılıydı hepsinin de yüzleri gülüyordu işlerini severek yaptıkları belli. Restoran kısmında ise çok güzel ala carte servisi aldık çalışan garson arkadaşlar çok ilgi ve alakalılardı.çok tatil yaptık ama F&b ekibinin bu kadar ilgisiyle hiç bir otelde karşılaşmadık hepsinin emeğine sağlık. Görüşmek dileğiyle.,Harika bir tatil:)))),5,Nis 2023,"Adana, Türkiye",Nisan 2023,Çift olarak seyahat etti,,,,,,21 katkı
Green Bay Resort & Spa,"Otel için en önemli avantaj lokasyonudur. Sahile sıfır olması, denizinin temiz ve dalgalı olmaması otel için kesinlikle avantaj. Temizlik konusunda gözlemlediğimiz kadarı ile personeller son derece duyarlıydı. Odalara günlük temizliğe giriliyor.Personele ayrı bir parantez açmak isterim;tüm personel son derece ilgili idi. Güzel bir tatil geçirdik;Herkese tavsiye ediyorum.",Güzel bir lokasyon,5,Nis 2023,,Nisan 2023,Arkadaşlarla seyahat etti,,,,,,1 katkı
Green Bay Resort & Spa,"Değerli misafirimiz Ramazan Y, Tatiliniz için Crystal Green Bay Resort & Spa’yı tercih ettiğiniz için teşekkür ederiz. Crystal markasını tatil programınıza eklemeniz ve bu güzel yorumlarınız bizler için birer motivasyon kaynağıdır. Latif geri bildiriminiz için sizlere şükranlarımızı sunar, sağlıklı günler dileriz. Tekrar görüşmek dileğiyle Ahmet Derin İşletme Müdürü",Harika,5,Nis 2023,,Ekim 2022,Çift olarak seyahat etti,,,,,,1 katkı
Green Bay Resort & Spa,"Değerli misafirimiz Gülgün Ö, Tatiliniz için Crystal Green Bay Resort & Spa’yı tercih ettiğiniz için teşekkür ederiz. Crystal markasını tatil programınıza eklemeniz ve bu güzel yorumlarınız bizler için birer motivasyon kaynağıdır. Latif geri bildiriminiz için sizlere şükranlarımızı sunar, sağlıklı günler dileriz. Tekrar görüşmek dileğiyle Ahmet Derin İşletme Müdürü",...,5,Nis 2023,,Ağustos 2022,Çift olarak seyahat etti,,,,,,1 katkı
Green Bay Resort & Spa,"Değerli misafirimiz Yeter K, Tatiliniz için Crystal Green Bay Resort & Spa’yı tercih ettiğiniz için teşekkür ederiz. Crystal markasını tatil programınıza eklemeniz ve bu güzel yorumlarınız bizler için birer motivasyon kaynağıdır. Latif geri bildiriminiz için sizlere şükranlarımızı sunar, sağlıklı günler dileriz. Tekrar görüşmek dileğiyle Ahmet Derin İşletme Müdürü",Crystal kalitesi,5,Mar 2023,,Eylül 2022,Çift olarak seyahat etti,,,,,,1 katkı
Green Bay Resort & Spa,"Değerli misafirimiz Serhat, Tatiliniz için Crystal Green Bay Resort & Spa’yı tercih ettiğiniz için teşekkür ederiz. Crystal markasını tatil programınıza eklemeniz ve bu güzel yorumlarınız bizler için birer motivasyon kaynağıdır. Latif geri bildiriminiz için sizlere şükranlarımızı sunar, sağlıklı günler dileriz. Tekrar görüşmek dileğiyle Ahmet Derin İşletme Müdürü",mükemmelll,5,Mar 2023,,Eylül 2022,,,,,,,4 katkı
Green Bay Resort & Spa,"Değerli misafirimiz Hasan T, Tatiliniz için Crystal Green Bay Resort & Spa’yı tercih ettiğiniz için teşekkür ederiz. Crystal markasını tatil programınıza eklemeniz ve bu güzel yorumlarınız bizler için birer motivasyon kaynağıdır. Latif geri bildiriminiz için sizlere şükranlarımızı sunar, sağlıklı günler dileriz. Tekrar görüşmek dileğiyle Ahmet Derin İşletme Müdürü",Güzel ve huzurlu tatil,5,Mar 2023,,Eylül 2022,,,,,,,1 katkı
Green Bay Resort & Spa,"Değerli misafirimiz Servan G, Tatiliniz için Crystal Green Bay Resort & Spa’yı tercih ettiğiniz için teşekkür ederiz. Crystal markasını tatil programınıza eklemeniz ve bu güzel yorumlarınız bizler için birer motivasyon kaynağıdır. Latif geri bildiriminiz için sizlere şükranlarımızı sunar, sağlıklı günler dileriz. Tekrar görüşmek dileğiyle Ahmet Derin İşletme Müdürü",Temiz,5,Mar 2023,,Ekim 2022,,,,,,,1 katkı
Green Bay Resort & Spa,"Değerli misafirimiz Sevil, Tatiliniz için Crystal Green Bay Resort & Spa’yı tercih ettiğiniz için teşekkür ederiz. Crystal markasını tatil programınıza eklemeniz ve bu güzel yorumlarınız bizler için birer motivasyon kaynağıdır. Latif geri bildiriminiz için sizlere şükranlarımızı sunar, sağlıklı günler dileriz. Tekrar görüşmek dileğiyle Ahmet Derin İşletme Müdürü",tekrardan geleceğiz,5,Mar 2023,,Eylül 2022,Çift olarak seyahat etti,,,,,,1 katkı
Green Bay Resort & Spa,"Değerli misafirimiz Ummuhan, Tatiliniz için Crystal Green Bay Resort & Spa’yı tercih ettiğiniz için teşekkür ederiz. Crystal markasını tatil programınıza eklemeniz ve bu güzel yorumlarınız bizler için birer motivasyon kaynağıdır. Latif geri bildiriminiz için sizlere şükranlarımızı sunar, sağlıklı günler dileriz. Tekrar görüşmek dileğiyle Ahmet Derin İşletme Müdürü",Kaliteli hizmet kaliteli tatil,5,Mar 2023,,Eylül 2022,Çift olarak seyahat etti,,,,,,1 katkı
Green Bay Resort & Spa,"Değerli misafirimiz Navigate56514268567, Tatiliniz için Crystal Green Bay Resort & Spa’yı tercih ettiğiniz için teşekkür ederiz. Crystal markasını tatil programınıza eklemeniz ve bu güzel yorumlarınız bizler için birer motivasyon kaynağıdır. Latif geri bildiriminiz için sizlere şükranlarımızı sunar, sağlıklı günler dileriz. Tekrar görüşmek dileğiyle Ahmet Derin İşletme Müdürü",Ailecek çok eğlendik,5,Mar 2023,,Eylül 2022,Çift olarak seyahat etti,,,,,,1 katkı
Green Bay Resort & Spa,"Değerli misafirimiz Ömürcan, Tatiliniz için Crystal Green Bay Resort & Spa’yı tercih ettiğiniz için teşekkür ederiz. Crystal markasını tatil programınıza eklemeniz ve bu güzel yorumlarınız bizler için birer motivasyon kaynağıdır. Latif geri bildiriminiz için sizlere şükranlarımızı sunar, sağlıklı günler dileriz. Tekrar görüşmek dileğiyle Ahmet Derin İşletme Müdürü",çocuklar çok beğendi,5,Mar 2023,,Ekim 2022,,,,,,,1 katkı
Green Bay Resort & Spa,"Değerli misafirimiz Emel,, Tatiliniz için Crystal Green Bay Resort & Spa’yı tercih ettiğiniz için teşekkür ederiz. Crystal markasını tatil programınıza eklemeniz ve bu güzel yorumlarınız bizler için birer motivasyon kaynağıdır. Latif geri bildiriminiz için sizlere şükranlarımızı sunar, sağlıklı günler dileriz. Tekrar görüşmek dileğiyle Ahmet Derin İşletme Müdürü",Kaliteli,5,Mar 2023,,Eylül 2022,Arkadaşlarla seyahat etti,,,,,,1 katkı
Green Bay Resort & Spa,"Değerli misafirimiz Berkay O, Tatiliniz için Crystal Green Bay Resort & Spa’yı tercih ettiğiniz için teşekkür ederiz. Crystal markasını tatil programınıza eklemeniz ve bu güzel yorumlarınız bizler için birer motivasyon kaynağıdır. Latif geri bildiriminiz için sizlere şükranlarımızı sunar, sağlıklı günler dileriz. Tekrar görüşmek dileğiyle Ahmet Derin İşletme Müdürü",Harika balayı,5,Mar 2023,,Eylül 2022,Çift olarak seyahat etti,,,,,,1 katkı
Green Bay Resort & Spa,"Değerli misafirimiz İbrahim K, Tatiliniz için Crystal Green Bay Resort & Spa’yı tercih ettiğiniz için teşekkür ederiz. Crystal markasını tatil programınıza eklemeniz ve bu güzel yorumlarınız bizler için birer motivasyon kaynağıdır. Latif geri bildiriminiz için sizlere şükranlarımızı sunar, sağlıklı günler dileriz. Tekrar görüşmek dileğiyle Ahmet Derin İşletme Müdürü",.,5,Mar 2023,,Ağustos 2022,Arkadaşlarla seyahat etti,,,,,,1 katkı
Green Bay Resort & Spa,"Değerli misafirimiz Sinan Ö, Tatiliniz için Crystal Green Bay Resort & Spa’yı tercih ettiğiniz için teşekkür ederiz. Crystal markasını tatil programınıza eklemeniz ve bu güzel yorumlarınız bizler için birer motivasyon kaynağıdır. Latif geri bildiriminiz için sizlere şükranlarımızı sunar, sağlıklı günler dileriz. Tekrar görüşmek dileğiyle Ahmet Derin İşletme Müdürü",Superrr,5,Mar 2023,,Ekim 2022,Çift olarak seyahat etti,,,,,,1 katkı
Green Bay Resort & Spa,"Değerli misafirimiz Hayri T, Tatiliniz için Crystal Green Bay Resort & Spa’yı tercih ettiğiniz için teşekkür ederiz. Crystal markasını tatil programınıza eklemeniz ve bu güzel yorumlarınız bizler için birer motivasyon kaynağıdır. Latif geri bildiriminiz için sizlere şükranlarımızı sunar, sağlıklı günler dileriz. Tekrar görüşmek dileğiyle Ahmet Derin İşletme Müdürü",Sessiz güzel,5,Mar 2023,,Ağustos 2022,,,,,,,1 katkı
Green Bay Resort & Spa,"Değerli misafirimiz , Tatiliniz için Crystal Green Bay Resort & Spa’yı tercih ettiğiniz için teşekkür ederiz. Crystal markasını tatil programınıza eklemeniz ve bu güzel yorumlarınız bizler için birer motivasyon kaynağıdır. Latif geri bildiriminiz için sizlere şükranlarımızı sunar,sağlıklı günler dileriz. Tekrar görüşmek dileğiyle Ahmet Derin İşletme Müdürü",Güzel tatil,5,Mar 2023,,Ekim 2022,Çift olarak seyahat etti,,,,,,1 katkı
Green Bay Resort & Spa,Otel üç tarafı meşe ağaçlarıyla çevrili harika bir koy içine konumlanmış sessiz saklı bir cennet Deniz çarşaf gibi ve dalga hiç yok biz çok sevdik ve çocuklar adete havuzu bile kullanmak istemedi Günün her saati yiyecek ve içecek bulmak mümkün ve yiyecek içecek kalitesi gayet güzel Aktiviteler çok güzeldi favorimiz yoga ve zumba oldu 😀 Tekrar kesinlikle gelmek isteyecegimiz bir yer Herkese çok teşekkürler,Saklı cennet,5,Mar 2023,,Ekim 2022,,,,,,,1 katkı
Green Bay Resort & Spa,"Değerli misafirimiz Amed Sömer, Tatiliniz için Crystal Green Bay Resort & Spa’yı tercih ettiğiniz için teşekkür ederiz. Crystal markasını tatil programınıza eklemeniz ve bu güzel yorumlarınız bizler için birer motivasyon kaynağıdır. Latif geri bildiriminiz için sizlere şükranlarımızı sunar,sağlıklı günler dileriz. Tekrar görüşmek dileğiyle Ahmet Derin İşletme Müdürü",Cana yakın personel,5,Mar 2023,,Eylül 2022,Çift olarak seyahat etti,,,,,,1 katkı
Green Bay Resort & Spa,"Değerli Misafirimiz Cenan Z Tatiliniz için Crystal Green Bay Resort & Spa’yı tercih ettiğiniz için teşekkür ederiz. Crystal markasını tatil programınıza eklemeniz ve bu güzel yorumlarınız bizler için birer motivasyon kaynağıdır. Latif geri bildiriminiz için sizlere şükranlarımızı sunar,sağlıklı günler dileriz. Tekrar görüşmek dileğiyle Ahmet Derin İşletme Müdürü",Güzel tatil mükemmel tesis,5,Mar 2023,,Eylül 2022,Aileyle seyahat etti,,,,,,1 katkı
Green Bay Resort & Spa,"Tüm yılın hatta yılların yorgunluğunu atmak istiyorsunuz. Arama motorlarında Crystal Green Bay gözünüze çarptı ve hemen yorumlara koştunuz. Bende sizler gibi yapmıştım. Bu nedenle ülkemiz koşullarında kaliteli tatil yapmak isteyenler için Green Bay'a dair detayları paylaşacağım. Kulaklarınızı açın! Tesise adım atar atmaz sizi iki şey karşılayacak. Kurumsallık ve samimiyet. Yani katı, suratsız insanlarla değil insaniyetlik bilen personelle muhatap olacaksınız. Ama bu samimiyet kurumsallığı da gölgelemeyecek. Tatil demişken akla deniz, kum, güneş üçlüsü gelir ve havuz da bunlara eşlik eder. Green Bay'da hepsini bulmanız mümkün. Havuz çok temiz bir tane saç teli bile yok.",Müthiş,5,Oca 2023,,Eylül 2022,,,,,,,1 katkı
Green Bay Resort & Spa,Kalabalık bir arkadaş grubu ile 5 aile 5 günlük tatil yaptık.Bulunduğu lokasyon çok iyi.Hotel yeşillikler içerisinde bir koyda bulunuyor.Deniz genel olarak güzeldi. Personel çok güler yüzlü ve alakalıydı.Yiyecek ve içecek alırken hiç beklemiyorsunuz.Garsonlar ilgiliydi.Hotelin kumsalı kapasitesine göre oldukça yeterli şezlong bulamak gibi bir derdiniz olmuyor.Kumsal ile restaurant ve barlarçok yakın.Bir su almak için metrelerce yürümenize gerek yok.Antalya'daki hoteller gibi hotel içinde kilometrelerce yürümenize gerek yok.Her şey çok yakın konumlarda.Odaların temizliği çok iyidi.Her gün odamız temizlendi.Mini barımız dolduruldu.Odaların büyüklüğü yeterliydi.Biz ranzalı odada kaldık çocuk çok rahat etti.Tesis genel olarak her gün temizleniyordu.Yemekler tek kelime ile muhteşemdi.,Çok iyi,5,Oca 2023,,Ağustos 2022,Arkadaşlarla seyahat etti,,,,,,1 katkı
Green Bay Resort & Spa,"Değerli Misafirimiz Hüseyin Y, Tatiliniz için Crystal Green Bay Resort & Spa’yı tercih ettiğiniz için teşekkür ederiz. Crystal markasını tatil programınıza eklemeniz ve bu güzel yorumlarınız bizler için birer motivasyon kaynağıdır. Latif geri bildiriminiz için sizlere şükranlarımızı sunar,sağlıklı günler dileriz. Tekrar görüşmek dileğiyle Ahmet Derin İşletme Müdürü",Mükemmel hizmet,5,Ara 2022,,Aralık 2022,Aileyle seyahat etti,,,,,,1 katkı
Green Bay Resort & Spa,"Değerli konuğumuz, Tatiliniz için Crystal Green Bay Resort & Spa’yı tercih ettiğiniz için teşekkür ederiz. Crystal markasını tatil programınıza eklemeniz ve bu güzel yorumlarınız bizler için birer motivasyon kaynağıdır. Latif geri bildiriminiz için sizlere şükranlarımızı sunar,sağlıklı günler dileriz. Tekrar görüşmek dileğiyle Ahmet Derin İşletme Müdürü",Herşey çok guzeldi,5,Ara 2022,,Haziran 2022,Arkadaşlarla seyahat etti,,,,,,2 katkı
Green Bay Resort & Spa,"Yıllardır baktığımız ve yorumlar sebebiyle tercih etmediğimiz otelde bu sene konaklama imkanı bulduk. Otel yönetimi yorumlardan ders almış ve düzenlemelere gitmiş gözüküyor, çünkü geçen senelerde ki yorumlarla alakası yok. Odalar yeni, yataklar konforlu, nevresim ve havlular tertemiz. Standart buklet ürünleri hariç tarak, diş fırçası gibi ürünler minik detaylar olsa da pozitif etki yaratıyor. Resepsiyon personelinden, restorana, temizlik görevlilerinden hatta bahçıvana kadar bütün personel güler yüzlü ve ilgili. Herkes işini aşkla ve sevgiyle yapıyor. Bu bize çok ilginç geldi, personeline değer veren bir yönetim olduğu hissini alıyorsunuz. Yiyecek ve içecek kalitesi oldukça yüksek ve çok ilginçtir ki lezzetli. Kalabalık mekanlarda bu lezzeti yakalamak gerçekten zor. Kolay beğenmeyen ve seçici olan bizler bile memnun kaldık. Huzurlu ve sakin bir otel. Eglence var ancak yüksek ses yada rahatsız edici sesler yok. Geniş bir alana kurulduğu için olabilir. Deniz temiz ve berrak. Çabuk derinleşiyor, ancak dalgasız olduğu için cocuklar içinde güvenli. +16 için plaj ve havuz ayrılmış. Biz çocuklu aile olarak orayı kullanmadik😇 Cocuk aqua parkı, oyun parkı, etkinlik alanları oldukça güzel ve yeterli. Çocuğunuzu bırakmanız için güven veriyor. Gorevliler ilgili, dikkatli ve güler yüzlü. Havuz ve aqua parkı yeterli ve hijyenik. Ortak kullanım alanları da oldukça temiz.",Mükemmel,5,Ara 2022,,Temmuz 2022,Arkadaşlarla seyahat etti,,,,,,1 katkı
Green Bay Resort & Spa,"Tatil önerileri için Crystal Green Bay Resort araması yapıp yorumları okuyarak bilgi sahibi olmak isteyenler için düşüncelerim şunlardır; Yaklaşık 12 sene önce gelip denizi,oteli ve hizmeti beğendiğimiz için tekrar bu sene rezervasyon yaptırarak oteli tercih ettik. Daha kapıdan girdiğinizde resepsiyonda kalitenin farkını anlıyorsunuz herkes güler yüzlü nazik ve ilgili. Biz oteli tekrar tercih ettik diye odamızı daha iyi bir oda ile değiştirdiler , odaya daha bavullarımızı koyduk kapımız çaldı şarap, meyve tabağı, çikolata ve bir not ...ne kadar hoş ve nazik bir davranış belki yaptıkları küçük birşey ama bizi çok mutlu etti. Tüm personel çözüm odaklı birşey sorduğunuz da hemen cevap alıyorsunuz ve varsa probleminiz çözüme ulaştırılıyor . Yemekler kahvaltıdan başlayarak (tüm gün 7/24 yemek var) herşey çok lezzetli ve kaliteli. İçeceklerde aynı şekilde ve gerçekten verdiğiniz ücrete değecek bir otel . Birde eğlencesi tabi ki akşam canlı müzik ile barda eğleniyorsunuz eksik yazdığım şeyler mutlaka vardır beni affedin. Bodrum’un en iyi otellerinden biri diyebilirim . Müdüründen temizlikçisine kadar tüm personeli kutluyorum başarılarının devamını diliyorum...",DOĞA HARİKASI,5,Ara 2022,,Haziran 2022,Aileyle seyahat etti,,,,,,1 katkı
Green Bay Resort & Spa,Bu sene resimlere bakarak tercih ettiğim oteli hiç beğenmedim. -Öncelikle denizinden başlamak istiyorum denizi birden derinleşiyor ve denizden ziyade gölde yüzüyor gibi hissediyorsunuz kendinizi. -En çok üzüldüğüm olay ise öğleye doğru snack restoran da gittiğimizde kolumuzda bilekliği unutarak gitmişiz. Sonrasında Snack restoran da çalışan mavi tsörtlü erkek personel kaba bir şekilde ''bilekliklerinizi takın yoksa yemek yiyemezsiniz dedi.'' Tamam otelin kuralları bu şekilde olabilir biz de buna dikkat ettik zaten ama üslup doğru muydu peki ? Ayrıca bize bu şekilde uyarı yapan arkadaş diğer masalardaki bileksiz olarak gelen kimseye uyarı yapmadı. Burda bir çifte standart varmış gibi hissettirdi. Durumu yönetimde görevli kadın arkadaşa ilettiğimizde ''bu sabahtan beri aldığımız kaçıncı şikayet diyerek'' bizi de haklı çıkardı zaten. - Yemekleri beğenmedim. Restorant da ciddi bir arı sorunu var. - Odalarda sineklik olmaması büyük eksi. - Tek olumlu yanı bar da çalışan Fırat isimli arkaşın her konuda güleryüzlü olması ve her konuda yardımcı olmaya çalışması. Bir daha tercih eder miyim Asla !!,Hiç Beğenmedim,1,Ara 2022,,Temmuz 2022,,,,,,,1 katkı
Green Bay Resort & Spa,"Merhaba otel greenbay geçen sene otelinize gelmiştim bu sene başka planlar vardı ama arkadaşlarımın birlikte tatil yapalım ısrarı üzerine bu senede geldik. Geçen seneyle bu sene arasında ciddi değişiklikler var hem tanıdık bi yer hem farklı bir yerde tatil yapıyor gibiyiz . Odalardaki yenilik gerçekten tam isabet olmuş, bebkli bir aileyiz mini clup ve etkinlikler bizim için tam bir kurtarıcı oldu bebeğimizi bırakıp tatlimizi yapıyoruz sıkıntı çıkarsa bizi telefonla arıyorlar çok ilgililer hepsine teşekkürler.",Çok güzel,5,Ara 2022,,Eylül 2022,Arkadaşlarla seyahat etti,,,,,,1 katkı
Green Bay Resort & Spa,"Girişten itibaren, resepsiyon da güler yüzlü karşılama ve devamında müşteri mutluluğu ön planda tutan tüm çalışanlar yöneticisinden başlayarak tüm persenel teşekkür ve takdiri hak ediyor. Temizlik konusunda hiç.sıkıntı yaşamadık ve memnun olduk. HK ve alan personeli görevlerini çok güzel yapıyorlar. 👏 Havuzlar temiz ve bakımlı. Plaj ve havuzların çocuklu ailer ve yetişkinler (+16) için ayrılması gayet güzel olmuş. Ancak yetişkin havuzunda öğleden sonra yapılan su topu turnuvası güzel olmasına rağmen, havuz kullanımı kısıtlıyor. Çocuklu ailelerin sıkıntı yaşamayacağı bir alana sahip, düz bir alanda merdivenlerin çok az olduğu bir işletme.",guzel,5,Kas 2022,,Ağustos 2022,,,,,,,1 katkı
Green Bay Resort & Spa,"Değerli misafirimiz Umut K, Tatiliniz için Crystal Green Bay Resort & Spa’yı tercih ettiğiniz için teşekkür ederiz. Crystal markasını tatil programınıza eklemeniz ve bu güzel yorumlarınız bizler için birer motivasyon kaynağıdır. Geri bildiriminiz için sizlere şükranlarımızı sunar,sağlıklı günler dileriz. Tekrar görüşmek dileğiyle.. Ahmet Derin Otel Müdürü",Beğendik,5,Kas 2022,,Ekim 2022,Arkadaşlarla seyahat etti,,,,,,1 katkı
Green Bay Resort & Spa,"Değerli Misafirimiz Emrah K, Tatiliniz için Crystal Green Bay Resort & Spa’yı tercih ettiğiniz için teşekkür ederiz. Crystal markasını tatil programınıza eklemeniz ve bu güzel yorumlarınız bizler için birer motivasyon kaynağıdır. Geri bildiriminiz için sizlere şükranlarımızı sunar, sağlıklı günler dileriz. Tekrar görüşmek dileğiyle.. Ahmet Derin Otel Müdürü",Mükemmel bir tesis,5,Kas 2022,,Ekim 2022,Çift olarak seyahat etti,,,,,,2 katkı
Green Bay Resort & Spa,"Değerli Misafirimiz Ahmet Bey, Tatiliniz için Crystal Green Bay Resort & Spa’yı tercih ettiğiniz için teşekkür ederiz. Crystal markasını tatil programınıza eklemeniz ve bu güzel yorumlarınız bizler için birer motivasyon kaynağıdır. Geri bildiriminiz için sizlere şükranlarımızı sunar, sağlıklı günler dileriz. Tekrar görüşmek dileğiyle.. Ahmet Derin Otel Müdürü",Tavsiye edilir,5,Kas 2022,,Ekim 2022,Arkadaşlarla seyahat etti,,,,,,1 katkı
Green Bay Resort & Spa,"Değerli Misafirimiz Ahmet U, Tatiliniz için Crystal Green Bay Resort & Spa’yı tercih ettiğiniz için teşekkür ederiz. Crystal markasını tatil programınıza eklemeniz ve bu güzel yorumlarınız bizler için birer motivasyon kaynağıdır. Geri bildiriminiz için sizlere şükranlarımızı sunar, sağlıklı günler dileriz. Tekrar görüşmek dileğiyle.. Ahmet Derin Otel Müdürü",Çok memnun kaldık gene,5,Kas 2022,,Eylül 2022,,,,,,,1 katkı
Green Bay Resort & Spa,"Otelin 2022 sezonunun son balayı çiftiyiz , eşimle çok memnun kaldık tek eksik denizi biraz koyu renk dibi gözükmüyor ve bu durum eşimin sevmediği bişeydi ama onun dışında fiyat performans olarak bakarsanız süper otel, personel güler yüzlü, odalar temizdi biz deniz manzaralı odada kaldık gayet güzeldi manzarası falan. Bu hafta sondu kapandı yoksa annemleri 29 Ekim tatiline buraya gönderecektim öyle diyim siz düşünün. Sonuç olarak seneye tekrar tercih etmeyi düşünüyoruz 👍😊 ETS tur ile tatilimizi planlamıştık ilgisi alakası çok güzel onlarada tşk ederiz",2022 sezonu son balayı çifti,5,Eki 2022,,Ekim 2022,Aileyle seyahat etti,,,,,,2 katkı
Green Bay Resort & Spa,"Crystal Aura Kemer de 2-3 hafta önce tatil yaptım ve çok memnun kaldığımdan, tekrar Grup oteliniz Crystal Green Bay ı tercih ettim, 15-18 Ekim arası konakladığım otelinizde mükemmel bir tatil geçirdim, otelin konum ve doğası mükemmel, yönetici ve çalışanlarınızın geneli çok misafirperver ve güler yüzlü, yemeklerin geneli lezzetliydi, aile odasında kaldım ve odamızın manzarası harikaydı, akşamları canlı müzik çok başarılıydı, otelinizin sezonu kapatacak olmasına rağmen bu durumu bize yansıtmamak için büyük bir özveri ile çalıştıklarını gördüm, otel yöneticileri sürekli sahada ve sürekli kontrol halindeler, Genel müdürün, personel ile olan diyaloğuna da şahit oldum ve çok başarılıydı. İtalyan Alacarte beklentimiz üzerinde çıktı ve çok başarılıydı, Otel yönetimine, resepsiyonda güler yüzü ve çözüm odaklı yaklaşımı ile Çağla hanıma, valizlerimizi odaya götüren genç arkadaşa (çok güleryüzlü), Akşam yemeklerinde Çupra ve Levrek ızgaraya bakan genç aşçı arkadaşa (çok güler yüzlü ve işini sevrek yaptığı belli), İtalyan alacarte ın şef garsonu ve yanındaki garson arkadaşa (çok profesyoneller) ve şefine (ellerinize sağlık, risotto nazarlık olsun) teşekkürlerimi iletiyorum. Crystal otel yönetimini de ayrıca teşekkür ve tebriklerimi iletiyorum.",Mükemmel,5,Eki 2022,,Ekim 2022,,,,,,,1 katkı
Green Bay Resort & Spa,Arkadaşlarla 1 günlüğüne gittiğimiz kısa tatilde çok eğlendik. Odalar olsun yemekler olsun içecekler olsun hepsi çok güzeldi. Bir dahaki tatilimizde de kesinlikle gideceğimiz tek oteldir. Özellikle barda çalışan Aysel Hanım hem işini mükemmel yapıyor hem de misafirlerle diyaloğu son derece iyi. Bence mesleğinin en iyisi kendisi. Bu eşsiz tatil için başta Aysel hanım olmak üzere bütün çalışanlara ayrı ayrı teşekkürlerimizi borç biliriz,Teşekkürler crystal greenbay teşekkürler Aysel Hanım,5,Eki 2022,"Denizli, Türkiye",Ekim 2022,Arkadaşlarla seyahat etti,,,,,,3 katkı
Green Bay Resort & Spa,"Ormanların arasında güzel bir manzarada denize girmek isteyenler için çok güzel bir yer. Çok şükür ki son dönemdeki yangınlar o bölgede olmamış. Deniz hızlı derinleşiyor ve plajı kum olduğu için deniz pek berrak değil maalesef. Yemek ve odaların kalitesinden bahsedersek çok iyi diyemem, idare edecek seviyede. Özellikle en şikayetçi olduğumuz şey restoranının esnaf lokantasını anımsatmasıydı :( Bunlar dışında çalışan personelin ilgisi vb. şeyler gayet iyi.",Mükemmel doğa manzarası,4,Eki 2022,,Ekim 2022,,,,,,,1 katkı
Green Bay Resort & Spa,"-Otelin konumu güzel. -Temizlik konusunda hassas değiller. Oda temizlenmiş deniyor gidip bakıyorum yerlerde peçeteler var. 🤦🏻‍♂️Yandan deniz manzaralı oda tuttuk ama deniz görünmüyordu. Recepsiyon ile görüştüğümüzde önünüze palmiye geçiyor dendi🤦🏻‍♂️ - Yemekler konusunda bol çeşit var ve lezzetli. Sadece ızgara bölümünde sıkıntı var. Sanki herşey yanmak zorunda gibi. Yanık yanık köftelerle karşılaşabilirsiniz. -Denize gelecek olursak deniz sığ değil. Birden derinleşiyor . 3-4 adım sonra su boğazınıza geliyor.çocuklar için sıkıntı olabilir. -Tabelada ""eat burger"" diye bir yer var sordum personel dahil kimse bilmiyor. O zaman kaldırın kardeşim tabeladan. -Otelin bahçesinde Arı ve sinek sorunu var. İşletmenin Acil olarak bu konuyu çözmesi lazım. Kahvaltı yaparken, öğle yemeği yerken kendinizi bir arı kovanında hissedebilirsiniz. -Otelin en dikkat çekici yerlerinden biri animasyon bölümü. Programları güzeldi.",Tavsiye etmiyorum,2,Eki 2022,,Ekim 2022,Aileyle seyahat etti,,,,,,4 katkı
Green Bay Resort & Spa,"Cristal bay Resort de 15 -17 ekim arası konakladık, personel çok ilgili, güzleryüzlü, yemekler çok çeşitli hatta sushi bile çıktı, sezonun bitmesine ve otelin kapanmasına az süre kalmasına rağmen kaliteden ve hizmetten ödün verilmemiş. Yemekler gerçekten çok lezzetli, odamız yandan deniz manzaralı idi, odanın büyüklüğü güzel fakat yatakların değişmesi gerekiyor, yataklar çok rahat değildi, yataklar değişirse hiç bir kusuru yok otelin..odadaki mini bar çok zengin, soda, kola, fanta vs. dolu bırakılıyor. Gözleme, dondurma süperdi, denizle ilgili girişi biraz taşlık, o yüzden bi ayakkabı giyerseniz iyi olur, deniz hemen derinleşiyor, iskeleden de girebilirsiniz, koy olduğu için denizin dibi pek gözükmüyor, biraz bulanık gibi ama dalga vs. yok, havuzlar çok ve yeterli havuz sevenler için, cumartesi akşamı olan canlı müziğe bayıldık, çocuklar için animasyonlar mevcut. Çalışanları mutlu bir otel, herkese tavsiye ederiz...",ekim tatili,5,Eki 2022,,Ekim 2022,,,,,,,1 katkı
Green Bay Resort & Spa,"Değerli Misafirimiz Can Ertaş, Tatiliniz için Crystal Green Bay Resort & Spa’yı tercih ettiğiniz için teşekkür ederiz. Crystal markasını tatil programınıza eklemeniz ve bu güzel yorumlarınız bizler için birer motivasyon kaynağıdır. Geri bildiriminiz için sizlere şükranlarımızı sunar, sağlıklı günler dileriz. Tekrar görüşmek dileğiyle. Ahmet Derin Otel Müdürü",Mükemmel tatil,5,Eki 2022,,Ekim 2022,Çift olarak seyahat etti,,,,,,38 katkı
Green Bay Resort & Spa,"Değerli misafirimiz Onur E, Tatiliniz için Crystal Green Bay Resort & Spa’yı tercih ettiğiniz için teşekkür ederiz. Crystal markasını tatil programınıza eklemeniz ve bu güzel yorumlarınız bizler için birer motivasyon kaynağıdır. Geri bildiriminiz için sizlere şükranlarımızı sunar, sağlıklı günler dileriz. Tekrar görüşmek dileğiyle. Ahmet Derin Otel Müdürü",kaliteli tatil,5,Eki 2022,,Ekim 2022,Çift olarak seyahat etti,,,,,,11 katkı
Green Bay Resort & Spa,"Değerli misafirimiz Furkan K, , Tatiliniz için Crystal Green Bay Resort & Spa’yı tercih ettiğiniz için teşekkür ederiz. Crystal markasını tatil programınıza eklemeniz ve bu güzel yorumlarınız bizler için birer motivasyon kaynağıdır. Geri bildiriminiz için sizlere şükranlarımızı sunar, sağlıklı günler dileriz. Tekrar görüşmek dileğiyle. Ahmet Derin Otel Müdürü",Memnuniyet,5,Eki 2022,,Ekim 2022,Çift olarak seyahat etti,,,,,,1 katkı
Green Bay Resort & Spa,"Merhaba, otel seçimi yaparken en çok dikkat ettiğimiz fiyat, konum ve konsept bilgilerinin yanında müşteri yorumlarını da dikkate alarak karar verdik. Tatilimiz sırasında yapılan yorumların az bile kaldığını düşündük. Otele girdiğimiz dakikadan çıktığımız ana kadar hiçbir olumsuzluk yaşamadık. Yemek, tatlı ve snack seçenekleri hem cok fazla hemde çok lezzetli. Kalamar, karides , 2-3 çeşit balık + kırmızı et + beyaz et . Meze, sebze ve salataları saymıyorum bile, Her damak tadına hitap eden çeşit ve lezzette. Otel konum itibariyle geniş bir arazide olmasına rağmen her yerde kolay ulaşılabilir barlar var. İçkiler ve kokteyller gayet kaliteli, bar da görevli çalışanlar gayet güler yüzlü ve müşteri memnuniyeti odaklı . Özelikle lobi bar da görevli Zübeyde hanıma güler yüz, hoş sohbet ve ilgisinden dolayı teşekkür ederiz. İşini çok severek yapıyor ve sevgisini sunum + kokteyllerine kesinlikle yansıtıyor. 4 gece konakladik 1 gece alacart restorandan ücretsiz faydanlanma imkanı sağlandı. Eşim Türk mutfağından ben ise balık restoranından faydalanmak istedik. Resepsiyon yanındaki müşteri ilişkilerinde görevli arkadasdan rezervasyon yaptırdık ancak aynı restorandan faydalanbileceğimiz ayrı ayrı olamayacağı söylendi. Bu konuda da alacart restoran da görevli onur bey bize çok yardımcı oldu ve balik restoranda rezervasyon yapmamıza rağmen eşime Türk mutfağından hizmet verildi. Otelin konumu, doğası , imkanları , eşsiz koyu bir yana otel tamamen müşteri memnuniyeti odaklı hizmet vermekte. Eleştirebileceğim hiçbir konusu yok, kesinlikle mutlu + huzurlu + sakin + sorunsuz bir tatil yapmak isteyen herkese tavsiye ediyoruz.....","Mutlu ,huzurlu, sakin ve sorunsuz bir tatil isteyen herkese tavsiye ederiz",5,Eki 2022,,Ekim 2022,Çift olarak seyahat etti,,,,,,1 katkı
Green Bay Resort & Spa,"Otelin konumu ve doğası çok güzeldi, hijyen üst düzeydeydi. Bu benim için çok önemlidir. Odada küçük bir saç teli görsem orada kalamam. Böyle bir şey asla yoktu. İlk girdiğimizde bize verilen oda çok küçük geldi gözümüze, bu durumu otel yetkililerine bildirdik, sezon dışı olduğu ve müsaitlik de bulunduğu için misafir ilişkilerinden Sevcan Hanım hemen ilgilendi ve odamızı aile odası ile değiştirdi. Otel personelinin hepsi müşteri memnuniyeti için ellerinden geleni yapıyorlar. Otelin Genel Müdürü Ahmet bey sürekli otel içinde dolaşıp, bir sorun varsa çözmeye çalışıyor. Son gün kendisi ile tanıştık, yaşadığımız aksaklıktan, getirilen çözümden haberi vardı. Bu bizi gerçekten çok şaşırttı. Her konu ile bu kadar ilgili bir yönetici ilk kez gördük:) Otelin yemekleri de gayet başarılı, deniz ürünleri ala carte restoranını kullandık, orası da oldukça üst düzeydeydi. Hiç düşünmeden gelebilirsiniz, kesinlikle tavsiye ederim.",Mükemmel bir tesis,5,Eki 2022,,Ekim 2022,Çift olarak seyahat etti,,,,,,6 katkı
Green Bay Resort & Spa,"Otelin konumu ve doğası çok iyi. Saklı bir koyun içerisinde konum olarak. Denizi ise dalgasız. Yemekleri de gerçekten oldukça başarılı. Hem çeşit hem lezzet olarak üst düzey bir seviyede. Çok kaliteli malzeme ve aşçılık var. Odaları ve genel olarak otelin ortak alanları son derece temiz. Tebrik ederim. Otele girdiğimiz zaman odamızla ilgili yaşadığımız küçük bir problem vardı, yaklaşık 5 dakika geçmeden direkt olarak çözüm sunuldu. Konakladığımız süre boyunca da sürekli olarak memnuniyetimiz yakından takip edildi. Gerçekten oldukça proaktif bir hizmet anlayışına sahipler. Sırf bu yaklaşımları için bile gözü kapalı rahatlıkla bu oteli seçebilirsiniz. Misafir İlişkilerinden sorumlu Sevcan Hanım bize çok yardımcı oldu. Her konuda çözümcü biri. Kendisine özellikle teşekkür ederiz zaten güzel olan bir tesisi hizmet anlayışları ile çok güzel bir deneyime dönüştürüyorlar....",Mükemmel bir deneyim !,5,Eki 2022,"İstanbul, Türkiye",Ekim 2022,Çift olarak seyahat etti,,,,,,1 katkı
Green Bay Resort & Spa,"Değerli Misafirimiz Emel N, Crystal Green Bay Resort & Spa'daki deneyiminizi paylaştığınız için teşekkür ederiz. Değerli bir Misafir olarak geri bildiriminiz; ilham vermeye ve motive etmeye devam etmek için ekiple paylaşılacaktır. Crystal Green Bay Resort & Spa'da kaldığınız için teşekkür ederiz ve seyahatiniz sizi Bodrum'a geri getirdiğinde bizimle tekrar kalmayı seçeceğinizi umuyoruz.. Saygılarımla Ahmet DERİN İşletme Müdürü",Efsane tatil,5,Eki 2022,"İzmir, Türkiye",Ekim 2022,Aileyle seyahat etti,,,,,,1 katkı
Green Bay Resort & Spa,"Değerli Misafirimiz Çağrı U, Crystal Green Bay Resort & Spa'daki deneyiminizi paylaştığınız için teşekkür ederiz. Değerli bir Misafir olarak geri bildiriminiz; ilham vermeye ve motive etmeye devam etmek için ekiple paylaşılacaktır. Crystal Green Bay Resort & Spa'da kaldığınız için teşekkür ederiz ve seyahatiniz sizi Bodrum'a geri getirdiğinde bizimle tekrar kalmayı seçeceğinizi umuyoruz.. Saygılarımla Ahmet DERİN İşletme Müdürü",Harika tatil ve harika otel,5,Eki 2022,"Antakya, Türkiye",Ekim 2022,Çift olarak seyahat etti,,,,,,1 katkı
Green Bay Resort & Spa,"Değerli Misafirimiz, Crystal Green Bay Resort & Spa'daki deneyiminizi paylaştığınız için teşekkür ederiz. Değerli bir Misafir olarak geri bildiriminiz; ilham vermeye ve motive etmeye devam etmek için ekiple paylaşılacaktır. Crystal Green Bay Resort & Spa'da kaldığınız için teşekkür ederiz ve seyahatiniz sizi Bodrum'a geri getirdiğinde bizimle tekrar kalmayı seçeceğinizi umuyoruz.. Saygılarımla Ahmet DERİN İşletme Müdürü",En güzel tatillerimizden biriydi,5,Eki 2022,,Ekim 2022,Arkadaşlarla seyahat etti,,,,,,2 katkı
Green Bay Resort & Spa,"Değerli Misafirimiz, Crystal Green Bay Resort & Spa'daki deneyiminizi paylaştığınız için teşekkür ederiz. Değerli bir Misafir olarak geri bildiriminiz; ilham vermeye ve motive etmeye devam etmek için ekiple paylaşılacaktır. Crystal Green Bay Resort & Spa'da kaldığınız için teşekkür ederiz ve seyahatiniz sizi Bodrum'a geri getirdiğinde bizimle tekrar kalmayı seçeceğinizi umuyoruz.. Saygılarımla Ahmet DERİN İşletme Müdürü",Gurbetçi Tatili,5,Eki 2022,,Ekim 2022,Tek başına seyahat etti,,,,,,1 katkı
Green Bay Resort & Spa,"Özellikle benim için odanın temizliği çok önemliydi :) isimlerini de sordum, tanıştım Omur Bagci, Seher Katirci ablalarım bana evimdeki temizliği ve huzuru yaşattı diyebilirim... tertemiz bir odada konakladık. Buradan da tekrar teşekkür ediyorum. Lobby bardaki Efsan Hanım kahve konusunda beni kurtardı :) ellerine sağlık. oteldeki en güzel filtre kahve lobby bar'da. Bizi karşılayan Ayşegül Hanım ah neşeniz hiç bozulmasın çok teşekkürler her şey için. Genel olarak memnun ayrıldık. Çok yemek çeşidi ile asla aç kalmazsınız, damak tadınıza göre beğeni değişebilir ben vejeteryan biri olarak aç kalmadım ve memnun kaldım. Özellikle baklavaları denemelisiniz!!! Ustaya özellikle teşekkür ettik, buradan da yazmak isterim :) Otelde geniş bir alan var, şezlong bulmakta sorun yaşamıyorsunuz asla... havuzlardan ya da sahil kesiminden bir alanı tercih edebilirsiniz... biz hiç sorun yaşamadık. Evet, gitmeden de okumuştum deniz bulanık ama bir koydaki otele gidiyorsanız bunu zaten bilerek gidersiniz... Bizim için sorun değildi ki bu zaten otel ile ilgili bir sorun değil bu bence. Az biraz arılar var ama istediğinizde hemen gelip kahve yakıyorlar bir nebze yardımı oluyor. Çalışanlar hep elinden geleni yapıyor. Ve çocuklar için ayrı mekanlar ve yemek saatleri bile düşünülmüş. Hem çocuklu aileler hem de çocuksuzlar için bence çok nazik bir düşünce. akşamları da hiç sıkılmadık... sahanın 3ünde bile sahilde uzanmak, sohbet ve bir şeyler içmek gayet güzeldi. Genelde yabancıların tercih ettiği bir otel ama kendi vatandaşına da aynı kalitede hizmet veriyor. Sadeceeee 1 tshirt yıkama ve ütüleme 6 euro olmamalıydı sanki :)) fakat buna da hayat şartları ve artan fiyatlara artık şaşırmamalıyız diyerek geçiyoruz. Bence gidilebilir ve keyifli zaman geçirebileceğiniz bir otel. Tatilimiz boyunca (1 hafta) otelden çıkma ihtiyacı hissetmedik.",mutlu bir tatil :),4,Eki 2022,"İstanbul, Türkiye",Ekim 2022,,,,,,,5 katkı
Green Bay Resort & Spa,"Değerli Misafirimiz Mert Bey, Crystal Green Bay Resort & Spa'daki deneyiminizi paylaştığınız için teşekkür ederiz. Değerli bir Misafir olarak geri bildiriminiz; ilham vermeye ve motive etmeye devam etmek için ekiple paylaşılacaktır. Crystal Green Bay Resort & Spa'da kaldığınız için teşekkür ederiz ve seyahatiniz sizi Bodrum'a geri getirdiğinde bizimle tekrar kalmayı seçeceğinizi umuyoruz.. Saygılarımla Ahmet DERİN İşletme Müdürü",Tatil,5,Eki 2022,"Bursa, Türkiye",Eylül 2022,Aileyle seyahat etti,,,,,,1 katkı
Green Bay Resort & Spa,"Değerli Misafirimiz Emre Yılmaz, Crystal Green Bay Resort & Spa'daki deneyiminizi paylaştığınız için teşekkür ederiz. Değerli bir Misafir olarak geri bildiriminiz; ilham vermeye ve motive etmeye devam etmek için ekiple paylaşılacaktır. Crystal Green Bay Resort & Spa'da kaldığınız için teşekkür ederiz ve seyahatiniz sizi Bodrum'a geri getirdiğinde bizimle tekrar kalmayı seçeceğinizi umuyoruz.. Saygılarımla Ahmet DERİN İşletme Müdürü",HARİKA BİR TATİL DENEYİMİ,5,Eki 2022,,Eylül 2022,Çift olarak seyahat etti,,,,,,2 katkı
Green Bay Resort & Spa,Otele ilk geldiğimiz andan itibaren genel müdür Ahmet bey gerek güler yüzü gerek ilgi alakası ile bizi çok güzel karşıladı. FB müdürü Orhan beyle hemen temasa geçerek isteklerimiz doğrultusunda bize yardımcı olması istendi. Otelin animasyon ekibinden tutun diğer bütün personeli her konuda ilgili ve hemen her konuda yardımcı oluyorlar. Odalar her gün temizleniyor çarşaflar değişiyor.Yemekleri gayet iyi. Otelin konumu mükemmel bir koyda kafa dinlemek bol bol yüzmek için çok ideal. Yalnız otele ilk geldiğinizde kıyıdan denize baktığınızda denizin dibi gözükmüyor diye telaşa kapılmayın deniz gayet temiz onunla ilgili de bize hemen açıklama yapıldı. Çok keyifli bir dört gün geçirdik ve çok memnun kaldık. Kesinlikle tavsiye ediyorum.,Tatil,5,Eki 2022,"Muğla İli, Türkiye",Ekim 2022,Arkadaşlarla seyahat etti,,,,,,1 katkı
Green Bay Resort & Spa,"Değerli Misafirimiz Luket, Crystal Green Bay Resort & Spa'daki deneyiminizi paylaştığınız için teşekkür ederiz. Değerli bir Misafir olarak geri bildiriminiz; ilham vermeye ve motive etmeye devam etmek için ekiple paylaşılacaktır. Crystal Green Bay Resort & Spa'da kaldığınız için teşekkür ederiz ve seyahatiniz sizi Bodrum'a geri getirdiğinde bizimle tekrar kalmayı seçeceğinizi umuyoruz.. Saygılarımla Ahmet DERİN İşletme Müdürü",Konumu müthiş,5,Eki 2022,"Antalya, Türkiye",Ekim 2022,Çift olarak seyahat etti,,,,,,1 katkı
Green Bay Resort & Spa,"Değerli Misafirimiz Hlafbia, Crystal Green Bay Resort & Spa'daki deneyiminizi paylaştığınız için teşekkür ederiz. Değerli bir Misafir olarak geri bildiriminiz; ilham vermeye ve motive etmeye devam etmek için ekiple paylaşılacaktır. Crystal Green Bay Resort & Spa'da kaldığınız için teşekkür ederiz ve seyahatiniz sizi Bodrum'a geri getirdiğinde bizimle tekrar kalmayı seçeceğinizi umuyoruz.. Saygılarımla Ahmet DERİN İşletme Müdürü",Mükemmel,5,Eki 2022,,Ekim 2022,Çift olarak seyahat etti,,,,,,2 katkı
Green Bay Resort & Spa,"Değerli Misafirimiz, Crystal Green Bay Resort & Spa'daki deneyiminizi paylaştığınız için teşekkür ederiz. Değerli bir Misafir olarak geri bildiriminiz; ilham vermeye ve motive etmeye devam etmek için ekiple paylaşılacaktır. Crystal Green Bay Resort & Spa'da kaldığınız için teşekkür ederiz ve seyahatiniz sizi Bodrum'a geri getirdiğinde bizimle tekrar kalmayı seçeceğinizi umuyoruz.. Saygılarımla Ahmet DERİN İşletme Müdürü",Beklentimizin üstüne çıktı 2022,5,Eyl 2022,"Bodrum City, Türkiye",Ağustos 2022,İş için seyahat etti,,,,,,14 katkı
Green Bay Resort & Spa,"Değerli Misafirimiz Ayca O, Crystal Green Bay Resort & Spa'daki deneyiminizi paylaştığınız için teşekkür ederiz. Değerli bir Misafir olarak geri bildiriminiz; ilham vermeye ve motive etmeye devam etmek için ekiple paylaşılacaktır. Denizimiz 3 tarafı kapalı koy olması ve sirkülasyon olmamasından dolayı tamamen doğal yapısı itibariyle bulanık bir yapıya sahiptir. Crystal Green Bay Resort & Spa'da kaldığınız için teşekkür ederiz ve seyahatiniz sizi Bodrum'a geri getirdiğinde bizimle tekrar kalmayı seçeceğinizi umuyoruz.. Saygılarımla Ahmet DERİN İşletme Müdürü",Eğlence harikaydı. Cok tesekkurler,5,Eyl 2022,"İzmir, Türkiye",Eylül 2022,Aileyle seyahat etti,,,,,,1 katkı
Green Bay Resort & Spa,"Değerli Misafirimiz Sercan Bekeb, Crystal Green Bay Resort & Spa'daki deneyiminizi paylaştığınız için teşekkür ederiz. Değerli bir Misafir olarak geri bildiriminiz; ilham vermeye ve motive etmeye devam etmek için ekiple paylaşılacaktır. Crystal Green Bay Resort & Spa'da kaldığınız için teşekkür ederiz ve seyahatiniz sizi Bodrum'a geri getirdiğinde bizimle tekrar kalmayı seçeceğinizi umuyoruz.. Saygılarımla Ahmet DERİN İşletme Müdürü",Eğlence oteli tatilimiz harika gecti,5,Eyl 2022,,Eylül 2022,Aileyle seyahat etti,,,,,,1 katkı
Green Bay Resort & Spa,"CRYSTAL GREEN BAY OTELİNE REZERVASYON YAPTIRMAK İSTEYENLER İÇİN AYRINTILI OLARAK YAZIYORUM. GÜZEL YORUMLARA ALDANMAYIN PİŞMAN OLURSUNUZ. O YORUMLARIN NASIL YAZILDIĞINI PAYLAŞMAYACAĞIM. 1) YEMEKLER; Her gün aynı yemekler var. Hatta bir önceki günden kalan yemekler bile var çünkü tavukların renkleri kararmış taze değil. Her gün marketlerde satılan donuk döner ve köfte var. Yemeklerin hiç birinde tat asla yok. Yemeklerden 2 kere zehirlendim arabasız gidecek olanlar dikkat en yakın hastane 20-30 km uzaklıkta. Her öğünden sonrada midenizde yanma olmasına hazırlıklı olun çünkü kullanılan yağlar kalitesiz renkleri kararmış. YEMEK KONUSUNDA OTELİN PROBLEMLERİ BÜYÜK! Bu arada her ne kadar kötü olursa olsun yerim diyenler için şunuda belirteyim otelin her köşesinde arılar var özellikle restaurant bölümünde arılardan dolayı yemek yemeniz çok zor. (Bu arada bildiğiniz küçük arılardan değil büyük arılar) 2) TEMİZLİK; Odaların temizliği fena değil fakat odalardaki gider kokusu inanılmaz rahatsız edici. Kokudan dolayı odada çok vakit geçirmek istemeyeceksiniz. 3) PERSONEL; Çalışanların çoğu stajyer öğrenci. Tecrübesiz, yüzünüze bile bakmıyorlar(bazıları hariç), yemekte servisinizin açılması çok geç olacak ve malesef içeceklerinizi de çoğu zaman kalkıp kendiniz alacaksınız. 4) İÇEÇEK ve ALKOL; Alkollerin kalitesi berbat bira içenler bol sulu fıçı bira içebilirsiniz. Vodka, viski, şarap gibi alkol sevenler en ucuz markaların olduğunu bilsin çoğu yerli zaten normalde gidip marketten para verip almayacağınız markalar. Diğer soft içeceklerde fıçı bu yüzden tatsız ve gazsız şişe, kutu gibi içecekler yok. Sabahları portakal suyu içmek isterseniz kahvaltıya erken gidin çünkü kısa süre sonra kalmadı diyorlar. 5) EĞLENCE; Gündüz basit şeyler var çok bişey beklemeyin. Akşam hiç bişey beklemeyin otelin diskosu veya eğlenebileceğiniz bir yeri yok sadece bazı akşamlar canlı müzik oluyor onlarda çok iyi değil zaten. Erken saatte uyumak için odanızın yolunu tutacaksınız. Teşekkür etmem gereken tek kişi misafir ilişkilerinde çalışan Can’dır. Adı gibi kendide öyle stajyer olmasına rağmen pırıl pırıl işini iyi yapan tek kişi. SON KONUYA GELECEK OLURSAK YUKARIDA YAZDIĞIM SEBEPLERDEN DOLAYI OTELDEN ERKEN ÇIKMAYA KARAR VERDİK ÇÜNKÜ 2. KEZ ZEHİRLENME YAŞAYINCA 1 DAKİKA BİLE GEÇİRMEK İSTEMEDİK VE ERKEN ÇIKIŞ YAPTIK VE KALAN GÜNLERİN ÜCRETİ İADE EDİLMEYECEĞİ SÖYLENDİ BU NASIL BİR TERBİYESİZLİK O KADAR SORUN YAŞATIN BİZE BİRDE KALAN ÜCRETİ İADE ETMEYİN BU OTELE GİDECEKLER 100 KERE DÜŞÜNSÜN. KİMSE MEMNUN KALDIĞI OTELDEN ERKEN ÇIKIŞ YAPMAK İSTEMEZ SENEDE BİNLERCE KEZ TATİLE GİTMİYORUZ ONU DA SAYENİZDE REZİL BİR ŞEKİLDE GEÇİRDİK ÜSTÜNE DE KALAN GÜNÜN ÜCRETİNİ İADE ETMEYİZ DENDİ. BU YORUMUMU BELİRLİ SÜRELERLE TEKRAR TEKRAR YAZACAĞIM. BUNLARI BÜTÜN OTEL YORUM SİTELERİNE YAZACAĞIM VE TURİZM BAKANLIĞINADA İLETECEĞİM.",OTELDE HERŞEY BERBAT ASLA GİDİLMEZ,1,Eyl 2022,,Eylül 2022,Çift olarak seyahat etti,,,,,,1 katkı
Green Bay Resort & Spa,"Değerli Misafirimiz Ezgi Hanım, Crystal Green Bay Resort & Spa'daki deneyiminizi paylaştığınız için teşekkür ederiz. Değerli bir Misafir olarak geri bildiriminiz; ilham vermeye ve motive etmeye devam etmek için ekiple paylaşılacaktır. Crystal Green Bay Resort & Spa'da kaldığınız için teşekkür ederiz ve seyahatiniz sizi Bodrum'a geri getirdiğinde bizimle tekrar kalmayı seçeceğinizi umuyoruz.. Saygılarımla Ahmet DERİN İşletme Müdürü",Teşekkürler,4,Eyl 2022,,Eylül 2022,Aileyle seyahat etti,,,,,,4 katkı
Green Bay Resort & Spa,"Konum olarak güzel, denizi fena değil ama 3-4 adım attıktan sonra birden derinleşiyor, yüzme bilmeyen insanlar ve çocuklar için sıkıntılı bir durum. Şezlonglar gayet yeterli, havuzları da güzeldi. Plaj voleybolu olması güzeldi konaklama süresince her gün oynadım ama keşke voleybol topları düzgün olsaydı, yalnızca bir gün düzgün bir topla oynayabildik. Masa tenisi olması da güzeldi ancak raketler çok kötüydü, belki detay şeyler ama Crystal Green Bay Resort için bunların önemli detaylar olduğunu düşünüyorum. Yemek ve kahvaltıya gelecek olursak fazlasıyla çeşitlilik vardı, herkesin damak tadına hitap eden şeyler olduğunu düşünüyorum. Yemek konusunda tek sıkıntı bazı yemeklerin biraz soğuk olmasıydı, sıcak servis imkanı olsa mükemmel olabilirdi. Snack barın yemek saatleri dışında açık olması gerçekten harikaydı, yemeği kaçırsanız bile asla aç kalmıyorsunuz, snackte bile fazlasıyla çeşit vardı. Barlardaki kokteyller fena değildi, personelleri genel olarak iyiydi. Özellikle animatör ekibinden Can kardeşime teşekkür etmek istiyorum. Her gördüğünde selam verip ayaküstü bile olsa muhabbet ettik. Akşamları barda otururken masamıza uğrayıp bir sıkıntı olup olmadığını ve hal hatır sormadan hiç geçmedi. Gayet ilgiliydi. Otele dair ciddi rahatsızlık duyduğum tek bir konu var diyebilirim; o da animatör şefi, isminin Tolga olduğunu öğrendik. Otelde İngiliz 2 kadın misafir vardı, bahsettiğim arkadaş sürekli onlarlaydı. Bu durum aşırı derecede gözüme battı benim ve öğrendim ki yalnızca benim değil otelde tanışıp muhabbet ettiğimiz birçok misafirin de dikkatini çekmiş ve herkesi de rahatsız etmiş. Böyle bir otele hiç ama hiç yakışmıyor. Tolga Bey'le birebir muhabbetimiz hiç olmadı, hatta kendisini önce misafir sanmıştık sürekli İngiliz misafirlerle beraber olunca, sonradan karaoke gecesinde animatör şefi olduğunu öğrendik. Özetleyecek olursak animatör şefi dışında keyfimiz gayet yerindeydi, güzel bir tatil geçirdik. Teşekkürler...",Bazı çalışanlar ve tolere edilebilir olumsuzluklar dışında güzeldi,4,Eyl 2022,,Eylül 2022,Arkadaşlarla seyahat etti,,,,,,1 katkı
Green Bay Resort & Spa,Otelinizi ve işletmenizi deniz hariç çok beğendim servisler çalışanların ilgi ve Güler yüzü yemekler ve temizlik bizi çok memnun etti odadaki tv biraz daha büyük ve balkonlarda sineklik olabilirdi onun dışında temizlik 3.kat görevlisi Seçil hnm çok ilgiliydi ve bütün restoranlarda ki çalışanlar ve yemekler her şey çok iyi idi bir daha tercih etmek isterim eğer etmezsem tek sebep denizini hiç Kullanmamak olacaktır.Telekkür ederim..,Teşekkür,4,Eyl 2022,,Eylül 2022,Aileyle seyahat etti,,,,,,1 katkı
Green Bay Resort & Spa,"9-15 Eylül tarihlerinde 4 kişilik bir aile olarak burada ilk kez konakladık. ""Ultra Her Şey Dahil"" kavramının hakkını büyük ölçüde verdiğini söylemek mümkün. A La Carte restoranların bulunduğu bölümde yer alan havuzun daha sık temizlenmesi gerektiğini düşünsek de, otelin genel olarak hijyen konusunda çok çok başarılı olduğunu söylemeliyiz. Odalardan koridorlara, saunadan fitness alanına, restoranlardan barlara ve tabi ki ortak alanlarda yer alan tuvaletlere kadar her alanda örnek bir temizlik anlayışıyla içinize su serpiliyor. Açık büfedeki çeşitlilik, 24 saat titizlikle sunulan yiyecekler oldukça tatmin edici. Ancak bu otel en çok 2 temel özellikle öne çıkıyor; 1) Kalitesine yakışmayacak düzeyde hayal kırıklığı bir deniz. Maalesef oldukça bulanık ve balçık olduğunu söylemeliyiz. Girintisi sebebiyle bir nevi koy olduğundan devir daim de pek mümkün olmuyor. Bu otelin hizmet standardına ve çalışanların emeğine gölge düşüren bir eksiklik. Denizle ilgili sıkıntılar muhakkak giderilmeli ve otel eşsiz hâle getirilmeli. 2) Daha önce benzerine rastlamadığımız kadar güleryüzlü, nazik, yardımsever ve hoşsohbet çalışanlar. 4.8 Feet Bar'dan Aysel, Sümeyye, Bora, Onur ve şefleri Ahmet Bey'in çalışkan, her daim pozitif ve samimi yaklaşımları, Snack Bar'dan Mehmet ve Mustafa'nın yardımseverlikleri, restoran bölümünden Tuncay'ın nazik ve kibar üslubu ve beyefendiliği için ne kadar teşekkür etsek az. Daha önce kaldığımız hiçbir yerde bu kadar evimizde hissetmemiştik. İsmini bilhassa zikrettiğimiz bu arkadaşlara, sevgili müdür Murat Yaylacı'ya ve adını ne yazık ki bilmediğimiz ancak saygıda ve hizmette asla kusur etmemiş diğer tüm çalışanlara içtenlikle teşekkür ederiz. Bu işletmeyi kesinlikle çok yukarı taşıyorlar.",İşini Seven Pozitif Personel,5,Eyl 2022,"İstanbul, Türkiye",Eylül 2022,,,,,,,1 katkı
Green Bay Resort & Spa,"Dört yıldır aynı otele neden gidilir. Yılın tüm yorgunluğunu üzerinizden atan bir otel denizi havuzu, güler yüzlü çalışanları ve yemekleri ile aradığınız huzuru bulabilirsiniz.. Bodrum güvercinlikte gürültüden uzakta sakin huzurlu ama verdiğiniz paranın karşılığını almalıyım dediğiniz bir yer arıyorsanız bu otele şans verin... Sevdiklerinizle geçireceğiniz hatırlanası anılar için tatil gibisi yok tatil için de Crystal Green Bay Resort gibisi....",Neden gidilir,5,Eyl 2022,,Eylül 2022,Arkadaşlarla seyahat etti,,,,,,4 katkı
Green Bay Resort & Spa,"Değerli Misafirimiz Serap T, Crystal Green Bay Resort & Spa'daki deneyiminizi paylaştığınız için teşekkür ederiz. Değerli bir Misafir olarak geri bildiriminiz; ilham vermeye ve motive etmeye devam etmek için ekiple paylaşılacaktır. Crystal Green Bay Resort & Spa'da kaldığınız için teşekkür ederiz ve seyahatiniz sizi Bodrum'a geri getirdiğinde bizimle tekrar kalmayı seçeceğinizi umuyoruz.. Saygılarımla Ahmet DERİN İşletme Müdürü",4.sene,5,Eyl 2022,,Eylül 2022,Arkadaşlarla seyahat etti,,,,,,1 katkı
Green Bay Resort & Spa,"Değerli Misafirimiz Şenay T, Crystal Green Bay Resort & Spa'daki deneyiminizi paylaştığınız için teşekkür ederiz. Değerli bir Misafir olarak geri bildiriminiz; ilham vermeye ve motive etmeye devam etmek için ekiple paylaşılacaktır. Crystal Green Bay Resort & Spa'da kaldığınız için teşekkür ederiz ve seyahatiniz sizi Bodrum'a geri getirdiğinde bizimle tekrar kalmayı seçeceğinizi umuyoruz.. Saygılarımla Ahmet DERİN İşletme Müdürü",Personeller güler yüzlü,5,Eyl 2022,,Eylül 2022,Aileyle seyahat etti,,,,,,1 katkı
Green Bay Resort & Spa,"Değerli Misafirimiz Ayda Y, Crystal Green Bay Resort & Spa'daki deneyiminizi paylaştığınız için teşekkür ederiz. Değerli bir Misafir olarak geri bildiriminiz; ilham vermeye ve motive etmeye devam etmek için ekiple paylaşılacaktır. Crystal Green Bay Resort & Spa'da kaldığınız için teşekkür ederiz ve seyahatiniz sizi Bodrum'a geri getirdiğinde bizimle tekrar kalmayı seçeceğinizi umuyoruz.. Saygılarımla Ahmet DERİN İşletme Müdürü",Kusursuz Hizmet,5,Eyl 2022,,Eylül 2022,,,,,,,2 katkı
Green Bay Resort & Spa,"Değerli Misafirimiz Kadir E, Crystal Green Bay Resort & Spa'daki deneyiminizi paylaştığınız için teşekkür ederiz. Değerli bir Misafir olarak geri bildiriminiz; ilham vermeye ve motive etmeye devam etmek için ekiple paylaşılacaktır. Crystal Green Bay Resort & Spa'da kaldığınız için teşekkür ederiz ve seyahatiniz sizi Bodrum'a geri getirdiğinde bizimle tekrar kalmayı seçeceğinizi umuyoruz.. Saygılarımla Ahmet DERİN İşletme Müdürü",Ruya gibi..,5,Eyl 2022,,Eylül 2022,Arkadaşlarla seyahat etti,,,,,,1 katkı
Green Bay Resort & Spa,"Otelin konumu ve etrafındaki doğa ve deniz güzel, ancak genel olarak çok memnun kalmadık. Resepsiyondaki karşılanma çok kötüydü. Çalışanlar ya çok laubali ya da çok suratsız, arasını görmedik. Özellikle restorandaki çalışanlar silah zoruyla çalıştırılıyor gibiler. Bardaki bir çalışanın da yoğun bir anda misafirlerin duyabileceği şekilde ""ücretsiz olduğu için bu kadar içiyorlar, paralı olsa bu kadar talep olmaz"" dediğini duyduk. Barlarda sürekli bir şey bitmiş oluyor, barmenlerin çoğu da doğrudan menüde yazan kokteylleri bile yanlış yapıyordu. Bardaklar sürekli kirliydi, içlerinde siyah noktalar oluyordu. Yemekler epey lezzetsiz, tatlıların yarısı bayattı. Özellikle kremalı tatlılar akşam yemeğinde ekşimiş oluyordu. İki kişilik oda tutmamıza rağmen ilk verilen odada okul yurdu usulü ranza vardı. Kaldırılabilir mi diye sorduğumuzda da çalışan ""çok zor"" dedi sadece. Resepsiyona gidip odanın değiştirilmesini istediğimizde yine laubali bir tepki aldık ama sonunda değiştirildi. Doğayla iç içe olmanın bir kötü yanı da var, arı ve sinekler. Özellikle yemek alanında arılar çok rahatsız ediyor, buraların ilaçlanması gerekir. Denizi hemen derinleşiyor ve dibi görünmüyor ama gerçekten güzeldi. Koy olduğu için dalga hiç yok, su sıcaklığı da çok iyiydi. Havuzlar da iyiydi. Sadece +16 olması gereken havuz ve deniz alanlarında yine çocuk oluyor, biraz laf olsun diye koyulmuş bölgeler.","Güzel deniz, kötü işletme",3,Eyl 2022,,Eylül 2022,,,,,,,1 katkı
Green Bay Resort & Spa,"Değerli Misafirimiz Berna D, Crystal Green Bay Resort & Spa'daki deneyiminizi paylaştığınız için teşekkür ederiz. Değerli bir Misafir olarak geri bildiriminiz; ilham vermeye ve motive etmeye devam etmek için ekiple paylaşılacaktır. Crystal Green Bay Resort & Spa'da kaldığınız için teşekkür ederiz ve seyahatiniz sizi Bodrum'a geri getirdiğinde bizimle tekrar kalmayı seçeceğinizi umuyoruz. Saygılarımla Ahmet DERİN İşletme Müdürü",Crystal Green bay mükemmel bir tatil yeri,5,Eyl 2022,,Eylül 2022,Aileyle seyahat etti,,,,,,3 katkı
Green Bay Resort & Spa,"Değerli Misafirimiz Özkan bey, Crystal Green Bay Resort & Spa'daki deneyiminizi paylaştığınız için teşekkür ederiz. Değerli bir Misafir olarak geri bildiriminiz; ilham vermeye ve motive etmeye devam etmek için ekiple paylaşılacaktır. Crystal Green Bay Resort & Spa'da kaldığınız için teşekkür ederiz ve seyahatiniz sizi Bodrum'a geri getirdiğinde bizimle tekrar kalmayı seçeceğinizi umuyoruz. Saygılarımla Ahmet DERİN İşletme Müdürü",Tavsiye ederim,4,Eyl 2022,"İstanbul, Türkiye",Eylül 2022,Çift olarak seyahat etti,,,,,,6 katkı
Green Bay Resort & Spa,"Değerli Misafirimiz Pathfinder535870, Crystal Green Bay Resort & Spa'daki deneyiminizi paylaştığınız için teşekkür ederiz. Değerli bir Misafir olarak geri bildiriminiz; ilham vermeye ve motive etmeye devam etmek için ekiple paylaşılacaktır. Crystal Green Bay Resort & Spa'da kaldığınız için teşekkür ederiz ve seyahatiniz sizi Bodrum'a geri getirdiğinde bizimle tekrar kalmayı seçeceğinizi umuyoruz. Saygılarımla Ahmet DERİN İşletme Müdürü",Balayı tatili için ideal bir otel.,5,Eyl 2022,,Eylül 2022,Aileyle seyahat etti,,,,,,3 katkı
Green Bay Resort & Spa,"Değerli Misafirimiz Tolgahan M, Crystal Green Bay Resort & Spa'daki deneyiminizi paylaştığınız için teşekkür ederiz. Değerli bir Misafir olarak geri bildiriminiz; ilham vermeye ve motive etmeye devam etmek için ekiple paylaşılacaktır. Crystal Green Bay Resort & Spa'da kaldığınız için teşekkür ederiz ve seyahatiniz sizi Bodrum'a geri getirdiğinde bizimle tekrar kalmayı seçeceğinizi umuyoruz. Saygılarımla Ahmet DERİN İşletme Müdürü",Güleryüz,5,Eyl 2022,,Eylül 2022,Arkadaşlarla seyahat etti,,,,,,2 katkı
Green Bay Resort & Spa,"Değerli Misafirimiz Elvin, Crystal Green Bay Resort & Spa'daki deneyiminizi paylaştığınız için teşekkür ederiz. Değerli bir Misafir olarak geri bildiriminiz; ilham vermeye ve motive etmeye devam etmek için ekiple paylaşılacaktır. Crystal Green Bay Resort & Spa'da kaldığınız için teşekkür ederiz ve seyahatiniz sizi Bodrum'a geri getirdiğinde bizimle tekrar kalmayı seçeceğinizi umuyoruz. Saygılarımla Ahmet DERİN İşletme Müdürü",Mükemel bir tatil,5,Eyl 2022,,Eylül 2022,Arkadaşlarla seyahat etti,,,,,,1 katkı
Green Bay Resort & Spa,"Değerli Misafirimiz Ferhat Ç, Crystal Green Bay Resort & Spa'daki deneyiminizi paylaştığınız için teşekkür ederiz. Değerli bir Misafir olarak geri bildiriminiz; ilham vermeye ve motive etmeye devam etmek için ekiple paylaşılacaktır. Crystal Green Bay Resort & Spa'da kaldığınız için teşekkür ederiz ve seyahatiniz sizi Bodrum'a geri getirdiğinde bizimle tekrar kalmayı seçeceğinizi umuyoruz. Saygılarımla Ahmet DERİN İşletme Müdürü",Guleryuzlu hizmet,5,Eyl 2022,,Eylül 2022,Arkadaşlarla seyahat etti,,,,,,1 katkı
Green Bay Resort & Spa,"Değerli Misafirimiz Mert B, Crystal Green Bay Resort & Spa'daki deneyiminizi paylaştığınız için teşekkür ederiz. Değerli bir Misafir olarak geri bildiriminiz; ilham vermeye ve motive etmeye devam etmek için ekiple paylaşılacaktır. Değinmiş olduğunuz konu hakkında gerekli notlar alınmış olup ilgili departman bilgilendirilmiştir. En yakın zamanda konuyla ilgili çalışmalarımız olacaktır. Crystal Green Bay Resort & Spa'da kaldığınız için teşekkür ederiz ve seyahatiniz sizi Bodrum'a geri getirdiğinde bizimle tekrar kalmayı seçeceğinizi umuyoruz. Saygılarımla Ahmet DERİN İşletme Müdürü",Mükemmel bir tatil !,5,Eyl 2022,"Amsterdam, Hollanda",Eylül 2022,,,,,,,5 katkı
Green Bay Resort & Spa,"İlk önce genel müdür Ahmet Derin beye defalarca teşekkür etmek istiyorum özel ilgi alakası sayesinde mükkemmel bir tatil geçirdik, otelin en can alıcı yeri denizi tamamen size ait koca bir koy var ve her zaman çarşaf gibi. İçecekler mükemmel barmen arkadaşlar çok nazik ve düşünceli çeşit çeşit kokteyl yaptılar bize özel. Yemekler aşşırı lezzetliydi yemeye doyamadık özellikle ala carte menüsü harika. Crystal Greenbay ailesine çok teşekkür ederiz seneye görüşmek üzere!!",Muhteşem bir tatildi!,5,Eyl 2022,,Eylül 2022,Arkadaşlarla seyahat etti,,,,,,1 katkı
Green Bay Resort & Spa,"Değerli Misafirimiz Eda Hanım, Crystal Green Bay Resort & Spa'daki deneyiminizi paylaştığınız için teşekkür ederiz. Değerli bir Misafir olarak geri bildiriminiz; ilham vermeye ve motive etmeye devam etmek için ekiple paylaşılacaktır. Crystal Green Bay Resort & Spa'da kaldığınız için teşekkür ederiz ve seyahatiniz sizi Bodrum'a geri getirdiğinde bizimle tekrar kalmayı seçeceğinizi umuyoruz. Saygılarımla Ahmet DERİN İşletme Müdürü",Güzel bir 5 gün…,5,Eyl 2022,,Eylül 2022,Çift olarak seyahat etti,,,,,,4 katkı
Green Bay Resort & Spa,"Değerli Misafirimiz Mertcan L, Crystal Green Bay Resort & Spa'daki deneyiminizi paylaştığınız için teşekkür ederiz. Değerli bir Misafir olarak geri bildiriminiz; ilham vermeye ve motive etmeye devam etmek için ekiple paylaşılacaktır. Crystal Green Bay Resort & Spa'da kaldığınız için teşekkür ederiz ve seyahatiniz sizi Bodrum'a geri getirdiğinde bizimle tekrar kalmayı seçeceğinizi umuyoruz.. Saygılarımla Ahmet DERİN İşletme Müdürü",Mükemmel,5,Eyl 2022,,Eylül 2022,Arkadaşlarla seyahat etti,,,,,,1 katkı
Green Bay Resort & Spa,"Bu otelde 3Eylül-10 Eylül arası 1 çift olarak kaldık, otelin hem artıları hem eksileri var. Otel Güvercinlik koyunda da önce kendine ait bir koyda, çam ormanları içinde tek ve büyük bir otel . Bodruma çok uzak dolmuş yok gibi taksi ise çok yazıyor, Otelin bulunduğu geniş koy rüzgara kapalı dolayısı ile her zaman sakin ve dalgasız hem de sıcak. Benim için deniz ve kumsal bir otelde aradığım en önemli kriterler , gelmeden önce denizin bulanık oluğunu okumuştum, biraz tereddütle geldim, ancak deniz bulanık gibi görülmesine rağmen gerçekten tertemiz, uzun zaman kalıp yüzebilirsiniz bu durum benim gerçekten hoşuma gitti. Plaj çok geniş hiçbir zaman diğer otellerdeki gibi erken kalkıp havlu atmanıza gerek yok, zaten havlu kartı falan da yok dilediğiniz zaman dilediğiniz kadar havlu alabilirsiniz. Otelde 24 saat çok yiyecek ve içecek var, bir çok barı var, harika kokteyller yapıyorlar. Kahvaltıda peynirler kaliteli, hem boyoz hem pişi hem de çeşitli tatlı tuzlu çeşitler oluyor. Açık büfelerdeki yemekler de kaliteli her gün somon füme vardı biz oradayken. İçkiler de kaliteli mesela yeni rakı var , Acık büfede aynı anda Tandırından tutun, hem et yemekleri hem tavuk hem balık oluyor, biz 7 gün kaldık 1 akşam balık restoranına gittik tavsiye ederim, ortamı da yemekler de güzeldi. Plajda çok fazla küçük bebekli aile vardı, bu kadar çok minik bebeği aynı anda görmemiştim, bebeklerin biri susuyor biri ağlıyordu, ama plajda sakin bölgeler de bulmak mümkün. Akşamları showlar veya canlı müzik vardı ama beğendiğimizi söyleyemeyeceğim Odalar rahat ama House keeping biraz sorunlu, odamızın temizliği yapılmadığı için 3 sefer resepsiyonu aradık. Ancak genel olarak dinlendik, yedik içtik ve bol bol denize girdik, nasıl bir tatil beklentisi içinde olduğunuza göre tavsiye derim.",Dinlenmek için ideal,4,Eyl 2022,"İstanbul, Türkiye",Eylül 2022,,,,,,,3 katkı
Green Bay Resort & Spa,"Değerli Misafirimiz Burcu Girgin, Crystal Green Bay Resort & Spa'daki deneyiminizi paylaştığınız için teşekkür ederiz. Değerli bir Misafir olarak geri bildiriminiz; ilham vermeye ve motive etmeye devam etmek için ekiple paylaşılacaktır. Crystal Green Bay Resort & Spa'da kaldığınız için teşekkür ederiz ve seyahatiniz sizi Bodrum'a geri getirdiğinde bizimle tekrar kalmayı seçeceğinizi umuyoruz. Saygılarımla Ahmet DERİN İşletme Müdürü",Eğlendim,5,Eyl 2022,,Eylül 2022,Arkadaşlarla seyahat etti,,,,,,1 katkı
Green Bay Resort & Spa,"Değerli Misafirimiz Ezel K, Crystal Green Bay Resort & Spa'daki deneyiminizi paylaştığınız için teşekkür ederiz. Değerli bir Misafir olarak geri bildiriminiz; ilham vermeye ve motive etmeye devam etmek için ekiple paylaşılacaktır. Crystal Green Bay Resort & Spa'da kaldığınız için teşekkür ederiz ve seyahatiniz sizi Bodrum'a geri getirdiğinde bizimle tekrar kalmayı seçeceğinizi umuyoruz. Saygılarımla Ahmet DERİN İşletme Müdürü",Tatil,5,Eyl 2022,,Eylül 2022,Aileyle seyahat etti,,,,,,3 katkı
Green Bay Resort & Spa,"Biz ailece gittik ve otelden cok memnun kaldik barlarindan restoranina , havuzundan denizine ve ozellikle mini club una bayildik. Cocugumuzun keyifli zaman gecirmesi cok onemliydi ve mini clubda ki tum arkadaslar cok ilgiliydiler. Baris , Raya , Sezin , Teslime , Seçil , Katty hepsine cok ama cok tesekkur ederim. Gönül rahatligiyla tatilinizi bu otelde gecirebilirsiniz.",Güzel bir otel,5,Eyl 2022,,Eylül 2022,Aileyle seyahat etti,,,,,,1 katkı
Green Bay Resort & Spa,Yorum yaptığım nadir otellerden biri. Doğasına manzarasına yemeklerine eğlencelerine hayran kaldık. feetbardaki Onur ve Eyüp e de selamlar sevgiler. Animasyon ekibindeki tüm çocuklara selam olsun.Her yaş grubuna uygun etkinlikler düzenleyip bizimle ilgilendiğiniz için. Dada Özge Merve Beyza Riyad Kadir ve tüm otel ekibine teşekkür ederiz Yolunuz açık olsun tekrar görüşmek dileğiyle,Bodrum'un en güzel oteli,5,Eyl 2022,,Eylül 2022,Çift olarak seyahat etti,,,,,,1 katkı
Green Bay Resort & Spa,Kızımın tavsiyesi ile geldik hem çok keyifliydi hem çok huzurluydu tatilimiz. Snack bardaki fastfoodlar efsaneydi. Mutfak ekibine teşekkürler. Hem eşime hem bana uygun aktiviteler vardı. Animasyon ekibi çok sıcakkanlı çok eğlenceliler. Merve Riyad Beyza Özge Dada sizlere selam olsun aynı zamanda Dj Kadir eşimin istek şarkılarını reddetmeden caldigin için çok sağol hepsi evladımız gibi oldu.Odalar da gayet konforluydu klima konusunda da hiç problem yaşamadık Akşamları da yurtdışından gelen danscilar ile hep birlikte eğlendik harikaydı memnuniyetle tüm eşe dosta tavsiye edeceğiz teşekkürler Crystal Ailesi,Huzurlu ve Keyifli Tatil,5,Eyl 2022,,Eylül 2022,Çift olarak seyahat etti,,,,,,3 katkı
Green Bay Resort & Spa,"Değerli Misafirimiz İbrahim B, Crystal Green Bay Resort & Spa'daki deneyiminizi paylaştığınız için teşekkür ederiz. Değerli bir müşteri olarak geri bildiriminiz; istisnai müşteri hizmeti sunmak, ilham vermeye ve motive etmeye devam etmek için ekiple paylaşılacaktır. Crystal Green Bay Resort & Spa'da kaldığınız için teşekkür ederiz ve seyahatiniz sizi Bodrum'a geri getirdiğinde bizimle tekrar kalmayı seçeceğinizi umuyoruz. Saygılarımla Ahmet DERİN İşletme Müdürü",Güzel bir tatil,5,Eyl 2022,,Eylül 2022,Aileyle seyahat etti,,,,,,2 katkı
Green Bay Resort & Spa,"Değerli Misafirimiz Rotinda T, Crystal Green Bay Resort & Spa'daki deneyiminizi paylaştığınız için teşekkür ederiz. Değerli bir müşteri olarak geri bildiriminiz; istisnai müşteri hizmeti sunmak, ilham vermeye ve motive etmeye devam etmek için ekiple paylaşılacaktır. Crystal Green Bay Resort & Spa'da kaldığınız için teşekkür ederiz ve seyahatiniz sizi Bodrum'a geri getirdiğinde bizimle tekrar kalmayı seçeceğinizi umuyoruz. Saygılarımla Ahmet DERİN İşletme Müdürü",Güzel tatildi,5,Eyl 2022,,Eylül 2022,Aileyle seyahat etti,,,,,,1 katkı
Green Bay Resort & Spa,"Değerli Misafirimiz İlker Y, Tatiliniz için Crystal Green Bay Resort & Spa’yı tercih ettiğiniz için teşekkür ederiz. Crystal markasını tatil programınıza eklemeniz ve bu güzel yorumlarınız bizler için birer motivasyon kaynağıdır. Denizimiz 3 tarafı kapalı koy olması itibariyle doğal yapısından dolayı bulanık bir yapıya sahiptir. Tesisimizi bir sonraki ziyaretinizde söz konusu memnuniyetsizliğinizin giderilmiş olması ile ilgili her türlü çabayı sarf edeceğimizi, sizleri tekrar aramızda görmekten onur duyacağımızı bilmenizi isteriz. Tekrar görüşmek dileğiyle Ahmet Derin İşletme Müdürü",Aile oteli,4,Eyl 2022,,Eylül 2022,Aileyle seyahat etti,,,,,,1 katkı
