otel_adi,yorum,hizmet,tarih,puan
Green Bay Resort & Spa Bodrum,"17 Temmuz tarihinde ailemle birlikte bu otelde konakladık. Maalesef daha ilk dakikalardan itibaren yaşadığımız deneyimler nedeniyle tatilimiz beklentimizin oldukça altında kaldı.
Otele giriş yaptıktan sonra odamızın 15-20 dakika içinde hazır olacağı söylenerek restorana yönlendirildik. Ancak restoranda karşılaştığımız manzara hiç hoş değildi. Birçok masada kirli tabak ve bardaklar duruyordu. İçeceklerimiz geldiğinde bardaklardan biri yıkanmamıştı, çorba kaselerinde kalıntılar vardı ve salatanın içinde toprak ile yabancı maddeler gördük. Durumu mutfak şefine ilettim, ilk kez yaşandığını söyledi ancak ilk günden hijyen konusunda güvenimiz sarsıldı.
Yaşananlardan sonra tatili iptal etmeyi düşündük. Ancak o dönem bölgede otel bulmak çok zordu ve bulabildiklerimiz yaklaşık 80-100 bin TL daha pahalıydı. Bu nedenle konaklamaya devam etmek zorunda kaldık.
Odamız temizdi ve bu konuda bir sorun yaşamadık. Fakat bize “sessiz oda” denilmesine rağmen çocuk aquaparkının hemen yanında konakladık. Her akşam yaklaşık 21.00’de başlayan müzik 23.00-23.30’a kadar sürdü ve odanın içinde hissedilecek kadar yüksekti.
Yemek çeşitliliği ve kalitesi de beklentimizin altındaydı. Dört akşam boyunca ızgara bölümünde neredeyse aynı menü vardı. Saat 20.30 civarında tatlılar bitiyor, neden yenilenmediğini sorduğumuzda ise “Bu saatten sonra gelen olmaz.” cevabını alıyorduk. Açık büfe bölümünde sinekler dolaşıyordu. Ayrıca bazı personelin servis sırasında kaşık veya maşa yerine eliyle yiyeceklere temas ettiğini gördüm. Uyardığımda bunun doğru olmadığını kabul etmelerine rağmen uygulama devam etti. Bu durum beni en çok rahatsız eden konulardan biri oldu.
Barda şişe soda istediğinizde “yok” deniliyor ancak bazı misafirlere veya görevlilere verildiğini görüyorsunuz. Bu da hizmet standardı açısından hoş bir izlenim bırakmadı.
Olumlu yönleri de söylemek isterim. Otelin koy içinde, ormanla iç içe konumu gerçekten çok güzel. Odamız her gün düzenli şekilde temizlendi. En büyük teşekkürü ise otelde canla başla çalışan genç personele etmek isterim. Sabah akşam aynı arkadaşları gördük; yoğun tempoya rağmen güler yüzlerini korumaya çalışıyorlardı. Yaşanan aksaklıkların sorumluluğunu onlara yüklemek doğru olmaz.
Açıkçası ETS Tur’daki 8,6 puanı görünce şaşırdım. Bu tamamen benim kişisel deneyimimdir ancak yaşadıklarımız doğrultusunda otelin 7,0-7,2 seviyesinde bir puanı daha gerçekçi yansıtacağını düşünüyorum. ETS Tur’un da bu tür tesislerde düzenli ve bağımsız kalite denetimleri yapmasının faydalı olacağı kanaatindeyim.
Sonuç olarak bu tesisi tekrar tercih etmem. Benzer bir tatilde imkânım varsa biraz daha fazla ödeyip farklı bir oteli seçerim. Çünkü tatilde en önemli beklentim hijyen, hizmet kalitesi ve misafire verilen değerdir. Maalesef bu konularda beklentilerimizi karşılayamadı.","Odalar2,0Hizmet1,0Konum4,0
Otelde öne çıkanlarÇocuklar için uygun
OdalarKüçük - Temiz - Düzenli
Yiyecek ve içeceklerVasat - lezzet yok - her gün aynı menü -
Önemli ayrıntılarYorumum yeterli , neden tercih edilmemesi ile ilgili .",Google üzerinde 4 hafta önce,1/5
Green Bay Resort & Spa Bodrum,"BU OTELDE CİDDİ HİJYEN PROBLEMLERİ VAR VE LÜTFEN BURAYA GİDECEKLER DİKKAT ETSİN. ASLA TAVSİYE ETMİYORUM.|Öncelikle otelde çok ciddi problemler var. Hijyen en başta geliyor her taraf ama her taraf kara sinek, sivrisinek. …",,Tripadvisor üzerinde bir ay önce,1/5
Green Bay Resort & Spa Bodrum,"Haziran ayı sonunda bir konaklama gerçekleştirdik, odamıza giriş saatinden daha erken giriş yaptık bu güzel bir durumdu hotelden genel anlamda epey memnun kaldım fiyat performans diyebilirim.
1- Hotelin denizi muazzam dalgasız ve su durgun ayrıca epey berraktı, plajda şezlong ve şemsiyeleri rahatça yer bulabilirsiniz.
2- Hotelin özel bir koy içerisinde yer alması sessiz sakin ve huzurlu bir ortam oluşturuyor. Peyzajı göze hoş geliyor etraf temizdi.
3- Alkol konusunda cin ve votka için Gilbey’s markasını kullandıklarını gördüm viski için J&B ve Johnnie Walker Red Label mevcuttu bira olarak fıçı bira servis ediliyordu gayet yeterliydi. Kokteyl menüsü yapmalarını gayet olumlu buldum seçenekleri mevcuttu.
4- Yemek konusunda ızgara bölümünde genellikle öğle ve akşam yemeklerinde dana köfte ve balık sabitti ayrıca yanına tavuk veya hindi çıkarılıyordu bir gün ise dana ciğer sunumu yapılmıştı. Mezeleri çeşitli ve lezzetliydi. Meyve seçenekleri farklı farklıydı. Tatlı bölümüne epey özeniliyordu baklava çeşitleri ve diğer farklı tatlılar bolca sunuluyordu. Dondurmaları gayet iyiydi. Snack restoranı A’La Carte hizmet veriyordu biz pizza, fettucini alfredo ve tavuk wrap söylemiştik gayet lezzetli geldi.
5- Odaları gayet yeterliydi mini buz dolabı güzel soğutuyordu yatak rahattı genel oda ambiyansı yeni bir tasarım olmadığı belliydi fakat oda temizliği her gün kapıya hizmete geldi biz memnun kaldık.
6- Hotelin öğlen animasyonları vardı ayrıca plajın bir bölümünde müzik çalıyordu akşam vakti de çeşitli animasyonlar mevcuttu.
7- Genel çalışan tavırları gayet iyiydi kibar konuşuyorlar. Yiyecek ve içecek alırken sıra beklemiyorsunuz. Ayrıca hotelde plaja yakın iki adet büyük bar olması epey iyiydi. Oturma alanları gayet yeterliydi her zaman boş masa bulunuyordu.
Son değerlendirme olarak kesinlikle tekrar gelebileceğim bir işletme özenli ve titiz bir yer, verdiğim ücretin karşılığını aldığım için ayrıca Green Bay Resort Hotel’e teşekkür ederim.","Odalar4,0Hizmet5,0Konum5,0
Otelde öne çıkanlarMuhteşem manzara",Google üzerinde bir ay önce,5/5
Green Bay Resort & Spa Bodrum,"Her shey chok guzeldi,bir tek odada karincalarin olmasi rahatsiz etdi,bir de alakart restoranlari kullanamdik,onunla ilgilenen bayan hich yerinde tutamadik,sicak havada cocukla da bizim binadan ana binaya gunde 3-4 kes gidemezdjm yerinde …",,Trip.com üzerinde bir yıl önce,5/5
Green Bay Resort & Spa Bodrum,"Otelde geçirdiğimiz tatil maalesef beklentilerimizi tam olarak karşılamadı.
En büyük sorunlardan biri restoran bölümündeydi. Sabah, öğle ve akşam yemeklerinde neredeyse her gün aynı menüler sunuluyordu. Birçok otelde farklı günlerde İtalyan, Meksika veya yöresel mutfaklar gibi tematik akşamlar düzenlenirken burada hiçbir çeşitlilik yoktu. Farklı lezzetler denemek isteyenler için hayal kırıklığı yaratabilir.
Restorandaki hijyen de yeterli değildi. Tabaklar sık sık kirli şekilde servis ediliyordu. Muhtemelen bulaşık makinesinden çıktıktan sonra kontrol edilmeden kullanıma sunuluyor. Bu durum hijyen açısından oldukça rahatsız ediciydi.
Deniz, koy olarak güzel bir konumda olsa da tabanı kumlu olduğu için en ufak harekette kum kalkıyor ve su bulanıklaşıyor. Ayrıca deniz kısa mesafede hızla derinleşiyor. Bu nedenle berrak deniz sevenler ve küçük çocuklu aileler için çok uygun olmayabilir.
Mini Club ve çocuk animasyonları oldukça yetersizdi. Görevlilerin çocuklara karşı yaklaşımını sıcak ve ilgili bulmadık. Programda belirtilen etkinlikler çoğu zaman saatinde başlamıyordu. Örneğin 11.30’da başlaması gereken bir etkinlik için alana gittiğimizde görevli bulunmuyordu; daha sonra geliyordu. Bu nedenle çocuklar için planlanan aktiviteler düzenli şekilde gerçekleştirilmiyordu.
Genel olarak otelde aktivite seçenekleri de oldukça sınırlıydı. Spor etkinlikleri ve animasyon programları hem azdı hem de beş yıldızlı bir otelden beklenen kalite ve organizasyon düzeyinde değildi.
Aquaparkın da gün boyunca sürekli açık olmaması bizim için dezavantajdı. Sadece 10.00–12.00 ile 14.00–16.00 saatleri arasında hizmet veriyor, diğer saatlerde kapalı oluyor. Ayrıca boy sınırı nedeniyle çocuğumuz ilk etapta aquaparkı kullanamıyordu. Ancak bu konuda Misafir İlişkileri’nden Pırıl Hanım bizimle yakından ilgilendi, çözüm odaklı davrandı ve kullanım konusunda yardımcı oldu. Kendisine özellikle teşekkür etmek isteriz. Tatilimiz boyunca memnun kaldığımız olumlu noktalardan biri buydu.
Odalardaki yataklar oldukça rahatsızdı ve konfor açısından beklentimizi karşılamadı.
Personel konusunda da,. Cankurtaranlar ve bazı servis personelleri yeterince profesyonel değildi. Özellikle bazı garsonların misafirlere hitap şekli kaba ve özensizdi. Örneğin “Bardağı uzatın, doldurayım.” gibi ifadeler kullanmaları beş yıldızlı bir otelde beklediğimiz hizmet anlayışıyla örtüşmüyordu.
Genel olarak otel, beş yıldızlı bir tesisten beklediğimiz hizmet kalitesini sunamadı. Yemek çeşitliliği, hijyen, çocuk aktiviteleri, animasyon ekibi, personel yaklaşımı ve organizasyon açısından ciddi iyileştirmelere ihtiyaç olduğunu düşünüyorum. Buna karşın, Misafir İlişkileri’nden Pırıl Hanım’ın çözüm odaklı yaklaşımı ve ilgisi olumlu bir izlenim bıraktı.","Odalar2,0Hizmet2,0Konum5,0",Google üzerinde 3 hafta önce,2/5
Green Bay Resort & Spa Bodrum,"Merhaba, otelin tek iyi yani denizi ve plajı diger her sey vasat hatta sinir bozucu sekilde kötü. Odada mobilyaların üstü yapış yapış, 4 kisi 7 gece konakladıgımız odada sadece 1 kanat dolap vardı esyalarımızı yerlestiremedik, bavuldan cıkarıp giyinmek zorunda kaldık. Odadaki tv de sadece 1 cocuk kanalı var. Otel koridoru halı kaplı üstü envai cesit leke dolu ve berbat pis gözüküyor. Bir aksam sular kesildi bir kac kez elektrikler gitti geldi. Yemekler fena degil bir sekilde doyuluyor, fakat otel kapasitesine göre masa sayısı az yemek zamanında masa bulmak icim elinizde tabak dolasıyorsunuz. Çalısanlar gözle görülür sekilde suratsız ve mutsuz. Bir tek Buse hanım yüzünde güllerle karsıladı bizi, kendisine tesekkür ediyorum. 2 havuz var birine cocukları sokmuyorlar bebekler icin ayrı bir havuzlari da yok 1 haftada 2 kez cocuk havuzu kapandı. Kaydıraga 120 cm altı izin verilmiyormus. Sırf kaydıragı var diye tercih ettigimiz otelde cocukları kaydırak kısmına sokamıyorduk. Bu kadar güvenlik önlemi almaya kalkan isletme, kaydıragın tepesinde calısan tutmuyor, herkes kafasına göre kayıyor. Özetle otelin kafası karısık cocuk dostu olsam mı olmasam mı karar verememis.İlk defa bir tatilimde az gün kaldı diye üzülmek yerine daha kac gün kaldı diye saydım. Çok memnuniyetsiz ve mutsuz ayrılıyoruz.","Odalar1,0Hizmet2,0Konum5,0
OdalarBanyo boyutu ideal perdeler lekeli cekmece dolap inanılmaz yetersiz mobilyalar yapış yapış",Google üzerinde bir ay önce,1/5
Green Bay Resort & Spa Bodrum,"14-17 Haziran olmak üzere toplam 3 gece 4 gün bu otelde konakladık. Çıkacağımız gün uçak biletimiz akşam 19.30 olduğu için check out işleminden sonra saat 17.00 a kadar tesisin tüm imkanlarından sorunsuz bi şekilde faydalandık. Odalar çok yepyeni değil ama gayet yeterli ve ferah. Personel ilgili ve güleryüzlü. Snack bar kusursuz değil ama yeterli. Plaj temiz ve yer şezlong bulma sıkıntısı yok. Deniz temiz ama hafif bulanık fakat biraz çabuk derinleşiyor. Plaj, adult havuz, aqua havuz restoran, 4-8 bar, Lobi gibi yerlerde sürekli alkol, tatlı ve yemek servisi var. Genel olarak çok güzel ve yeterli bi tesis. Kahvaltı çok çeşitli ve güzel. Ancak her şeyi bu kadar güzel olan otelin akşam yemeği nasıl bu kadar kötü olabilir hayret içindeyim. Yani bi akşam bile güzel bir yemek yiyemedik. Çeşit konusunda yetersiz diyemem bence çeşitli seçenekler var ancak her şey inanılmaz lezzetsiz. Dümdüz pilav makarna bile tatsız. Otelden ayrılmadan bi akşam önce sadece risksiz karnımızı doyuracak şeyler aldık aç kalmamak için ama çorba mantı köri soslu tavuk gibi mahalle arası esnaf lokantalarında bile iyisini bulduğunuz yemekler dahi yenmeyecek kadar tatsız. Bunun dışında her şeyiyle çok memnun kaldığımız ve iyi hissettiğimiz bi tatil oldu. Umarım restoran kısmına çare bulunup tesise yakışan bi seviyeye geldiği günlerde tekrar buluşuruz 🙏🏻","Odalar4,0Hizmet5,0Konum4,0
Otelde öne çıkanlarRomantik · Sessiz · Çocuklar için uygun
OdalarYeterli
Yakındaki etkinliklerYeterli
GüvenlikSorunsuz
Yürüme olanaklarıDoğa yürüyüşüne uygun
Yiyecek ve içeceklerSnack bar ve kokteyl barlar iyi restoran oldukça kötü
Önemli ayrıntılarPersonel ilgili ve nazik",Google üzerinde 2 ay önce,4/5
Green Bay Resort & Spa Bodrum,Uhd veya tam pansiyon konsept gittiğim oteller içinde en kötüsü diyebilirim. Konumu bulunduğu koy ve çevresinde başka tesis bulunmaması sebebiyle çok iyi. Ancak otel yapısı ve hizmeti çok kötü. Odalar 90'lardan kalmış gibi. Mobilyalar o kadar eski ki boyamışlar ama onda da yanlış boya seçmişler. Üzerine koyduğunuz şeyler yapışıyor. Yataklar eski. Binanın asansörü tabut gibi. Koridorlarda zemin halısında birçok yerde lekeler gördüm. Yemek çeşitliliği yapmaya çalışmışlar ama kullanılan malzemeler ve pişirme o kadar kötü ki hiç tat almıyorsunuz. Uhd konsept bir otelde ilk kez bir yemek bitince yenisinin koyulmadığını gördüm. Yetişemezseniz kalmıyor. Alkollü İçecekler en ucuz markalardan seçilmiş. Sipariş vermek için sıra bekliyorsunuz . Alınca da bunun için mi bekledim dersiniz. Sosyal aktivitelerden haberiniz olmuyor. Bir pano var. Oradan takip etmeniz lazım. Çalışan sayısı az olduğu için personel telef olmuş. Yorgunlukları yüzlerinden belli okuyor. Patlamış mısır ve pamuk şeker var ama parayla:) otelde kim yanında parayla gezer. 2 havuz var çok küçükler. Denize yakın olanı adult pool yapmışlar. Uzak olan herkese açık. Aquapark var ama havuz derinliği çok az. Kaydığınızda ayağınız yere çarpıyor. Otelin sağlam bir yenilenmeye ihtiyacı var. Bu haliyle mdeyeceğiniz paraya değmeyecek bir hixmet alıyorsunuz.,"Odalar2,0Hizmet1,0Konum4,0",Google üzerinde 2 hafta önce,2/5
Green Bay Resort & Spa Bodrum,"Etrafı yemyeşil dağlarla çevirili bir koyda, muhteşem bir konumda olan otelde, toplamda 3 çocuklu 2 aile olarak konaklıyoruz. Sabahları kuş sesleri ile uyanıp, gün boyu Ağustos böceği sesleriyle yüzüyoruz.
Kumsal şahane, restoranın denize yakın olması muhteşem, sahil ve havuz kenarındaki tuvaletler her daim temiz. Ortalıkta bir kişiyi sürekli elinde paspasla yerlerdeki kumları, döküntüleri temizlerken görüyoruz.
Küçük ve büyük çocuklar için iki ayrı kaydıraklı havuz var. Oyun parkı eğlenceli. Çocuklar hiç sıkılmadan zaman geçiriyorlar.
Yeşil alanlar insana ferah hissettiriyor. Bir çok gölgelikli çardak mevcut. Hamakların olduğu bölüm çok huzurlu.
Yemek çeşitliliği ve lezzetinden biz çok memnun kaldık. Yaprak sarması, lahana sarması, çeşit çeşit et ve sebze yemekleri çok güzel. Tatlı reyonu özellikle çok başarılı.
Tek eksiği spor salonundaki aletlerin çok eski ve bakımsız olması. Bir de animasyon ekibinin gün içinde Yetişkin havuzunda konumlandıklarını düşünüyoruz, biz çocuklu aileler olarak göremedik gündüz etkinliklerini. Akşam animasyon gösterileri 10/10 puan alır! Çok kaliteli gösterilerdi! Herkese bu oteli tavsiye ederim.","Odalar4,0Hizmet5,0Konum5,0
Otelde öne çıkanlarMuhteşem manzara · Çocuklar için uygun · Büyük fırsat",Google üzerinde 3 hafta önce,5/5
Green Bay Resort & Spa Bodrum,"4 gece 5 günlük konaklamamız boyunca personelin güler yüzü gerçekten içimizi ısıttı. Özellikle İbrahim Bey ve Deniz Hanım’ın ilgisi takdir edilesiydi. Plaj alanında yer bulma sorunu yaşamadık, bu da tatilimizi rahat geçirmemizi sağladı. Ancak denizin bulanık olması beklentimizin biraz altında kaldı. Yemekler genel olarak ortalamaydı; aç kalmadık ama menüde sık tekrar olması çeşitlilik açısından zayıf kaldı. Temizlik konusunda ise havlular ve çarşaflar düzenli değiştirildi fakat genel temizlik daha özenli olabilirdi. Genel olarak sıcak bir personel yaklaşımı sayesinde güzel anılarla ayrıldık; ancak yemek çeşitliliği ve genel temizlik konularında iyileştirme yapılırsa çok daha güçlü bir deneyim sunulabilir.","Odalar3,0Hizmet4,0Konum5,0
Otelde öne çıkanlarSessiz",Google üzerinde 2 hafta önce,3/5
Green Bay Resort & Spa Bodrum,"öncelikle şunu belirtiyim bu otel sözde 5 yıldızlı özde ise 3 yıldızı bile zor alacak bir otel.
herkes ona göre planını yapsın beklentisini ayarlasın, bir çok kez 5 yıldızlı … Devamı",,Google üzerinde bir ay önce,1/5
Green Bay Resort & Spa Bodrum,"Deniz: muhteşem, sıfır dalga ve kum plaj, duşu ve soyunma kabini yeterli, çöpler sık toplanıyor. Havuz: yetişkinlerin de çocukların da aquaparkları yeterli, cankurtaranlar görevini titiz yapıyor. bir genel havuz dışında bir de aktivite … Devamı",,Google üzerinde 3 hafta önce,4/5
Green Bay Resort & Spa Bodrum,"15-20 temmuz aralığında konakladim. Daha önce 15-20 otelde kalmis biri olarak;
1) odaların hijyeni,temizliği gerçekten süperdi. Bu temizlik için ""Ümmühan"" hanıma tesekkur ederim.. … Devamı",,Google üzerinde bir ay önce,5/5
Green Bay Resort & Spa Bodrum,"REZERVASYONU OLANLAR OKUSUN;
Otelde ilk günümüz maalesef kalite yok. Balkon kapısı kapalı Odaların içi sivrisinek dolu, koridorlar da aynı. Hatta perde ve duvarlar öldürülmüş … Devamı",,Google üzerinde bir ay önce,1/5
Green Bay Resort & Spa Bodrum,Harika bir konaklama deneyimi yaşadık. Özellikle otel müdürü Mehmet Bey'e ilgisi ve misafirperverliği için çok teşekkür ederiz. Oğlumun tuttuğu balığı mutfakta pişirtip bize servis ettirmesi bizim için unutulmaz ve çok ince bir jest oldu. … Devamı,,Google üzerinde 3 hafta önce,5/5
Green Bay Resort & Spa Bodrum,7-11 Haziran tarihlerinde bebeğimizle konakladığımız otelde güzel olan tek şey denizi ve personelin güleryüzlü oluşuydu. Temizlik konusunda korkunçlar odalar asla temizlenmiyor sadece yatağı toplayıp çıkıyorlar masanın üstü bile … Devamı,,Google üzerinde bir ay önce,1/5
Green Bay Resort & Spa Bodrum,"Balayı çifti olarak bu oteli büyük beklentilerle tercih ettik. Girişte, balayı çifti olduğumuz için yalnızca daha büyük ve geniş bir oda tahsis edildi. Bunun dışında ilk gün odaya bir şişe şarap ve kesilmemiş meyve tabağı bırakıldı. … Devamı",,Google üzerinde bir ay önce,2/5
Green Bay Resort & Spa Bodrum,Otelin en beğendiğim özelliği iki tane iskelesinin olmasıydı. Ana iskelede müzik çalıyor ve etkinlikler yapıldığı için biraz daha canlı. Ben kafa dinlemek istediğim için diğer iskeleyi tercih ettim sessiz sakindi ilk defa çift iskelesi olan … Devamı,,Google üzerinde bir ay önce,5/5
Green Bay Resort & Spa Bodrum,"25 - 31Temmuz arası konakladık. Otelin yeri çok güzel ve sakin, yeşil alan bol. Özellikle denizi çok güzeldi durgun ve temizdi, havuzlarda temizdi bakımlıydı. Ayrıca 16 yaş üstü havuzunun olması çok güzel biz orayı kullandık hep. Animasyon … Devamı",,Google üzerinde 3 hafta önce,5/5
Green Bay Resort & Spa Bodrum,Çok sıkıcı bir otel. Ta Ankara dan 3 aile geldik özellikle odalarımız yan yana olsun dedik ve geldiğimiz de hepimiz farklı yerler de odalar verdiler. Verdikleri odanın içerisinde yan odaya açılan bir kapı var ve bunu resepsiyona … Devamı,,Google üzerinde 4 hafta önce,1/5
Green Bay Resort & Spa Bodrum,"öncelikle şunu belirtiyim bu otel sözde 5 yıldızlı özde ise 3 yıldızı bile zor alacak bir otel.
herkes ona göre planını yapsın beklentisini ayarlasın, bir çok kez 5 yıldızlı hatta 4 yıldızlı otel deneyimim oldu hatta 3 yıldızlı ve apart otellerde de kaldım, fakat burası kadar hijyensiz, temizlik anlamında sınıfta kalan, yıldızına göre vasat lezzetsiz ve çeşit olmayan yemekleri olan bir hotel görmedim, odalara giden yerler halıflex ve üzerinde yürürken bile toz toprak kalkıyor, odalar eski küçük ve yapış yapış, buraya verilen puanlar sizi aldatmasın, bu puanları veren kişiler muhtemelen ya ilk defa ""5"" yıldızlı bir otelde kalıyor, ya da çoğu puan fake. çünkü burası 5i bırakın 3 yıldızı bile zor alacak bir otel, yemek konusu 4 gece konakladık, 4 gün boyunca boğaz yakan bi köfte yedim başka yiyecek bir şey yoktu desem yeridir, yani bi tane spagetti,bir tane çorba, 2-3 çeşitte diğer yemeklerden sulu et vs. bu kadar. ızgara bölümünde ise bayat somon, tavuk eti ve köfte çıkıyordu her gün.
tatlı ve mezeler bol gözüküyordu ama bir tane sütlü tatlı yapıp 3-5 farklı kombine ettikleri için göze çok geliyordu, ama asıl sıkıntı şuydu bütün tatlı mezelerin üstü sinek dolu onlarca sinek, yiyebilene afiyet olsun.
sinek demişken küçücük odalar, klima açıyosunuz camları kapatıyorsunuz klima üzerinize vurduğu için ve kilma odalara ekstra büyük kaldığı için sizi uyutmuyor kapatıyorsunuz 5 dk sonra sıcak basıyor,
cam açıyım derseniz ""sineklik"" hiçbir odada bulunmuyor ve 5 dk içinde 10larca sivrisinek odanızda sabah deli gibi sinek ısırıklarıyla uyanıyorsunuz.
hadi camları kapattın klimaya dayandın, bu seferde otelin içindeki holler full sivrisinek kaynıyor her kapıda en az 3-4 tane sivri sinek.
yani dışarıyı engelleyemiyorsun anlarım da koridorundakini de engellersin veya camlara sineklik takıp içeri girişini engellersin.
Bir diğer sorunda karınca, evet karınca, mobilyaların üstü sürekli karınca, gidip yetkiliye bildiriyorum çözüm önerisi şu;
ilaçlayalım ama yine çıkıyor, oda değiştirsek zemin kat odaları daha küçük.
odadaki tuvaletlerde havalandırma yok, gerisini siz düşünün :)
öte yandan snack ikramlar rezaletti anlatmaya bile gerek yok zaten çok dar bi snack ikram servisi var 2-3 çeşit bir şey. yani ben en son geçen sene kaldığım 4 yıldızlı otelde,
ki fiyatı buradan daha ucuzdu kalamar, karides, kokoreç gibi snackleri vardı, bunun dışında olanları saymıyorum bile.
bu otelin bir diğer vasat kalemi de malesefki alkoller, ülkenin en ucuz markası olan vodka ve cinini kullanıyorlar zaten başka bir şey var mıydı bilmiyorum bi ara tequila gördüm ama nasıldı bilmiyorum.
rakı filan hak getire.
denizi de öyle aman aman iyi değil altı toprak olduğu için bulanık, gün içi bazı saatler tekne atıklarından mı bilmiyorum 5-10 dk kirleniyor.
ama manzarası çok güzel, otel eğer güzel işletilse kalite ve temizliği artırsa gerçekten konum olarak türkiyenin en güzel 10 otelinden biri olabilir öyle bi potansiyeli var, ama şuanki durumunda
kaderine terk edilmiş gibi bir izlenim veriyor.
bir diğer olayda ets tur yetkilisi, biz ailecek zaten dayanamadık artık son gün erken çıktık sabahı beklemeden, içlerine mi doğdu ne oldu bilmiyorum, birden aramaya başladılar nasıl geçiyor tatil diye,
yahu tatil bitti ne tatili, zaten 4 gece kalmışım 4. gece arıyosun beni bu kadar ilgi fazla değil mi çok teşekkürler. Nerede eski ets tur otele girmeden daha ilgilenirlerdi ararlardı sorarlardı, her gün en az bir kere sorarlardı bi sıkıntı var mı sorun var mı,
eğer varsa da gerçekten otele yaptırım güçleri olurdu ve o sorunu net şekilde çözerlerdi.
uzun lafın kısası kendi adıma şöyle söyliyim zamanında çok kamp yaptım, bu oteli ancak kamp alanlarıyla vs kıyaslayabilirim ki gerçekten buradan daha iyi kamp alanları bile var.","Odalar1,0Hizmet1,0Konum5,0
Odalarküçük, sineklik yok, pis, karıncalar var.
Yiyecek ve içeceklerçok kötü, lezzetsiz, çeşit yok, her yer sinek yemeklerin mezelerin üstü vs.
Önemli ayrıntılarEğer daha önce lüx 5 yıldızlı otellerde konakladıysanız, burayı 5 yıldız değil 2-3 yıldızlı kötü olan bir otel olarak düşünün.",Google üzerinde bir ay önce,1/5
Green Bay Resort & Spa Bodrum,"Deniz: muhteşem, sıfır dalga ve kum plaj, duşu ve soyunma kabini yeterli, çöpler sık toplanıyor. Havuz: yetişkinlerin de çocukların da aquaparkları yeterli, cankurtaranlar görevini titiz yapıyor. bir genel havuz dışında bir de aktivite yapılan yetişkin havuzu var. Odalar: sabah çıkıp akşam gelenler için gayet yeterli, temizlik de gayet iyi, balkon kapısına sineklik takılabilir ama çok ciddi sıkıntı yaşamadık, balkon havlu ve mayo asmak için yeterli. Hizmet: her şey self servis, kokteyllerin çoğu kötü, gündüz aktiviteleri fena değil ama akşam eğlenceleri oldukça zayıf. Yemek: çok lezzetli olarak tanımlayabileceğim hiçbir şey yok ama aç da kalmadık, servis saatleri de yeterliydi, sadece tatilde en çok talep gören gözleme & dondurma & waffle üçlüsünün bir arada olup tek bir personele verilmesi uygun olmamış çünkü oraya hangi personel geçse yetişmekte zorlanması çok normal ve bunun da müşterilerde gerginlik yaratması doğal. Genel olarak tam bir f/p oteli, tekrar gelinir.","Odalar3,0Hizmet3,0Konum5,0
Otelde öne çıkanlarMuhteşem manzara · Çocuklar için uygun",Google üzerinde 3 hafta önce,4/5
Green Bay Resort & Spa Bodrum,"15-20 temmuz aralığında konakladim. Daha önce 15-20 otelde kalmis biri olarak;
1) odaların hijyeni,temizliği gerçekten süperdi. Bu temizlik için ""Ümmühan"" hanıma tesekkur ederim..
2) yemekler yeterince iyiydi kesinlikle ac kalmazsınız ve lezzetleri de gayet iyiydi.. daha önceki yorumlarda ac kaldık, midemiz kötü oldu vs vs yazanlara hiç inanamadım. midye dolma, deniz mahsulleri salatası, ıstakoz, akya gibi yiyecekler bile çıkmıştı. Ama tek noksan diyebilecegim oglen yemekleri biraz zayifti. Yemekhanede canla başla calisan, masaların arasında pire gibi gezen tum çalışanlara ve ""Rana hanima"" çok teşekkürler..
3) bar kismi bence çok iyiydi. Barda calisan tum çalışanlara ayri ayri verdikleri hizmetten dolayı teşekkür ederim.
4) ust kısımdaki havuzun oradaki cevre düzenlemesi ve temizliğinden sorumlu ""velittin bey""e çok tesekkurler.
*) Denizi temiz ama aksam aktintiyla kıyıda pislik birikmesi olabiliyor. Çocuklu aileler icin kumsal olması ve biranda derinlesmemesi artı olarak söylenebilir.
*) snack bar da bir menü var ve sipariş vererek yemek söylüyorsunuz. İlk başta çok tuhaf gelmisti ama şunu anladım ki sipariş usulü calisilinca yemeklerin lezzeti ve kalitesi mukemmel oluyor. Fettucini alfredo makarnayı yemenizi kesinlikle tavsiye ederim..
*) animasyon ekibi gençlerden oluşuyor ve bence en zayıf halkası buydu.
Herseyden sorumlu genel müdürü (galiba mehmet beydi) hiç boş dururken görmedim. Sürekli kısımlar arasinda geziyor, kontrol ediyor, konuşuyor... gerçekten tebrik ederim... helal olsun..
Genel olarak tekrardan gitmeyi dusunebilecegim bir otel.","Odalar5,0Hizmet5,0Konum5,0
Otelde öne çıkanlarLüks · Muhteşem manzara · Çocuklar için uygun",Google üzerinde bir ay önce,5/5
Green Bay Resort & Spa Bodrum,"REZERVASYONU OLANLAR OKUSUN;
Otelde ilk günümüz maalesef kalite yok. Balkon kapısı kapalı Odaların içi sivrisinek dolu, koridorlar da aynı. Hatta perde ve duvarlar öldürülmüş sivrisineklerle dolu. Banyo çok dar, çocukla girmek çok zor. Yemekler görüntü ve lezzet olarak çok kötü. Salata ve meyve ile karın doyurduk. Akşam 19:00da başlayan yemek için 19:20de gittik masa yok. Aldığımız cevap ise beklemeniz gerekiyor, sonra gelin oldu. Alkolsüz İçecekler berbat. Cam bardaklar çok kirli. Çaylar çok kötü. Herşey dahil otelde patlamış mısır ve pmuk şeker parayla satılıyor hem de çocuk kulübünün önünde. Çocuk etkinliği vasat. Denizi hemen derinleşiyor, berrak değil. Şezlong bulmak imkansız. Asansörler loş ışıkla çalışıyor. Buradaki yorumları son 3 gün kala okusaydım kesinlikle rezervasyonu iptal ederdim. Olumsuz yorumlar çok doğruymuş. Özetle evet paramızla rezil olacağımız 5 gün daha burdayız.","Odalar1,0Hizmet1,0Konum1,0
OdalarDar ve küçük
Yürüme olanaklarıÖyle bir alan göremedim.
Yiyecek ve içeceklerÇok kötü
Önemli ayrıntılarSivrisinek dolu.",Google üzerinde bir ay önce,1/5
Green Bay Resort & Spa Bodrum,"Harika bir konaklama deneyimi yaşadık. Özellikle otel müdürü Mehmet Bey'e ilgisi ve misafirperverliği için çok teşekkür ederiz. Oğlumun tuttuğu balığı mutfakta pişirtip bize servis ettirmesi bizim için unutulmaz ve çok ince bir jest oldu. Ayrıca çıkış işlemlerimizi tamamlamış olmamıza rağmen otelde vakit geçirmemize ve yemeğimizi rahatça yememize izin vermeleri bizi çok mutlu etti.
Bunun dışında otelin konumu oldukça güzel, yemekler çok lezzetli ve tüm personel güler yüzlü ve yardımseverdi. Kendimizi gerçekten değerli hissettik. Gönül rahatlığıyla tavsiye eder, emeği geçen herkese teşekkür ederiz.","Odalar5,0Hizmet5,0Konum5,0
Otelde öne çıkanlarMuhteşem manzara · Sessiz · Çocuklar için uygun · Büyük fırsat",Google üzerinde 3 hafta önce,5/5
Green Bay Resort & Spa Bodrum,"7-11 Haziran tarihlerinde bebeğimizle konakladığımız otelde güzel olan tek şey denizi ve personelin güleryüzlü oluşuydu. Temizlik konusunda korkunçlar odalar asla temizlenmiyor sadece yatağı toplayıp çıkıyorlar masanın üstü bile silinmiyordu banyolarda gider yok her taraf su doluyor leş gibi oluyor üstün körü bi vileda atıyorlar geldiklerinde de. Mini bar kaldığımız süre boyunca sadece bir defa yenilendi onda da boş olmasına rağmen birer tane içecek bırakmışlardı su bile koymuyorlar odaya. Bu rahatsızlığımız dönmeden bir gün önce Görkem Bey tarafından giderildi. Kendisine ilgisi için teşekkür ederiz. Denizi güzel, temiz koy zaten şezlonglar yeterli görünüyor bu bölgenin düzeni temizliği iyiydi sadece odalar konusunda temizlik korkunç. Restoran inanılmaz yetersiz, çeşit az lezzet yok. Basit bir peynir bile aşırı lezzetsizdi. Izgara korkunç. Kaldığımız süre boyunca resmen aç kaldık sadece snack barda bir şeyler yiyebildik. Kokteyller sınırlı her an yapan kişi değiştiği için bir kere beğenip içtiğiniz bir şeyi tekrar içme ihtimaliniz sıfır. Aşırı sinek ve böcek var herkes bu konuda çok rahatsızdı restoran sinek dolu her yerinizi bir şey ısırıyor sürekli. Otel oldukça büyük fakat her şeyin birbirine oldukça yakın olması bizim için çok iyiydi. Restoran ve temizliğe el atılırsa oldukça keyifli bir nokta olabilir çocuklu aileler için","Odalar1,0Hizmet2,0Konum3,0
Otelde öne çıkanlarMuhteşem manzara · Çocuklar için uygun
OdalarTemizlik çok kötü
Yürüme olanaklarıDeniz restoran odalar her şey çok yakın birbirine öyle uzun uzun yürüyüşler yapmıyorsunuz
Yiyecek ve içeceklerRestoran korkunç lezzetsiz, çeşit çok az.",Google üzerinde bir ay önce,1/5
Green Bay Resort & Spa Bodrum,"Balayı çifti olarak bu oteli büyük beklentilerle tercih ettik. Girişte, balayı çifti olduğumuz için yalnızca daha büyük ve geniş bir oda tahsis edildi. Bunun dışında ilk gün odaya bir şişe şarap ve kesilmemiş meyve tabağı bırakıldı.
Ancak 5 gecelik konaklamamız boyunca balayı çiftlerine özel olduğu belirtilen veya beklenen hiçbir ekstra jestle karşılaşmadık. Özel bir akşam yemeği, ücretsiz masaj, su sporları veya buna benzer herhangi bir ayrıcalık sunulmadı. Balayı konsepti maalesef sadece oda değişikliği ve ilk gün getirilen ikramlarla sınırlı kaldı. Bu durum bizim için hayal kırıklığı oldu.
Bununla birlikte, ETS Tur temsilcisi arkadaşlar son derece ilgili ve güler yüzlüydü. Ellerinden geldiğince yardımcı olmaya çalıştılar ve kendilerine teşekkür ederiz. Eleştirimiz kesinlikle onlara değil, otelin balayı misafirlerine sunduğu yetersiz hizmet anlayışınadır.
Balayı çiftlerinin bu oteli tercih etmeden önce beklentilerini buna göre değerlendirmelerini tavsiye ederim.","Odalar5,0Hizmet2,0Konum5,0
Otelde öne çıkanlarMuhteşem manzara · Sessiz",Google üzerinde bir ay önce,2/5
Green Bay Resort & Spa Bodrum,"Otelin en beğendiğim özelliği iki tane iskelesinin olmasıydı. Ana iskelede müzik çalıyor ve etkinlikler yapıldığı için biraz daha canlı. Ben kafa dinlemek istediğim için diğer iskeleyi tercih ettim sessiz sakindi ilk defa çift iskelesi olan bir otelde konakladım bu önemli bir artı.
Otelde kahvaltıda omlet sırası çok uzun oluyor buna bir çözüm bulunması lazım sırada uzun süre beklemek istemediğim için normalde tavada yumurta yediğim halde almadım.
Sivrisinek konusu evet var sürekli ilaçlama yapılıyor otel ormanın arasında olduğundan sanırım bu kadar çözüm bulunabiliyor. Aşırı bir sivrisinek yok bu arada sadece geceleri sahilde oluyor evet. Ama bu yüzden otelden vazgeçilecek kadar değil.
Odalar temizdi, havlular temizdi. Plaj yakınındaki tuvaletler temizdi. Emeği geçen çalışanlara teşekkür ediyorum.
Daha önce daha premium otellerde kaldım hizmet açısından çok bir fark göremiyorum. Çalışanlar çok çok iyi.
Resepsiyondan a la carte hakkımız olduğu söylenmedi bu önemli bence haberimiz olmayabilirdi. Valizleri taşımaya yardımcı olan personelden öğrendik kendisine teşekkür ediyorum.
A la carte restoranda yediğimiz antrikot efsaneydi aşçının ellerine sağlık.
Otel tam bir aile oteli zaten herkes ailesiyle gelmişti ve çocuk sayısı oldukça fazlaydı :)
Tek başına ya da kızkıza gelecek hemcinslerime tavsiye ederim rahatsızlık yaşayacaklarını düşünmüyorum.
Plajda şezlong şemsiye sayısı çok baya yeterli başka otellerde yaşadığımız yer bulamama sorununu yaşamadık. Diğer iskelede ve sahilde boş şezlong rahatlıkla bulabilirsiniz. Sadece ana iskele dolu oluyor.Bence otelin en büyük artısı bu benim için deniz ve kafa dinlemek önemliydi ben memnun kaldım.","Odalar5,0Hizmet5,0Konum5,0
Otelde öne çıkanlarMuhteşem manzara · Sessiz · Çocuklar için uygun",Google üzerinde bir ay önce,5/5
Green Bay Resort & Spa Bodrum,"25 - 31Temmuz arası konakladık. Otelin yeri çok güzel ve sakin, yeşil alan bol. Özellikle denizi çok güzeldi durgun ve temizdi, havuzlarda temizdi bakımlıydı. Ayrıca 16 yaş üstü havuzunun olması çok güzel biz orayı kullandık hep. Animasyon ekibi ve tüm çalışanlar çok eğlenceliydi, harika bir tatil geçirdik. Özellikle animasyon ekibinden Mehmet ve Irmakla çok eğlendik, ekipteki herkes samimiydi istediğimiz gibi sohbet ettik. Yemeklerin geneli lezzetliydi, çeşitler yeterliydi. Odamız küçüktü beklentime göre ama temizlik gayet iyiydi hergün yapıldı. Bir öneri olarak camlara sineklik takmaları lazım ve odalardaki masalar biraz eski nemden dolayı bazı yüzeyler yapış yapış gibiydi.","Odalar4,0Hizmet5,0Konum5,0",Google üzerinde 3 hafta önce,5/5
Green Bay Resort & Spa Bodrum,Çok sıkıcı bir otel. Ta Ankara dan 3 aile geldik özellikle odalarımız yan yana olsun dedik ve geldiğimiz de hepimiz farklı yerler de odalar verdiler. Verdikleri odanın içerisinde yan odaya açılan bir kapı var ve bunu resepsiyona bildirdiğimizde orası açılmaz cevabını verdiler sonra bu durumdan rahatsız olduğumuz için başka odaya geçtik. Yemekler ve eğlence konusunda otel küçük bir tatil köyü konseptinde içecekler iyi değil yemekler idare eder. Personeller yetersiz derece de bir şey sorduğumuz da başkalarına yönlendiriyolar. Denizi güzel kumdan dolayı denizin temizliği gözükmüyor. Etkinlik çok fazla yok. Oda temizliklikleri normal aşırı bir temizlik yok. Mini bara içki koymuyolar sadece cola fanta. Çok memnun kalınacak bir otel olduğunu düşünmüyorum. Bir daha gelmem,"Odalar3,0Hizmet3,0Konum2,0
Otelde öne çıkanlarSessiz · Çocuklar için uygun
Odalarİdare eder",Google üzerinde 4 hafta önce,1/5
Green Bay Resort & Spa Bodrum,"Green Bay Resort’ta konakladığımız süre boyunca genel olarak memnun kalmadık diyemem. Öncelikle denizinden bahsetmek isterim; bugüne kadar gördüğüm en güzel denizlerden biri diyebilirim. Deniz oldukça temiz, sakin ve neredeyse tamamen … Devamı",,Google üzerinde 2 ay önce,3/5
Green Bay Resort & Spa Bodrum,6-10 Haziran tarihleri arasında eşim ve çocuğumla birlikte 4 gece 5 gün konakladık. Otele sabah 11:00 civarında ulaştık. Odaların saat 14:00'te hazır olacağı söylendi ancak bu süre boyunca otelin tüm imkanlarından faydalanabileceğimiz … Devamı,,Google üzerinde 2 ay önce,5/5
Green Bay Resort & Spa Bodrum,"Otele dört geceliğine geldik ama verdiğimiz paraya üzülmesek geldiğimiz gün dönecektik. Manzara deniz olağanüstü. Bu manzaraya çok yazık edilmiş. Odalar çok küçük, çok eski ve pis. İçerisi sivrisinek dolu. Şikayetimizi ilettik spreyle … Devamı",,Google üzerinde bir ay önce düzenlendi,2/5
Green Bay Resort & Spa Bodrum,"Keşke daha önce gelseydim dediğim bir otel oldu benim için. İlk olarak ulaşım çok kolay havalimanından 20 dakika, otel çok büyük bir koyda ve yeşillikler içerisinde. Otel çalışanların hepsi çok güler yüzlü ve her an size yardımcı olabilmek … Devamı",,Google üzerinde 3 ay önce,5/5
Green Bay Resort & Spa Bodrum,Haziran 2026’da 5 gece konaklama yaptık. Balayı odası olmasına rağmen oda seçimini upgrade etmediler. Odaların temizliği iyiydi. Balayı odası olduğu için meyve ve şarap ikramı vardı. Otelin konumu ve denizi muhteşem. Yemekler genelde aynı … Devamı,,Google üzerinde 2 ay önce,4/5
Green Bay Resort & Spa Bodrum,Yorumları okuyarak büyük bir tereddütle gelecek iken mayıs başı son okuduğumuz yorumlar gelene kadar motivasyonumuzu arttırmıştı. Ta ki gelip her şeyi görüp yazılan o sezon başı müthiş yorumları personellere ve çevrelerindeki insanlara … Devamı,,Google üzerinde 2 ay önce,3/5
Green Bay Resort & Spa Bodrum,Kurban bayramı için geldik yorumlara baktığımızda herşey çok güzel görünüyordu ama sırasıyla belirtmek isterim 4 günde yaşadıklarımı. Odalar fena değil giriş katta kaldığımız için sineklik bozuktu butun gün içeriden salyangoz ve sivri sinek … Devamı,,Google üzerinde 2 ay önce düzenlendi,3/5
Green Bay Resort & Spa Bodrum,"Öncelikle denizi ve plajı çok güzel konumu da çok güzel denizi çarşaf gibi daha önce bir çok koy ve plaja sahile gitmiş biri olarak bu yorumu yapıyorum.
Odada ciddi anlamda hijyen sorunu var çarşaflarda kıl vardı değiştirmiyorlar … Devamı",,Google üzerinde 2 ay önce,1/5
Green Bay Resort & Spa Bodrum,Uzun süre sonra yaptığımız 5* ve her şey dahil konsept konaklamalarından biriydi. Otel çocuklu aileler için muazzam. Her şey ulaşılabilir ve otelin büyüklüğü içinde kaybolacak ölçüde olmaması açısından oldukça güzel. Çalışan sayısı oldukça … Devamı,,Google üzerinde 2 ay önce,5/5
Green Bay Resort & Spa Bodrum,"Green Bay Resort'ta güzel bir tatil geçirdik. Otelin en büyük avantajı koydaki tek otel olması. Muhteşem bir doğanın içinde, sakin ve berrak deniziyle gerçekten dinlendirici bir ortam sunuyor. Otel tam dolu olmasına rağmen koyun genişliği … Devamı",,Google üzerinde bir ay önce,5/5
Green Bay Resort & Spa Bodrum,"Green Bay Resort’ta konakladığımız süre boyunca genel olarak memnun kalmadık diyemem. Öncelikle denizinden bahsetmek isterim; bugüne kadar gördüğüm en güzel denizlerden biri diyebilirim. Deniz oldukça temiz, sakin ve neredeyse tamamen dalgasız. Deniz sevenler için gerçekten büyük bir avantaj.
Odalar temiz ve düzenliydi. Odanın renkleri ve dekorasyonu da ferah ve iç açıcı bir atmosfer oluşturuyor. Wi-Fi sorunsuz çalışıyor.
Yemek çeşitliliği oldukça fazla. Lezzetler çok üst düzey olmasa da kesinlikle kötü değil; herkesin kendine uygun bir şey bulabileceği kadar seçenek bulunuyor.
Ancak otelin bazı eksikleri de var. En dikkat çeken konu personel yetersizliği. Çalışanlar ellerinden geleni yapmaya çalışıyor ancak misafir yoğunluğu nedeniyle yetişmekte zorlanıyorlar. Personelin oldukça yorgun olduğu hissediliyor ve otelin kapasitesinin üzerinde misafir ağırladığını düşündüren bir kalabalık mevcut.
Bu yoğunluğun hizmet kalitesine de yansıdığını düşünüyorum. Özellikle restoran ve bar bölümlerinde hizmet oldukça zayıf. Çoğu zaman içeceklerinizi kendiniz gidip almak durumunda kalıyorsunuz ve misafirlerle yeterince ilgilenilemiyor. Buna karşılık bazı yabancı misafirlere daha fazla ilgi gösterildiğini, hatta içeceklerin masalarına kadar servis edildiğini gözlemledik. Bu durum yerli misafirler açısından hoş bir izlenim bırakmıyor. Lobide görev yapan ekip ise oldukça ilgili ve yardımcıydı.
Sessiz ve huzurlu bir tatil arayanlara çok uygun olmayabilir. Otelde çok sayıda çocuklu aile bulunuyor ve gün boyu çocuk sesleri yoğun şekilde hissediliyor. Buna karşılık çocuklu aileler için bazı aktiviteler mevcut.
Aktivite konusunda da beklentiyi çok yüksek tutmamak gerekiyor. Hem çocuklar hem de yetişkinler için etkinlikler olsa da gün boyu dolu dolu bir program sunulduğunu söyleyemem. Animasyon ve aktiviteler belirli saatlerle sınırlı kalıyor, bu nedenle daha hareketli ve eğlence odaklı bir tatil arayanlar beklentilerini buna göre ayarlamalı.
Bir diğer önemli eksik ise sivrisinek ve böcek problemi. Otel ormanlık bir koyun içinde yer aldığı için bu durum bir noktaya kadar anlaşılabilir olsa da yapılan ilaçlamaların yeterli olmadığını düşünüyorum. Özellikle akşam saatlerinde sivrisinekler oldukça rahatsız ediyor. Isırıklar sonrasında ciddi kaşıntı ve şişlik yaşadık.
Sonuç olarak Green Bay Resort’un en güçlü yanı kesinlikle denizi. Muhteşem denizi, temiz odaları ve geniş yemek seçenekleriyle güzel bir tatil geçirilebilir. Ancak yoğunluk, personel yetersizliği, hizmet kalitesi, sınırlı aktiviteler ve sivrisinek sorunu nedeniyle geliştirilmesi gereken noktalar olduğunu düşünüyorum.","Odalar5,0Hizmet2,0Konum4,0
Otelde öne çıkanlarÇocuklar için uygun",Google üzerinde 2 ay önce,3/5
Green Bay Resort & Spa Bodrum,"6-10 Haziran tarihleri arasında eşim ve çocuğumla birlikte 4 gece 5 gün konakladık. Otele sabah 11:00 civarında ulaştık. Odaların saat 14:00'te hazır olacağı söylendi ancak bu süre boyunca otelin tüm imkanlarından faydalanabileceğimiz belirtildi.
Genel olarak otelden oldukça memnun ayrıldık. Antalya veya Bodrum’daki ultra lüks tesislerle kıyaslamadığınız sürece, fiyat-performans açısından kesinlikle başarılı ve 5 yıldızı hak eden bir otel olduğunu düşünüyorum.
Beğendiğimiz noktalar:
Snack barın sipariş usulü çalışması ve ürünlerin oldukça lezzetli olması. Özellikle pizza ve makarnaları çok başarılıydı.
Deniz harika; dalgasız, temiz ve korunaklı bir koyda yer alıyor.
Şezlong bulma konusunda hiçbir sıkıntı yaşamadık, günün her saatinde boş yer vardı.
Restoran ve snack barların sahile yakın olması büyük rahatlık sağlıyor.
Personel son derece ilgili, yardımsever ve güler yüzlü.
Odalar her gün düzenli temizleniyor, minibar da günlük olarak yenileniyor.
Waffle ve gözleme alanı çok keyifli; hem dinlenmek hem de lezzetli atıştırmalıklar için ideal.
Ortak kullanım alanlarındaki tuvaletler oldukça temizdi.
Havuzların temizliği başarılıydı.
Orman içinde yer alması ve gün batımı manzarası gerçekten etkileyici.
Izgara çeşitleri ve mezeler çok lezzetliydi.
Akşamları düzenlenen canlı müzik ve animasyon gösterileri kaliteli ve eğlenceliydi.
Kids Club başarılıydı, çocuğumuz keyifli vakit geçirdi.
Çocuk havuzu temiz ve bakımlıydı.
Gün boyu soğuk kahve bulabilmek güzel bir detaydı.
Türk kahvesinin ücretsiz olması da hoşumuza gitti.
Geliştirilebilecek noktalar:
Odalardaki ahşap mobilyaların yüzeyleri yapışkan hissi veriyordu. Görüştüğümüz kadarıyla birçok odada benzer durum vardı ancak bizim için çok büyük bir sorun olmadı.
Yemek çeşitliliği biraz daha artırılabilir. Bununla birlikte aç kalmanız mümkün değil; snack bar, ızgaralar ve mezeler yeterli oluyor.
Ormanlık bölgede bulunduğu için özellikle akşam saatlerinde sivrisinek yoğunluğu oldukça fazla. Yanınızda sinek kovucu bulundurmanız faydalı olacaktır.
Kahvaltıda taze sıkılmış portakal suyu olmasını beklerdim.
Bazı yemekler kısa sürede tükenebiliyor ve zaman zaman yenilenmediğini gördük.
Genel olarak huzurlu bir tatil geçirdik. Özellikle çocuklu ailelere ve fiyat-performans odaklı tatil arayanlara gönül rahatlığıyla tavsiye ederim. 🌟","Odalar5,0Hizmet5,0Konum5,0
Otelde öne çıkanlarMuhteşem manzara · Çocuklar için uygun · Büyük fırsat",Google üzerinde 2 ay önce,5/5
Green Bay Resort & Spa Bodrum,"Otele dört geceliğine geldik ama verdiğimiz paraya üzülmesek geldiğimiz gün dönecektik. Manzara deniz olağanüstü. Bu manzaraya çok yazık edilmiş. Odalar çok küçük, çok eski ve pis. İçerisi sivrisinek dolu. Şikayetimizi ilettik spreyle ilaçladılar. Yerler ölü sivrisinek dolu öylece gittiler. Banyoda havalandırma yok ilettik ancak hiçbir şey yapılmadı. Yemekler çeşitli ancak iştah kapatıcı. Kahvaltıda yarım bardak çay içebildim sadece. Yemeklerin üzerinde sinekler uçuşuyor kimse oralı değil. Bütün bir yıl tatil hayali kurup geliyorsun geldiğin otel pislik içinde. Çok can sıkıcı gerçekten.
Yorumuma güncelleme yapmak istedim. Tatilimizin ikinci günü şikayetlerimi misafir ilişkilerinden Pırıl Hanım’a ilettim. Beni çok güzel bir şekilde dinledi ve durumumu çok iyi anladı. Tatilimizi daha iyi bir hale getirmek için elinden geleni yaptı. Buradan kendisine çok teşekkür ediyoruz. Otelin iki güzel tarafı var. Birincisi olağanüstü manzarası ve Pırıl Hanım gibi bir değeri.","Odalar1,0Hizmet2,0Konum5,0
Otelde öne çıkanlarMuhteşem manzara
OdalarOdalar çok küçük, eski, pis ve sivrisinek dolu.
Yakındaki etkinliklerEtkinlik olarak çok vasat.Animasyon ekibini henüz görmedim.
GüvenlikHerhangi bir sıkıntı görmedim.
Yürüme olanaklarıÇevre düzenlemesi ve manzara çok güzel. Ancak çok fazla sivrisinek var.
Yiyecek ve içeceklerYiyecekler çeşitli ancak çok lezzetsiz. Üstlerinde sinek kaynıyor ve kimse müdahale etmiyor.
Önemli ayrıntılarBanyosunda havalandırma yok. Olmadığını belirttik ve hiçbir şey yapılmadı. Koridorlardaki halılar leke içinde. Duvarlarda sivrisinek ölüleri var. Böylesine güzel bir manzarası olan otele çok yazık edilmiş.",Google üzerinde bir ay önce düzenlendi,2/5
Green Bay Resort & Spa Bodrum,"Keşke daha önce gelseydim dediğim bir otel oldu benim için. İlk olarak ulaşım çok kolay havalimanından 20 dakika, otel çok büyük bir koyda ve yeşillikler içerisinde. Otel çalışanların hepsi çok güler yüzlü ve her an size yardımcı olabilmek için yanınızdalar. Girişte karşılama çok güzel ve hızlıydı, hiç beklemeden erken gitmemize rağmen odalarımıza giriş yaptık. Odalar temiz düzenli ve amacına fazlasıyla hizmet ediyor. Biz Deniz manzaralı oda da kaldık çok beğendik. Otel düz ayak olmakla birlikte tüm alanlar, restoran, snack, barlar kısacası ulaşmak isteyeceğiniz her yer birkaç adım mesafede. Hemen hemen her şey birkaç adım ötemizde. Plaj, Deniz ve iskele gerçekten çok güzel ve tüm üniteler yeni. Tüm alanlarında sunulan yemekler, fast food yiyecekler tatlılar, içecekler markalı ve çok başarılı. Zeytinyağlılara ayrıca değinmek isterim. Spa merkezi ise bugüne kadar gördüklerimin en iyilerinden, sunulan hizmetler gerçekten çok kaliteli ve başarılı. Spa Merkezi yöneticileri ve ekip mükemmel. Daha anlatacak birçok şey var ama buraya sığmaz gibi geliyor, kesinlikle gelinmesi gereken tam bir fiyat performans oteli. Fazlası var azı yok emin olabilirsiniz. Tüm çalışan ve ekip üyelerine ilgi ve alakaları için teşekkür ederken Pırıl hanıma ayrıca değinmek isterim. Otele giriş yaptığımız ilk günden itibaren her gün bizimle iletişim kurarak oluşabilecek ihtiyaçlarımızla ilgili olarak yardımcı olmaya çalışması ve yardımcı olması burada bizi özel hissettirdi. İlk fırsatta tekrar gelmek dileğiyle. Her şey için teşekkürler...","Odalar4,0Hizmet5,0Konum5,0
Otelde öne çıkanlarMuhteşem manzara · Büyük fırsat
OdalarYeterli ve tatminkar
Yiyecek ve içeceklerHer şey el yapımı ve hazır ürün yok. Sunum ve lezzet çok başarılı. Çeşit bol ve tatminkar.
Önemli ayrıntılarDeniz ve Koy çok güzel, tesis düz ayak ve her yere ulaşım çok kolay...",Google üzerinde 3 ay önce,5/5
Green Bay Resort & Spa Bodrum,"Haziran 2026’da 5 gece konaklama yaptık. Balayı odası olmasına rağmen oda seçimini upgrade etmediler. Odaların temizliği iyiydi. Balayı odası olduğu için meyve ve şarap ikramı vardı. Otelin konumu ve denizi muhteşem. Yemekler genelde aynı ve değişmiyor. Lezzet çok iyi değil. Animasyon olarak içeride alanlar sınırlı maalesef, yine de animatör arkadaşlar ellerinden geldiği kadar ilgilenmeye çalışıyorlar.","Odalar5,0Hizmet4,0Konum5,0
Otelde öne çıkanlarMuhteşem manzara · Sessiz · Çocuklar için uygun",Google üzerinde 2 ay önce,4/5
Green Bay Resort & Spa Bodrum,"Yorumları okuyarak büyük bir tereddütle gelecek iken mayıs başı son okuduğumuz yorumlar gelene kadar motivasyonumuzu arttırmıştı. Ta ki gelip her şeyi görüp yazılan o sezon başı müthiş yorumları personellere ve çevrelerindeki insanlara yaptırdıklarını anlayana kadar.
Otelin lokasyonu denizin güzelliği manzarası oda temizliği içkileri ve baklavaları harika.
Özellikle etkinlikleri kesinlikle çok başarılı.
Ancak ne yazık ki yemek konusunda iyi diyebileceğim tek bir malzeme mevcut değil. Çok fazla sinek böcek var bunun sebebi ilaçlamanın yapılmamış olmasıdır. Daha önce torosların dibinde tatil yapmış biri olarak söylüyorum ki tek bir sineğe rastlamamıştım. Restoranda dünyanın en kötü yemeği seçilerek tescillenmiş kapuska çıkmasından her sabah sabit İngiliz fasülyesi menemen ve omlet sürekli aynı sıcaklar ile kendilerini tekrarlamaktalar. Hamur işi mevcut ancak mayalanamamış ve tadı tuzu olmayan iç malzemesi ufak dokundurulmuş hamur benzeri bir iş... Çeşit fazla ancak lezzet yok ve yiyeceklerin üzerine de ne olduğunu yazma zahmetinde bulunmamaları işletme olarak ne kadar acemi olduklarının göstergesi maalesef.. Her gün çıkardıkları köfte çamur gibi, tavukları iyi pişmemiş, ana yemek beklentiniz olmamalı, makarnasının tadı bile düzgün olmayan bir işeletmeymiş ve bu tatilin 6 ay taksidini ödeyecek olmanın da derin üzüntüsü içerisindeyim... Geleceklere tavsiyem daha önceden çok iyi tatiller yapmamışsanız belki tatmin eder ancak yine de beklentiniz asla olmamalı. Mayıs haziran fiyatı çevreye göre uygun ancak temmuz fiyatı bu özensizliğe göre fazla şişirilmiş aynı fiyata özellikle antalya göynükte çok üst seviye tatil yapacağınız oteller mevcut.
Bir kış çalışıp tatil bekleyip üzerine taksit ödeyip yemek lezzet konusunda hayal kırıklığı yaşamak istemiyorsanız bu oteli seçeneklerinizden direkt elemenizi öneririm.
Deniz, etkinlik ve konum önceliğiniz ise memnun kalırsınız.","Odalar4,0Hizmet5,0Konum5,0
Otelde öne çıkanlarMuhteşem manzara
OdalarOdalar fiyat performans odası, küçük oda dolap çok küçük içerisinde şampuan duş jeli tarzı herhangi bir temizlik malzemesi bulunmuyor. Odaların temizliği gayet yerinde. Küçük bir not ranzalı oda isteseniz de istemeseniz de odalarda ranza bulunmakta açılır kapanır şekilde. Bu sebeple ekstra kara manzaralı alıp fazla ücret ödemeyin direkt ranzalı seçebilirsiniz çünkü kara manzaralı odalarda da duvara gömülmüş ranza bulunmaktadır.
Yakındaki etkinliklerSabahtan akşama kadar etkinlik mevcut. Hepsi de çok başarılı.
GüvenlikKoy içerisinde tek otel zaten güvenlik sağlanacak herhangi bir durum yok
Yürüme olanaklarıOtel küçük olduğu için yürüme alanı bulunmamaktadır.
Yiyecek ve içeceklerEn büyük eksiklik ve tercihimizdeki büyük bir pişmanlık oldu. Düz yağlı makarna bile lezzetsiz ne yazık ki.. Çeşit var ancak hergün kendilerini tekrar ediyorlar. Üzülerek söylüyorum ki lezzet ciddi anlamda berbat.. İyi olan tek şey baklava ve alkolleri. Alkol almak içinde müthiş bir sıra beklemek zorundasınız barmen oldukça hızlı ancak kişi sayısı için yetersiz.",Google üzerinde 2 ay önce,3/5
Green Bay Resort & Spa Bodrum,"Kurban bayramı için geldik yorumlara baktığımızda herşey çok güzel görünüyordu ama sırasıyla belirtmek isterim 4 günde yaşadıklarımı. Odalar fena değil giriş katta kaldığımız için sineklik bozuktu butun gün içeriden salyangoz ve sivri sinek avladık, iyi yönünden bakalım avcılığımız gelişti. Hizmet olarak mutfak berbattı tek güzel olan hamur işleriydi ama ona hep aynı çeşitti her güne farklı çeşitler çıkmasını veya biraz daha lezzetli olmasını beklerdim, alevli şatafatlı pekin ördeği beklemedik ama pilavın pişmesini köftenin bitık lezzetli olmasını dilerdim. 3. Akşam yemeği menüsü ve aynı yemekler sunuldu hep. Bir sıkıntıda tabak bardak ve çatallar pisti, onada iyi tarafından bakalım bağışıklık kazandık. Onun dışında özellikle çocuk havuzundan yağmur çok ilgili ve sevimliydi sanki oteldeki bütün açığı kapatmaya çalışıyormuş gibi, ama diğer öğrenci çocuklarda iyiydi haklarını yemek doğru olmaz. Snack bar daki efe ye animasyondaki mehmet e hayran kaldık. Ne beklediğinizle doğru orantılı. Çok kalabalık olmasına rağmen huzurlu bir tatıl geçirdik.","Odalar3,0Hizmet3,0Konum5,0",Google üzerinde 2 ay önce düzenlendi,3/5
Green Bay Resort & Spa Bodrum,"Öncelikle denizi ve plajı çok güzel konumu da çok güzel denizi çarşaf gibi daha önce bir çok koy ve plaja sahile gitmiş biri olarak bu yorumu yapıyorum.
Odada ciddi anlamda hijyen sorunu var çarşaflarda kıl vardı değiştirmiyorlar sinek ve uçan böcekten uyuyamadık her yerimizi ısırdılar ilaçlama yönünden zayıf,yemek konusunda ise yine aynı beğenenleri anlamıyorum 5 yıldızlı bodrumda başka otellere gitmemişler sanırım ben daha önce 2 kere bodrumda 5 yıldızlı otele gittim ilk defa böyle yemekleri lezzetsiz hep aynı yemekleri çıkaran tabakları kirli bardakları lekeli bir otelde kalmadım. Bardakları bile plastik boyası çıkmış ya da bildiğiniz karton bardakta içecek veriyorlar sahilde kırılır diyeymiş ilk defa böyle uygulama duydum sanki normalde kırılmayacak.soğuk kahvesi bile şekerli süt gibiydi. 3 günlük kısırı raftan indirmediler bi daha birçok mezeyi her gün koydular.baklavaları çok güzeldi sürekli tatlı yedim.
Birde acayip bir gider kokusu var açık alanda bile .ben bu yorumu daha önce birçok otele gitmiş biri olarak yapıyorum ve beğenmedim bir dhaa asla . Ayrıca yarın 2 ye kadar olan 4 günlük rezervasyonumu 1 gün erken bitirdim çünkü dayanamadım bugün sabah ayrıldım ha birde ilk girdiğimiz günden beri sıcak su akmıyor dedik personel geldi baktı fakat 3 gündür su düzelmedi kaç kere baktılar soğuk akıyor hep soğuk suyla duş aldık hep bir daha asla gitmem. Salataları da beklemekten solmuş bozulmuştu ana restoran yanındaki genel kadınlar tuvaleti pislik içindeydi mikrop kapmaktan korktum onunda fotoğrafını çekecektim ama midem bulandı.",,Google üzerinde 2 ay önce,1/5
Green Bay Resort & Spa Bodrum,"Uzun süre sonra yaptığımız 5* ve her şey dahil konsept konaklamalarından biriydi. Otel çocuklu aileler için muazzam. Her şey ulaşılabilir ve otelin büyüklüğü içinde kaybolacak ölçüde olmaması açısından oldukça güzel. Çalışan sayısı oldukça fazla ve yardım severler.
Gün boyunca animasyon gösterileri, sizi hayatta tutmaya çalışan ekip iyi hissettiriyor. Yemekler fena değil. 7/10 diyebiliriz. Otelin ağzına kadar dolu olduğu bir dönemde olmamıza rağmen kuyruklar bekledik, aç kaldık falan diyemem. Gayet makul ve iyiydi.
Odalarda televizyon iki çalışıyor bir çalışmıyor. Yayın gidip geliyor. Keza wifi sistemi de benzer. Bence mutlaka elden geçmesi lazım.
Bu büyüklükte bir otelin masa tenisi masasındaki file içler acısıydı. Belli ki ya kimse bakmıyor ya da kimsenin umurunda değil. Halbuki beş paralık bir şey ve tüm gün ilgi görüyor. Sayısının iki olması ve filenin elden geçmesi bence yerinde karar olur.
Otelin tenis kortları da Tekirdağ Maris Tenis Kulübünün konaklama istemesiyle boyatılmış. İyi ki gelmişler. Çünkü bu tesise hiç yakışmayan ikinci bir gelişim alanı.
Deniz muazzam. İskeleler çok güzel. Akşamı ayrı, gündüzü ayrı tesis için teşekkürler Kilit Ailesi ve otel yöneticileri 🙏🏻
Biz seneye de gelebiliriz diye otelinizden ayrılıyoruz ve en güzel reklamı yaptınız. Müşterimizin tavsiye etmesine neden oldunuz. Tebrikler 🎊","Odalar4,0Hizmet5,0Konum5,0
Otelde öne çıkanlarMuhteşem manzara · Çocuklar için uygun
OdalarHap gibi ama gayet yeterli.
Yürüme olanaklarıOtel büyüklüğü ideal. Her tarafa yürünebilir.
Yiyecek ve içecekler7/10 diyebiliriz.
Önemli ayrıntılarUzun uzun gelişim alanlarını ve iyi olan yanlarını ana mesajımda derledim.",Google üzerinde 2 ay önce,5/5
Green Bay Resort & Spa Bodrum,"Green Bay Resort'ta güzel bir tatil geçirdik. Otelin en büyük avantajı koydaki tek otel olması. Muhteşem bir doğanın içinde, sakin ve berrak deniziyle gerçekten dinlendirici bir ortam sunuyor. Otel tam dolu olmasına rağmen koyun genişliği sayesinde kalabalık hissedilmiyor.
Çocuğumuz tenis kampına katıldı. Kortlar yeni boyanmıştı ve kamp organizasyonu oldukça başarılıydı. Personel genel olarak güler yüzlü, yardımsever ve çözüm odaklıydı.
Yemekler konusunda ise kalite her gün aynı seviyede değildi. Bazı öğünler idare ederken bazıları gerçekten çok lezzetliydi. Biraz daha istikrarlı bir kalite yakalanabilirse çok daha iyi olur. Deniz son derece sakin olduğu için özellikle çocuklu aileler ve su sporlarıyla ilgilenenler için çok uygun.
Olumsuz taraflara gelecek olursak; barlarda deneyimli bir barmen bulunmaması en büyük eksiklikti. Bar personelinin çoğu garsondu ve içecek hazırlama konusunda yeterli bilgiye sahip değildi. Bu durum hem alkollü hem de alkolsüz içecek alan misafirlerin bekleme süresini uzatıyordu. Her barda en az bir tecrübeli barmen olması hizmet kalitesini ciddi şekilde artıracaktır. Ayrıca barlarda çoğu zaman çerez bulunmaması da küçük ama hissedilen bir eksikti.
Odaların temizliği ise standart değildi. Bazı odalar yeterince temiz değildi ve housekeeping hizmetinin güçlendirilmesi gerektiğini düşünüyorum. Ayrıca otelde daha önce tadilat yapıldığı belli oluyor ancak işçilik kalitesi bazı noktalarda beklentinin altında kalmış.
Genel olarak doğası, denizi ve personeli sayesinde keyif aldığımız bir tatil oldu. Özellikle hizmet kalitesindeki birkaç eksik giderilirse çok daha başarılı bir tesis olacağına inanıyorum.",,Google üzerinde bir ay önce,5/5
Green Bay Resort & Spa Bodrum,"Otele ilk vardığımızda araç park edecek yer olmadığı için otelin en uzak noktasındaki personel otoparkına yönlendirildik. Otele giriş esnasında resepsiyon tarafından gerekli bilgilendirmeler yapılmadı (yemek ve organizasyon saatleri vb), odalar görüntülerdekinden daha küçüktü ve çok eskiydi, temizlik çok kötüydü, odadaki tüm mobilyalarda anlam veremediğimiz bir yapışkanlık vardı, silsek de geçmedi. Yorgan, çarşaf ve yastıklarda sinek ölüsü lekeleri vardı. Ayrıca her gün oda temizliği talep etmemize rağmen çarşaf ve havlular değiştirilmemişti. Bizim talebimiz üzerine sadece yeni yorgan getirildi. Bölge ormanlık bir arazi olduğundan çok fazla sinek ve böcek mevcut fakat odanın balkon kapısında sineklik mevcut değildi ve sökülmüştü. Hiçbir şekilde ilaçlama vs yapıldığını görmedik. Otel personelleri birden fazla alanda görevlendirildikleri için yorgunlukları ve bitkinlikleri yüzlerinden okunuyor ve hizmetlerine yansıyordu. Sadece fast food servisi olan snack barda bile bir yemeğin gelmesi 50 dk sürdü o da eksik bir şekilde 4. hatırlatma sonunda geldi. Odalar çok ses geçiriyor, bütün çocuk ağlamaları sabah odanın içerisindeydi. Plajda şezlong bulmak mümkün değil, insanlar sabah erkenden havlu bırakıp akşama kadar uğramıyorlar. Birkaç personel dışında kokteyl yapmayı bilen kimse yok. Basit bir içecek almak için bile yarım saatlik kuyruk beklemeniz gerekiyor. Yemekler hep soğuk servis ediliyor, tam saatinde bile restoranta gitseniz yine de soğuk yemeklerle karşılaşıyorsunuz. Çatal bıçaklar ve tabaklar lekeli. Yemek çeşitliliği çok az her gün aynı yemekler çıkıyor. Izgara bölümünde servis yapan kişiler yemek bekleyen misafirlere ramazan çadırındaymış gibi davranıyorlar. Tatilimizin son gününe kadar bekleyemeden otelden çıkış yaptık. Bir daha kesinlikle tercih etmeyeceğimiz bir yer oldu.","Odalar1,0Hizmet1,0Konum3,0",Google üzerinde 2 ay önce,1/5
Green Bay Resort & Spa Bodrum,"Otel genel olarak beklentimizi karşıladı ve keyifli bir tatil geçirdik. Konum olarak gerçekten çok güzel bir koyda yer alıyor; etrafının yeşillik ve ağaçlarla çevrili olması çok hoştu. Otelin çok büyük olmaması da bizim için avantajdı. Kompakt bir yapısı var, her yere rahat ulaşabiliyorsunuz ve insanı yormuyor.
Yemekler genel olarak lezzetliydi ancak çeşitlilik açısından biraz daha geliştirilebilir. Özellikle her gün benzer seçeneklerin olması ve yoğunlukta bazı ürünlerin hızlı tükenip yenilenmemesi dikkat çekti. Erken saatte yemeğe gelenlerle daha geç gelenler aynı seçenekleri bulamayabiliyor. Izgara bölümünde de yoğun saatlerde ciddi sıra oluşuyordu ve bazen sırada beklemek yorucu olabiliyordu.
Temizlik genel olarak iyiydi. Sadece bazı yoğun saatlerde bar bölümündeki bardaklarda lekeler gördük; hijyen konusunda biraz daha dikkat edilebilir.
Animasyon ve eğlence tarafını özellikle çok beğendik. Ekip oldukça ilgili ve enerjikti. Çocuklar için de keyifliydi; oğlum da tatilden çok keyif aldı. Yetişkinler için de güzel bir ortam vardı.
Snack bar ve à la carte restoranda bizimle ilgilenen Seyfi Bey’e ayrıca teşekkür etmek isterim. İlgili, nazik ve profesyonel yaklaşımı gerçekten çok kıymetliydi. Hizmet sektöründeki deneyimi ve misafirle kurduğu iletişim bunu net şekilde hissettiriyor.
Olumsuz olarak akşam saatlerinde sinekler gerçekten rahatsız edici olabiliyor. Bir de snack/bar bölümünde servis sadece masaya yapıldığı için yoğunlukta bekleme süreleri uzuyordu ve siparişler karışabiliyordu. Bazı alanlara servis olmaması da biraz zorlayıcıydı; bazen bir şey alıp sahile geçmek daha pratik olabilirdi.
Genel olarak güzel bir tatil geçirdik. Tekrar gelir miyiz derseniz evet gelebiliriz. Özellikle doğası, koyu ve kompakt yapısını sevdik. Yeme-içme çeşitliliği, ürünlerin daha sık yenilenmesi ve servis/hijyen tarafında yapılacak birkaç iyileştirmeyle çok daha keyifli bir deneyim olabilir.","Odalar4,0Hizmet4,0Konum5,0",Google üzerinde 2 ay önce,4/5
Green Bay Resort & Spa Bodrum,5 senedir bu otele geliyoruz bu sene tamamen rezalet rezil olduk paramızla nereden başlayacağımı bilemiyorum hizmet kalitesi sıfır. Gelirken şampuanınızı ve kremlerinizi getirmeniz gerekiyor artık odalarda şampuan krem ve duş jeli olmuyor öte yandan gözlemeci teyzeler olurdu nostaljik kendi elleriyle açarlardı artık gözlemenin başında 14 yaşında bir küçük çocuk dondurulmuş hazır yufka ile bize servis yapmaya çalışıyor öte yandan waffle üzerine sadece bozuk bir muz koyuluyor otelde ıce tea şeftali ve limon istiyoruz bu sene gelmedi deniliyor. Garsonlardan içecek istiyoruz self servis gidip kendiniz alınız demiyor müdürlerini çağırdığım zaman kusura bakmayın o arkadaş işe yeni başladı bilmiyor cevabını aldık. Hemen hemen sıcak olan bütün yemekleri tamamen soğuk şekilde yemek zorunda kaldık. Daha önceki senelerde sinek vardı da bir gün etkenler bir gün tavuk döner çıkıyordu 6 gündür üst üste sadece tavuk döner çıktı ve onu yemek zorunda kaldık. Barmen yok denecek kadar az. neyi neyle karıştıracağını bilmeyip Google'dan karışım yapmaya çalışıyor. Dogasi için gelmek isterseniz buyurun gelin Bizim paramız çöp oldu,"Odalar1,0Hizmet1,0Konum5,0",Google üzerinde 2 ay önce,1/5
Green Bay Resort & Spa Bodrum,"⭐ Konum ve Deniz – 10/10
Otelin en büyük artısı kesinlikle konumu. Kendine ait özel koyu bulunuyor ve denizi sadece otel misafirleri kullanabiliyor. Deniz inanılmaz temiz, berrak ve cam gibi. İki adet iskelesi var ve biz tatilin büyük kısmını iskelede geçirdik. İskelelerden denize girmek çok keyifliydi. Plaj tarafı çocuklu ailelerin yoğunluğu nedeniyle daha kalabalık olabiliyor.
🛏️ Oda Büyüklüğü – 5/10
Odalar maalesef oldukça küçük. İki kişinin rahat hareket etmesi bile zor oluyor. Bu konuda beklentimizi karşılamadı.
🛌 Yatak ve Yastık Konforu – 4/10
Yatakların artık eskidiğini düşünüyorum. Yayları oldukça gevşemiş ve konforlu değildi. Yastıklar da çok eski ve incelmişti. Rahat uyuyabilmek için ekstra yastık istemek zorunda kaldık.
🧹 Oda Temizliği – 5/10
İlk girişte banyoda lavabo altlarında toz, saç ve tüyler vardı. Duş alanı da yeterince temiz değildi. Çarşaflar temizdi ancak genel banyo temizliği daha özenli yapılabilirdi. Ayrıca günlük oda temizliği sonrası kulak pamuğu- bone gibi kullanılan malzemeler yenilenmiyordu. Mini bar da bazı günler eksik bırakıldı.
🍳 Kahvaltı – 6/10
Çeşit olarak oldukça zengindi. Peynir ve şarküteri ürünleri fazlaydı. Ancak sıcak ürünler beklentimizin altındaydı. Pişiler yağ çekmiş ve içi hamurdu. Pankek sırası sürekli uzundu, 10-15 dakika bekleniyordu . Yumurtalarda kullanılan yağın tadını da çok beğenmedik.
🍽️ Akşam Yemekleri – 8/10
Meze, ara sıcak ve zeytinyağlı çeşitliliği gerçekten çok başarılıydı. İçli köfte, dolmalar ve mezeler çok lezzetliydi. Ancak ana yemeklerde çeşitlilik azdı. Her gün neredeyse aynı ızgara ürünleri (çupra, köfte, tavuk, Adana kebap) servis ediliyordu.
🍔 Snack Bar – 4/10
Makarna, hamburger, pizza gibi ürünler bulunuyor. Ancak bizim tabağımızdan kıl çıktı ve değiştirmek zorunda kaldık. Hijyen konusunda dikkat edilmesi gerektiğini düşünüyorum. Servis de oldukça yavaştı.
🍸 Bar ve Kokteyller – 8/10
Kokteyllerin lezzeti ve alkol oranı başarılıydı. Ancak özellikle akşam saatlerinde iki barmen yoğunluğa yetişemiyordu. Önünüzde birkaç kişi olsa bile içeceğinizi almak 20-25 dakikayı bulabiliyordu. Gün icerisinde de İskelede boş bardaklar uzun süre toplanmıyordu.
👨‍🍳 Servis – 5/10
Bayram yoğunluğu nedeniyle personel sayısı yetersiz kalmıştı. Restoran, snack bar ve barlarda servis oldukça yavaştı. Garsonların sizi fark etmesini beklemek zorunda kalıyordunuz.
🏖️ Plaj ve İskele – 10/10
İskeleler oldukça keyifliydi ve denize girmek çok rahattı.
👮 Cankurtaran Ekibi – 10/10
Otelde en beğendiğimiz ekip kesinlikle cankurtaranlardı. Gün boyu görevlerinin başındaydılar, yüzme sınırını aşan misafirleri sürekli uyardılar ve oldukça güler yüzlüydüler. İhtiyacımız olduğunda da hemen yardımcı oldular.
🎭 Eğlence ve Aktiviteler – 7/10
Türk Gecesi ve İskender Paydaş’ın sahne aldığı akşam oldukça keyifliydi. Ancak genel olarak otel daha sakin bir profile sahip. Gün icinde animasyon ekibinden alınan tavla ve iskambil gibi ekipmanlar yetersizdi, çoğu zaman sıra gelmedi.
🛒 Market – 1/10
Otel içerisindeki marketin fiyatları kabul edilebilir seviyenin çok üzerindeydi. Bir paket cips ve bir çikolata için 500 TL istendi. iki ürünün güncel market fiyati 100-120 TL. Bu fiyatlandırmanın denetlenmesi gerektiğini düşünüyorum.
👨‍👩‍👧 Kimler İçin Uygun?
Çocuklu aileler için oldukça uygun bir otel. Gün içinde çocuklara yönelik aktiviteler yeterli. Ancak çocuksuz çiftler için aynı şeyi söyleyemem. Restoran ve ortak alanlarda çok fazla çocuk olduğu için gürültü ve yoğunluk hissediliyor. Daha sakin ve dinlenme odaklı tatil isteyenlere yetişkin konseptli otelleri tavsiye ederim.
⭐ Genel Değerlendirme
Denizi, özel koyu ve doğal güzelliği sayesinde keyif aldığımız bir tatil oldu. Ancak oda konforu, temizlik, servis hızı ve personel sayısı konusunda ciddi geliştirmeler yapılması gerektiğini düşünüyorum. Deniz odaklı tatil yapmak isteyen aileler memnun kalabilir, ancak sakinlik arayan çiftlerin beklentisini tam karşılamayabilir.","Odalar2,0Hizmet3,0Konum5,0
Otelde öne çıkanlarMuhteşem manzara · Çocuklar için uygun
Odalar🛏️ Oda Büyüklüğü – 5/10 Odalar maalesef oldukça küçük. İki kişinin rahat hareket etmesi bile zor oluyor. Bu konuda beklentimizi karşılamadı. 🛌 Yatak ve Yastık Konforu – 4/10 Yatakların artık eskidiğini düşünüyorum. Yayları oldukça gevşemiş ve konforlu değildi. Yastıklar da çok eski ve incelmişti. Rahat uyuyabilmek için ekstra yastık istemek zorunda kaldık. 🧹 Oda Temizliği – 5/10 İlk girişte banyoda lavabo altlarında toz, saç ve tüyler vardı. Duş alanı da yeterince temiz değildi. Çarşaflar temizdi ancak genel banyo temizliği daha özenli yapılabilirdi. Ayrıca günlük oda temizliği sonrası kulak pamuğu- bone gibi kullanılan malzemeler yenilenmiyordu. Mini bar da bazı günler eksik bırakıldı.
Güvenlik👮 Cankurtaran Ekibi – 10/10 Otelde en beğendiğimiz ekip kesinlikle cankurtaranlardı. Gün boyu görevlerinin başındaydılar, yüzme sınırını aşan misafirleri sürekli uyardılar ve oldukça güler yüzlüydüler. İhtiyacımız olduğunda da hemen yardımcı oldular.
Yiyecek ve içecekler🍳 Kahvaltı – 6/10 Çeşit olarak oldukça zengindi. Peynir ve şarküteri ürünleri fazlaydı. Ancak sıcak ürünler beklentimizin altındaydı. Pişiler yağ çekmiş ve içi hamurdu. Pankek sırası sürekli uzundu, 10-15 dakika bekleniyordu . Yumurtalarda kullanılan yağın tadını da çok beğenmedik. 🍽️ Akşam Yemekleri – 8/10 Meze, ara sıcak ve zeytinyağlı çeşitliliği gerçekten çok başarılıydı. İçli köfte, dolmalar ve mezeler çok lezzetliydi. Ancak ana yemeklerde çeşitlilik azdı. Her gün neredeyse aynı ızgara ürünleri (çupra, köfte, tavuk, Adana kebap) servis ediliyordu. 🍔 Snack Bar – 4/10 Makarna, hamburger, pizza gibi ürünler bulunuyor. Ancak bizim tabağımızdan kıl çıktı ve değiştirmek zorunda kaldık. Hijyen konusunda dikkat edilmesi gerektiğini düşünüyorum. Servis de oldukça yavaştı. 🍸 Bar ve Kokteyller – 8/10 Kokteyllerin lezzeti ve alkol oranı başarılıydı. Ancak özellikle akşam saatlerinde iki barmen yoğunluğa yetişemiyordu. Önünüzde birkaç kişi olsa bile içeceğinizi almak 20-25 dakikayı bulabiliyordu. Gün icerisinde de İskelede boş bardaklar uzun süre toplanmıyordu. 👨‍🍳 Servis – 5/10 Bayram yoğunluğu nedeniyle personel sayısı yetersiz kalmıştı. Restoran, snack bar ve barlarda servis oldukça yavaştı. Garsonların sizi fark etmesini beklemek zorunda kalıyordunuz.",Google üzerinde bir ay önce,3/5
Green Bay Resort & Spa Bodrum,"27-31 Mayıs tarihleri arasında 5 grup olarak bu otelde konakladık. Öncelikle olumlu yönlerden bahsetmek isterim. Otelin bir koya kurulmuş olması sayesinde doğası ve denizi gerçekten çok güzeldi. Ancak uzak iskelede duş imkânı bulunmaması önemli bir eksiklikti. Denizden çıkan misafirlerin kullanabileceği duş alanlarının eklenmesi faydalı olacaktır.
Otel çalışanları genel olarak yardımseverdi ve yoğunluğa rağmen ellerinden gelenin en iyisini yapmaya çalışıyorlardı. Özellikle resepsiyonda görev yapan Can Bey'e teşekkür etmek isterim; kendisine ilettiğimiz geri bildirimler hızlı şekilde çözüme kavuştu.
Ne yazık ki olumsuz deneyimlerimiz de oldu. Oda kartımızı ancak saat 14.35'te teslim alabildik ve geç giriş nedeniyle herhangi bir telafi sunulmadı. Odaya çıktığımızda ise temizlik konusunda ciddi eksiklikler olduğunu gördük. Banyoda ve dekoratif yastıkların üzerinde saçlar vardı, ayrıca bazı mobilyaların yüzeyleri yapışkan durumdaydı. Tesiste yeterli ilaçlama yapılmadığını düşünüyorum çünkü konaklamamız boyunca sinekler tarafından oldukça fazla ısırıldık ve bu durum ciddi rahatsızlık yarattı.
Yemekler konusunda da beklentilerimizin altında kaldık. Menü neredeyse her gün aynıydı ve midye dolma dışında lezzetli ya da kaliteli bulduğumuz çok az seçenek vardı. Özellikle kahvaltı saatlerinde uzun kuyruklar oluşuyordu. Snack bar ise maalesef tam bir hayal kırıklığıydı; hem ürünlerin lezzeti yetersizdi hem de üçüncü günümüzde oturacak masa bulabilmek için yaklaşık 15 dakika ayakta beklememize rağmen yer bulamayınca ayrılmak zorunda kaldık.
Bu tesiste yaklaşık 3 yıl önce, otel Crystal bünyesindeyken de konaklamıştık. O döneme kıyasla özellikle mutfak hizmetleri ile diğer departmanlar arasında belirgin bir kalite farkı olduğunu rahatlıkla söyleyebilirim.
Sonuç olarak, otelin en büyük artısı denizi ve doğal güzelliği oldu. Bu nedenle puanımın büyük kısmını bu özellikleri için veriyorum. Yüksek potansiyele sahip olan bu tesisin, misafir geri bildirimlerini dikkate alarak hizmet kalitesini geliştirmesini umuyorum. Ancak mevcut hizmet standardıyla yeniden tercih edeceğimi düşünmüyorum.","Odalar2,0Hizmet1,0Konum5,0",Google üzerinde 2 ay önce,2/5
Green Bay Resort & Spa Bodrum,"Haziran ayinda 2 yetiskin 2 cocuk 3 gece olarak konakladik.
Olumlu yönleri:
-konum cok iyi.koy tamamen otele ait.etraf ormanlik,deniz koy nedeniyle dalgasiz,ilik,temiz.iskelelerinde hem gunduz hem aksam vakit gecirmek cok keyifli.sezlonglar otel kapasitesini kaldircak kadar fazla.her havuzda ve denizin birkac bolgesinde cankurtaranlar mevcut(buradan yukari havuzda gorevli cankurtaran kizimin efe abisine tesekkur ederiz😊 minik bir havuz sakalasmasinda arkadasi yuzunden kizim korkup su yutunca efe bey hemen suya atladi.kizimi sakinlestirdi ve milkshake ikram etti.cok ilgiliydi)
-Yemek cesidi bol,mezesi,tatlisi,salata bari,meyvesi derken herkesin kendine gore birseyler bulabilecegini dusunuyorum.izgara hem oglen hem aksam surekli faal.masalar ic ve dis mekan olarak misafire yetiyor.garson arkadaslar icecek servisi yapiyor.
-oda olarak blokaji tesise ait oda sectik.musaitlige gore uygun oda verildi ve icinde cok vakit gecirilmedigini dusundugumuzde buyukluk acisinda bizce yeterliydi.odamizin temizlenmesini istedik temizlendi.ekstra battaniye talep ettik getirildi.hicbir uyari yapmadigimizdada oda toparlanmisti.odamizda sineklik mevcuttu.
-her aksam tiyatroda yetiskinlere ve cocuklara etkinlikler duzenlendi.guzeldi.gec saatlere kadar bar kismindada etkinlikler oluyor.
Olumsuz:
-cocuk oyuncakli havuz ve yetiskin aquasi gunluk 4 saat acik kaliyor.bu durum ne kadar dogru emin degilim.
-butun gun sinek bocek yok.ama tam yemek sonrasi amfi tiyatrodaki etkinlik sirasinda garip bir böcek ve beraberinde sivrisinek basiyor anlatamam.o sirada onlarla mucadele etmekten sahneyi izleyemedik.garip ki sadece o bolgede ve sadece ortalama 1 saat maruz kaliyorsunuz.o anlar disinda bocek skntisi yasamadik.
Genel olarak uygun fiyattan faydalanarak konakladigimiz o 3 gunde fiyat performans olarak memnun ayrildik.","Odalar5,0Hizmet5,0Konum5,0
Otelde öne çıkanlarMuhteşem manzara · Çocuklar için uygun",Google üzerinde 2 ay önce,5/5
Green Bay Resort & Spa Bodrum,"Fiyat Performansın Altında
30 Haziran’da giriş yaptığımız 6 gecelik tatilimizde otelin doğası ve denizi tek kelimeyle harikaydı. Ormanlık alanda, dalgasız ve havuz durgunluğunda bir koyda yer alıyor. Ancak deniz 4-5 metreden sonra hızla derinleştiği için yüzme bilmeyenler ve çocuklu aileler için pek uygun olmayabilir. Ayrıca ilaçlama yapılmasına rağmen karasinek ve sivrisinek problemi vardı.
Otelin genel olarak temizliği iyiydi, odaların yenilenmesi gerekiyor yatak ve yastıklar çok rahatsız ediciydi.
Yemekler konusunda alakart restoran ne kadar lezzetliyse, ana restoran o kadar yetersizdi, büfedeki meyve çeşitliliği sadece kavun ve karpuzla sınırlı kalmıştı.
Hizmet tarafında ise çalışanlar genç ve saygılı olmalarına rağmen deneyimsizlerdi. Özellikle bar personeli çok kötüydü; menüdeki standart reçetelere uymayan, oldukça lezzetsiz kokteyller hazırlandı, bu bölüme önem verilmemesinin sebebi de otelde çok fazla turistin olmamasına bağlıyorum. Bu hazırladıkları kokteyli bir ingilize veremezler.
Tesisin acilen hizmet içi eğitimlere ve restoran/bar yönetimine ağırlık vermesi gerekiyor.","Odalar1,0Hizmet2,0Konum5,0
Otelde öne çıkanlarMuhteşem manzara",Google üzerinde bir ay önce düzenlendi,2/5
Green Bay Resort & Spa Bodrum,"çok güzel bir otel çok menun kaldık kendine ait bir koyu olması şahaneydi. ancak akşamları afyonkarahisar termal tesisleri eğlenme alanına benzer ortamları dışında. ilk gün karaokeyi duymamak icin camlarımızı kapatıp uyuduk, ikinci gün oyun havaları eşliğinde adeta bir düğün yaşadık. neyseki ailemle gelmiştim. olurda siz eskaza balayına gelirseniz akşamları dışarda plan yapın. ayrıca çalışanlara cok üzüldük tatil boyunca, çok az kişiler ve yetiştiremiyorlar özellikle mutfakta ocakbaşındaki personellere kahrolduk.","Odalar5,0Hizmet4,0Konum5,0",Google üzerinde bir ay önce,4/5
Green Bay Resort & Spa Bodrum,İlk kez deneyimlendiğimiz bir otel ve fazlasıyla memnun kaldık. Çalışanların hepsi çok güler yüzlü ilgili . Yemekler odalar deniz havuz kısmı otelin bir çok alanı mevcut görsel olarak fotoğraf çekimi olarak gayet güzel çok begendik . Çocuklu aileler içinde gayet uygun sonsuz tavsiyemdir. Kokteyler harika Kerim beye selamlar :),"Odalar5,0Hizmet5,0Konum5,0",Google üzerinde bir ay önce,5/5
Green Bay Resort & Spa Bodrum,Eşimle 6-10 Haziran arası konakladık. Biz genel olarak memnun kaldık otel içinde bir bölgede yoğunluk olmadığı için rahat hareket ediliyordu ve kalabalık görünmüyordu. Konum olarak bir koy içinde tek otel olarak bulunması çok güzel avantaj.Yemekleri gayet yeterliydi çeşit vardı her akşam ızgara tavuk hindi et balık çıkıyordu kahvaltı aynı şekilde her şey vardı rahatlıkla erişebiliyorsunuz. Snack kısmı hamburger pizza spagetti gibi aparatif şeyler vardı. Çoçuk havuzu aquparklı kısım olduğu için eğer çocuğunuz yoksa o bölgelere hiç uğramadan sessiz sakin kafa dinleyeceğiniz +16 havuz kısmında zaman geçirebilirsiniz. Freedom Bar daki Enver bey çok ilgiliydi işinin ehli biriydi ve cankurtaran arkadaş Berk bey de aynı şekildeydi her şey için çok teşekkür ederiz odaların temizliği olsun havluların temizliği olsun gayet düzgündü daha ne olacak. Sahil kısmında çok fazla şezlong vardı rahatlıkla denize girebilirsiniz.Biz sevdik rahat sakin huzurlu bir tatil geçirebilirsiniz. Bizim fikrimiz bu otele şans verin pişman olmazsınız :)))),"Odalar5,0Hizmet5,0Konum5,0",Google üzerinde 2 ay önce,5/5
Green Bay Resort & Spa Bodrum,"Otel bir koyda olduğu için denizi çok canlı baya baya balıklar ile yüzüyorsunuz.
Otel çalışanlar olarak çoook başarılı güler yüzlü yardım severler. Özellikle sneackbarda Efe ve Kerim'e çok teşekkür ederim. Plajda sezlong bulmakda sorun yaşamıyorsunuz. İskelesi güzel +hiçbirşeye para ödemiyorsunuz. Açık büfe yemekleri güzel asla aç kalmazsınız beğenmeyenler için sneack barda da 12 ile 16 arasında istediğiniz feastfood yemekletden de alabilirsiniz. Odalar da günlük temizlik yapılıyor. Aktivitrler güzel
Biz 6 aylık bebeğimiz ile geldik her konuda bize çok yardımcı oldular. Sadece tavsiyem google navigasyon ile gelmeyin saçma sapan yollara girdik ortalama 1 saatten fazla yolu uzatıyor burda bir kaç misafirler ile de görüştüm onlarda aynı şeyi yaşamış. Genel anlamıyla memnunuz bugün tatilimizin 3.günü herkese emekleri için teşekkürler","Odalar5,0Hizmet5,0Konum5,0",Google üzerinde bir ay önce,5/5
Green Bay Resort & Spa Bodrum,"2 temmuzda giriş yaptık, hala buradayiz. Gelmeden once tüm yorumlari neredeyse okudum. Yemek şöyleydi diyenler, siz evinizde hergun havyar mi yiyorsunuz. Gayet lezzetli, et de var, tavuk da balık da, zeytinyagli, corba... hersey var gayet lezzetli. Hele baklavalar el yapımı enfes, yapanın eline saglik. Kahvaltida cok güzel ogle yemegide, ara yemeklerde, lütfen olumsuz yorumlara inanmayin. Evet sinek var, cok normal etraf orman ağaçlık. İstanbulda oturduğum site de sık ilaclanmasina rağmen orda da var. Gelirken sinek kovucu getirebilirsiniz. Tüm personel gayet guleryuzlu ve yardimsever, denizde havuzda şezlong sorunu yok koyda olması nedeniyle deniz bulanık biraz, birde çabuk derinlesiyor. Green bay resort çalışan herkese cokk teşekkürler","Odalar5,0Hizmet5,0Konum5,0
Otelde öne çıkanlarMuhteşem manzara · Sessiz · Çocuklar için uygun",Google üzerinde bir ay önce,5/5
Green Bay Resort & Spa Bodrum,"Green Bay’de geçirdiğimiz tatilden gerçekten çok memnun ayrıldık. Daha giriş yaptığımız andan itibaren herkes oldukça ilgili ve güler yüzlüydü. Özellikle animasyon ekibinden Görkem Bey ve Mehmet Bey bizimle çok yakından ilgilendiler, enerjileri ve samimiyetleri tatilimizi daha keyifli hale getirdi.
Geçen yıl da konaklamıştık ve bu sene yemekleri çok daha başarılı bulduk. Çeşit fazlaydı, lezzetler de oldukça iyiydi. Gün boyunca düzenlenen aktiviteler sayesinde bir an bile sıkılmadık; hem dinlenip hem de eğlenebildiğimiz bir tatil oldu.
Personelin ilgisi, animasyon ekibinin enerjisi ve otelin genel atmosferi sayesinde çok güzel anılarla ayrıldık. Emeği geçen herkese teşekkür ederiz. Bodrum’da keyifli ve dolu dolu bir tatil geçirmek isteyenlere gönül rahatlığıyla tavsiye ederim. 🌟🌴😊","Odalar5,0Hizmet5,0Konum5,0
Otelde öne çıkanlarMuhteşem manzara · Sessiz · Çocuklar için uygun · Büyük fırsat
OdalarOda gayet temizdi, donanımlıydı
Yakındaki etkinliklerHer akşam bodrum merkezde etkinlik vardı
GüvenlikGayet başarılı
Yürüme olanaklarıBaşarılı
Yiyecek ve içeceklerÇok çeşitli ve lezzetli
Önemli ayrıntılarAile olarak da arkadaşlar olarak da çok başarılıydı",Google üzerinde 2 ay önce,5/5
Green Bay Resort & Spa Bodrum,"Odalar geniş, ferah ve temiz.
Yemek seçimi muhteşem ve günlük değişken.
Kocaman bir otek alanı, hem dinlenmek mümkün, eğlence ve animasyon ekibi çok iyiydi, onlar sayesinde çok eğlendik.
Aytekin'e çok teşekküt ederiz herşey için.
Sohbeti bir numara, mutluku onu otel alanında bulun <3","Odalar5,0Hizmet5,0Konum5,0",Google üzerinde bir ay önce,5/5
Green Bay Resort & Spa Bodrum,"Genel olarak otel eski, kara manzaralı odalar daha da eski ve biraz küçük ama denizi güzel olduğundan eğer yüzmeyi seviyorsanız yatmadan yatmaya gidiyorsunuz, o yüzden tolere edilebilir. Odalarda sineklik yok, bizim kaldığımız odada yoktu, ciddi bir böcek sorunu ve ilaçlama sorunu var, otel yönetimi bu konuda bir şey yapıyor mu bilmiyorum, en azından bir şahit olmadık.
Bir yetkili çoğu zaman yok, daha çok bir AİLE İŞLETMESİ kafasındalar, kurumsallık sıfır denebilir.
Bu arada bu bölümle ilgili olmasa da MİLLİ MAÇIMIZIN ilk yarısını sessiz izledik, bu da milli bir güvenlik sorunu bence.
Yiyecekler vasat seviyede ancak içeceklerde oldukça ucuza kaçılmış. Ucuz marka kokteyl içerikleri mevcut. Bira olarak sadece Efes fıçı var, onu da plastik bardaklarda veriyorlar, çalışan garson sayısı çok az, bu yüzden adamına göre içecekleri self-servis ya da yoğunluk olduğu için kendiniz alıyorsunuz diye söyleyebiliyorlar. Bazen de self servis ama getireyim hadi şeklinde gönüllerinden bir içecek kopabiliyor. Diğer barlar da yine self-servis işliyor. Az çalışan ile maximum kazanç amaçlanmış.
İçecek çeşitliliğine ve sürekli self servis olayına (kendi kendinize hizmet etmenize) takılmazsanız, otel güzel yerde konuşlanmış ve ideal konaklama olanaklarına sahip. Özellikle denizi çok güzel, cost-effective bir tatil arayan ve denize girip tatil yapayım demek isterseniz ideal.
Özetle sadece denizi güzel, gerisi boş.","Odalar1,0Hizmet1,0Konum4,0
Otelde öne çıkanlarMuhteşem manzara
OdalarGenel olarak otel eski, kara manzaralı odalar daha da eski ve biraz küçük ama denizi güzel olduğundan eğer yüzmeyi seviyorsanız yatmadan yatmaya gidiyorsunuz, o yüzden tolere edilebilir. Odalarda sineklik yok, bizim kaldığımız odada yoktu, ciddi bir böcek sorunu ve ilaçlama sorunu var, otel yönetimi bu konuda bir şey yapıyor mu bilmiyorum, en azından bir şahit olmadık.
GüvenlikBir yetkili çoğu zaman yok, daha çok bir aile işletmesi kafasındalar, kurumsallık sıfır denebilir. Bu arada bu bölümle ilgili olmasa da Milli maçımızın ilk yarısını sessiz izledik, bu da milli bir güvenlik sorunu bence.
Yiyecek ve içeceklerYiyecekler vasat seviyede ancak içeceklerde oldukça ucuza kaçılmış. Ucuz marka kokteyl içerikleri mevcut. Bira olarak sadece Efes fıçı var, onu da plastik bardaklarda veriyorlar, çalışan garson sayısı çok az, bu yüzden adamına göre içecekleri self-servis ya da yoğunluk olduğu için kendiniz alıyorsunuz diye söyleyebiliyorlar. Bazen de self servis ama getireyim hadi şeklinde gönüllerinden bir içecek kopabiliyor. Diğer barlar da yine self-servis işliyor. Az çalışan ile maximum kazanç amaçlanmış.
Önemli ayrıntılarİçecek çeşitliliğine ve sürekli self servis olayına (kendi kendinize hizmet etmenize) takılmazsanız, otel güzel yerde konuşlanmış ve ideal konaklama olanaklarına sahip. Özellikle denizi çok güzel, cost-effective bir tatil arayan ve denize girip tatil yapayım demek isterseniz ideal. Özetle sadece denizi güzel, gerisi boş.",Google üzerinde 2 ay önce,1/5
Green Bay Resort & Spa Bodrum,"Otel konum olarak çok iyi kendi koyu olması harika yemekler lezzetli ve çeşitli personel çok ve ilgili güler yüzlüler barda ki kardeşimiz yunus çiftçinin kokteylerini çok sevdik resmen döktürüyor kendisini tebrik ederiz bu tarz otellerde maalesef bilgisiz barmentler oluyor kendisi çok bilgili mutlu olduk yolu açık olsun :)
Odalara gelecek olursak balkon kapılarında sineklik yok sinek avladık devamlı acil önlem gerekiyor bu sıkıntıyı bildirdiğimizde hemen ilgilenip ilaçladılar ama bu şekilde olmaz. Onun dışında temiz düzenli ve konforlu odalar. Ayrıca fiyat performans bir otel bu olanaklara konumuna hizmetine göre tekrar görüşeceğiz bugün son gecemiz :))","Odalar3,0Hizmet5,0Konum5,0
Otelde öne çıkanlarMuhteşem manzara · Romantik · Çocuklar için uygun · Büyük fırsat
OdalarKomforlu temiz ama sineklik yok sıkıntı :(
Yakındaki etkinliklerCanlı müzik ve çocuk eğlencesi köpük partisi vs
Güvenlikİyi
Yürüme olanaklarıGüzel
Yiyecek ve içeceklerBol ve lezzetli
Önemli ayrıntılarSineklik yaptırılması şart",Google üzerinde bir ay önce,5/5
Green Bay Resort & Spa Bodrum,"Hayatım boyunca yurt dışı ve yurt içinde 5 Yıldızlı otellerde tatil yaptım, bilinen en büyük zincir otellerde dahil,bu kadar huzur bulduğum bir tatil yaşamamıştım, Otel'in konumu ,mekanlar arasındaki yakınlık ,denize sürekli yakın olmak paha biçilemez, hizmet Son derece güzel personel her konuda elinden geleni yapıyor özellikle resepsiyondaki Pelda hanıma desteklerinden dolayı çok teşekkür ediyoruz her isteğimiz, talebimiz anında yerine getirildi, şu an Oteldeyiz ve tatili uzatsak mi diye düşünmüyor değiliz.
Ayrica Otelde sinek problem yok, yoğun ilaçlama yapılıyor, yapılan haksız yorumlara bakmadan gönül rahatlığıyla gelebilirsiniz.","Odalar5,0Hizmet5,0Konum5,0",Google üzerinde 3 hafta önce,5/5
Green Bay Resort & Spa Bodrum,"Temmuz ayında 4 yaşındaki ikiz çocuklarımızla harika bir tatil geçirdik. Tatilde kendimizi evimizde hissettik, hatta 1 haftalık tatilimizi 1 gün tatili uzattık. Çalışanlar çok güleryüzlü, yardımsever ve sıcakkanlıydı. Şimdiye kadar gittiğimiz otellere göre fiyat/performans olarak çok çok öne çıkıyor. Deniz, koy ve manzara muhteşem. Bodrumun birçok yerine oranla dalga yok gibi. Büfesi oldukça zengin, çocuklar için günün her saatinde birçok seçenek mevcut. Gitmeden önce okuduğumuz olumsuz yorumlardan dolayı biraz endişeliydik ama olumsuz hiç bir şey yaşamadık. Ailemizle tatilimizin keyifli geçmesine vesile olduğu için otel yönetimine ve tüm emekçi arkadaşlara ayrı ayrı çok teşekkür ederiz. Seneye görüşmek üzere.","Odalar5,0Hizmet5,0Konum5,0
Otelde öne çıkanlarMuhteşem manzara · Çocuklar için uygun",Google üzerinde 4 hafta önce,5/5
Green Bay Resort & Spa Bodrum,Öncelikle bugüne kadar birçok tatil bölgesinde çok sayıda otelde konaklamış biri olarak kesinlikle fiyat/performans oteli diyebilirim. Hatta performans olarak üzerinde kesinlikle üzerinde kalır. …,,Tripadvisor üzerinde bir ay önce,5/5
Green Bay Resort & Spa Bodrum,"Malum site yorumları manipüle ettiğini düşündüğümden burada bütün hakikatı yazacağım.
TLDR: Sivrisinek bin tane, deniz kötü, yemekler uçlarda, içecekler 1 taneden sonra self servis
-Denizi: tortu suda asılı kaldığından yarım metreden dibi göremiyorsunuz. Deniz kirli veya pis veya kokuyor. Dibi balçık muhtemelen. Hadi bu ülkenin problemi olsun. Kumsal daha büyük taşlardan temizlenmemiş. Altı üstü 1 kere elekten geçecek. Yumruk kadar taş bulursunuz.
-yemekler: uçlarda. Hamur işi, pizza, baklava türevleri çok güzel ancak pide inanılmaz kötü. menemen bir gün güzel bir gün kötü. Köfteler çok kötü. Daha doğrusu kıymaları kötü. Tavuk döner çok kötü. Izgara sadece balık, tavuk ve hindi. 9 gün boyunca başka ızgara çeşidi çıkmadı. Izgara tavuk ama çok iyi. Garip. Sneak bar’dan çıkan neredeyse her şey kötü. Gazlı içecekler dolapta unutulmuş litrelik kola gibi. meyve suları aşırı şekerli ve fabrikasyon hisli idi. Kavun, karpuz, kayısı, üç beş şeftali dışında meyve yok. Meyve konulan yerin görseli dolsun diye sakız kabağı var. Alkolde eller boldu da nispeten rahatladık. Saat 11-12 arası yemek yok. Öğle yemeğini kaçırırsanız akşam 6’ya kadar çocuğunuza meyve ceplemediyseniz bulamazsınız mesela. Ultra ama bazı şeyler hariç.
-temizlik: gerçekten iyi. Oda temizliği olsun umumi tuvalet olsun, yemek sırası temizlik olsun. Sauna tarafı belli ki alt işletmeye verilmiş oranın temizliği kötü onun dışında otel gerçekten temiz. Ablalar çalışıyor, mini bar mehteran marşı.
-çalışanlar: bence gerçekten kötü. Sabit barda çalışanların çoğu düzgün ve gayretkar ama masaları gezenler felaket. Özellikle sneak bar’da çalışan 1 kişi hariç hepsi sadece dikiliyor. Muhtemelen sabit barın az da olsa bahşişi çıkıyor diğerleri eşek gibi çalışıyor gibi bir durum olmuş. İçeceklerimin %90’ını ben almak zorunda kaldım.
-ambiyans: her gece bir şeyler var. O konuda aktif ve çeşitli. Köpük partisinde bir ara ankaralı namık bile çaldı. Her sabah aynı açılış müziği. Cringe bir sabah animasyon dansı. Arazi inanılmaz geniş ve çok yeşil. Otopark sıkıntısı yok ama on günün sonunda arabanın her yeri beyaz reçine idi. Onu da mı ben düşüneceğim. Düşünmemeye gelmişim ya hani. Havası temiz ve gecesi serin. Klimalar daikin. Bütün koy otele ait. Bebeği olanlar için kumsal süreci gayet rahat.
En büyük eksi: koridordan odana geçerken 100 tane sivrisinek sayarsın. Buradaki yorumları okuyup da sineklik almıştık yanımıza, yoksa mahvolmuştuk. Kişinev otogarı ömrümde bir bura iki. Sneak bar’da da karasinekten geçilmiyor. dostlar çarşıda görsün diye ilaçlanıyor. Bahaneleri bataklık imiş. 400 kişilik yemekhanede 2 tane uv sinek öldürücü var. Karasinek yakalayan zımbırtıdan pahalı odaların bulunduğu yerleşkede 1 tane gördüm. Bu durum Çağ dışı. Sorumsuzca. Çalışanını yanıma gönderip yorum yazdıracağına Şunu otur çöz işte kırmızı sitede sana 1 puan koyar. Yemeği çözüyorsun bi şekilde ama bu tek kelimeyle iğrenç.
- Ana koridordan sahile çıkarken bir yerlerde kanalizasyon kokusu var. Biz üçüncü kattaydık zaman zaman bizde de oldu. Burada bir yorumda görmüştüm, zemin katta kalıyorlarmış ve koku varmış. Doğru demek ki.
-Büyük aqua’da 120 cm çocuk kuralı var. Ebeveynle kayamıyoruz. Mini aqua’da santim sınırı yok ama orada da ebeveyn haliyle bebeğiyle kayamıyor. Kısacası 4 yaşa kadar aquaparkı fiilen kullanamıyorsunuz. Kids club’ta 10-15 tane priz var, tv kabloları sarkıyor, trambolin duvar dibinde ve duvarda yastık yok.
Büyük aquada merdiven kaydırmazı yok, havuz yeterince derin değil.
Kısacası; otel inanılmaz büyük bir potansiyele sahip ama sadece şekil şartlarını yerine getirmişler gibi. Patronlar iş başında durarak sistemi sınırda dengede tutuyorlar ama bu kafayla otelin ivmesi aşağıya. Takıntılı bir müdür; sineğinden tut, koridor halılarındaki lekeye, saunada yanıp sönen ışığa, hemen dolan banyo giderleriyle kafayı bozmadıkça zor. Denizi zaten çözemezler de kumsalın taşını kaldırmak bir hafta almaz. Aşırı sınırda memnun kaldık. 2 yaş bebemiz deniz görmeseydi burada çift olarak çok üzülürdük. 2 kişi Gecelik: 750 dolar ödedik. Dolar yazınca şimdi içime oturmadı değil.","Odalar3,0Hizmet3,0Konum4,0
Otelde öne çıkanlarMuhteşem manzara
OdalarEvet, odadaki masalar yapışkan.
GüvenlikHer gazeboda bir yangın tüpü koyarak ruhsat alınmış ama yangın tüpleri güneş altında kalmasında yönetmelikçe bir sıkıntı olmadığından rahvan gitsin.
Yürüme olanaklarıEngelli bireyler tam anlamıyla düşünülmüş
Önemli ayrıntılarKlimalar daikin, temizlik malzemeleri diversey ve karcher.",Google üzerinde bir ay önce,3/5
Green Bay Resort & Spa Bodrum,Geçen sene kurban bayramı için gitmiştim çok memnun kalmıştık bu sefer aynı memnuniyet için tercih ettik fakat çok yanılmışız. Özellikle yiyecek konusu çok değişmiş. Geçen sene açıl büfe olan snack büfesi bu sene siparişe dönmüş. Ve hizmet … Devamı,,Google üzerinde 2 ay önce,1/5
Green Bay Resort & Spa Bodrum,"Hotelin en güzel yönlerinden birincisi konumu, ikincisi baklavaları. Onun dışında iyi bir şey göremedim. Otele girişte kimse otel hakkında bir bilgi vermiyor. Gece odada sinek avına çıktık buna rağmen çocukları sineklerden koruyamadık. … Devamı",,Google üzerinde bir ay önce,2/5
Green Bay Resort & Spa Bodrum,Bu oteli tercih etmeyi düşünüyorsaniz sadece deniz için geleceğinizi bilin. Sadece deniz için de bu kadar para verilmez biz koyda olduğu için merak ettik ve geldik pişman oldum kendi adıma açıkçası sadece koyda yüzmek için bu kadar para … Devamı,,Google üzerinde bir ay önce,1/5
Green Bay Resort & Spa Bodrum,"Otele kötü yorum yapanlara anlam veremiyorum. 5 gece konakladık fiyat performans oteli gerçekten. Denizi muhteşem dalgasız tertemiz, yemekleri gayet lezzetli ve çeşitli evet çoğu gün benzer ürünler çıkıyor ama o kadar çeşit var ki her gün … Devamı",,Google üzerinde 2 ay önce,4/5
Green Bay Resort & Spa Bodrum,Otele ailecek geldik ve konum olarak gerçekten güzel bir tesis olduğunu söyleyebilirim. Ancak maalesef yemek ve hizmet konusunda ciddi hayal kırıklığı yaşadık. … Devamı,,Google üzerinde 2 ay önce düzenlendi,1/5
Green Bay Resort & Spa Bodrum,Otelde çok büyük bir ışıklandırma problemi var. Akşam güneş battığında bütün dış mekan kullanım alanları karanlık oluyor. Bebeğimi park alanına götürüp vakit geçirmek istedim fakat o kadar karanlık ki önümüzü göremiyoruz. Çocuklar için … Devamı,,Google üzerinde 2 ay önce,3/5
Green Bay Resort & Spa Bodrum,Otel kesinlikle fiyat performans diyebilirim. 7 yıl önce eşimle gelmiştik bu sene 5 yaş kızımızlar tercih ettik. Otel şahane bir koyda. Çalışan herkes çok nazikti. Bizim için en olumsuz deneyim kids klup oldu gündüz 10 dakika bile … Devamı,,Google üzerinde bir ay önce,3/5
Green Bay Resort & Spa Bodrum,"Koyun bulunduğu yer harika, dört tarafı ormanla çevrili bir göldeymissiniz gibi. Deniz dümdüz dalgasız. Otel geniş bir alanda imkanlar fazla, etkinlik çok, yemekler çeşitli ve güzel. Kısaca çok güzel bir otel ve tatilimiz çok güzel geçti","Odalar5,0Hizmet5,0Konum5,0
Otelde öne çıkanlarMuhteşem manzara · Çocuklar için uygun",Google üzerinde 2 ay önce,5/5
Green Bay Resort & Spa Bodrum,"Ailecek 5 gece konakladık ve genel olarak çok memnun kaldığımız için yorum yapmak istedim. Yemekler lezzetli ve çeşitliydi. Personel güler yüzlü, ilgili ve yardımseverdi. Tesis genel olarak bakımlı ve temizdi. Plajı temiz, denizi ise … Devamı",,Google üzerinde bir ay önce,4/5
Green Bay Resort & Spa Bodrum,Normalde odaların küçüklüğünü sorun edenler olur ama bence temizlik ile herşeyi ört pas edilebilir. Temizlik konusunda çok iyiler. Yemekler lezzetli özellikle mezeler çok iyi. Denizi ve doğası harika. Restoranda Zeynep hanım ve Mehmet bey … Devamı,,Google üzerinde 2 ay önce,5/5
Green Bay Resort & Spa Bodrum,Geçen sene kurban bayramı için gitmiştim çok memnun kalmıştık bu sefer aynı memnuniyet için tercih ettik fakat çok yanılmışız. Özellikle yiyecek konusu çok değişmiş. Geçen sene açıl büfe olan snack büfesi bu sene siparişe dönmüş. Ve hizmet sürekli aksıyor suratlar beş karış. Geçen sene hiç öğle yemeği yememiş tüm vaktimizi snacktr geçirmiştik. Et kalitesi malesef çok kötü kırmızı et özellikle. Türk tatlıları iyi fakat yemek başında stoklamaz iseniz devamı yok. Çocukların keyifle oynadığı masa tenisi bir köşeye atılmış duvara dayanmış oynanamıyor. Barlar kalabalık. Masaya servis yok gibi . Barmene sorduğunuzda 1 kişi gösteriyor 100 TL bahşiş verin masa ıza herşeyi getirir diyor. Bla bla bla çok isterdik aynı memnuniyet ile ayrılayım seneye birdaha geleyim ama maalesef.,"Odalar2,0Hizmet1,0Konum4,0
Otelde öne çıkanlarÇocuklar için uygun",Google üzerinde 2 ay önce,1/5
Green Bay Resort & Spa Bodrum,"Hotelin en güzel yönlerinden birincisi konumu, ikincisi baklavaları. Onun dışında iyi bir şey göremedim. Otele girişte kimse otel hakkında bir bilgi vermiyor. Gece odada sinek avına çıktık buna rağmen çocukları sineklerden koruyamadık. Bence sinek en büyük problem. Balkon kapılarında nasıl sineklik olmaz??? Odalar aşırı küçük ve dolap yok denecek kadar küçük eşyalar valizlerde kaldı. Yemekler vasat. Önünüze sürekli aynı yemekler geliyor. İnanılmaz güzel bir koy içerisinde olmasına rağmen plajı bataklık kokuyor. Su göl suyu gibi bulanık. Ben hiçbir otelde bu kadar zayıf animasyon görmedim. Gece çocuk kulübü sadece yarım saat eğlence düzenliyor. Onun dışında gösteri falan yok. Çalışanlar hayatlarından bıkmış gibiler. Gülen yüze rastlamanız çok zor. Bir daha bu otele kesinlikle gelmem. Gelmeyi düşünen tanıdıklarıma da tavsiye etmem.",,Google üzerinde bir ay önce,2/5
Green Bay Resort & Spa Bodrum,Bu oteli tercih etmeyi düşünüyorsaniz sadece deniz için geleceğinizi bilin. Sadece deniz için de bu kadar para verilmez biz koyda olduğu için merak ettik ve geldik pişman oldum kendi adıma açıkçası sadece koyda yüzmek için bu kadar para vermeye değmez. Yemekler vasat restaurant vasat otel çok eski ve asla hiç bir yenilik yapılmamış termal tesisde hamama girmeye gelmişiz gibi bir his veriyor sürekli. Barlar kötü havuz kullanamayacak durumda çok küçük. Animasyon ekibi diye bir ekip yok. Otel ölü gibi arkadaşlar. Çalışan herkesin suratı asık sanki esnaf lokantasında çalışıyor gibi çalışanlar çok tuhaf bir otel asla fiyat performans oteli değil aynı paraya Kuşadası'nda harika bir tatil yaptık. Burası bizim için tam bir hayal kırıklığı malesef bir daha gelmeyi düşünmüyorz.,"Odalar1,0Hizmet1,0Konum1,0",Google üzerinde bir ay önce,1/5
Green Bay Resort & Spa Bodrum,"Otele kötü yorum yapanlara anlam veremiyorum. 5 gece konakladık fiyat performans oteli gerçekten. Denizi muhteşem dalgasız tertemiz, yemekleri gayet lezzetli ve çeşitli evet çoğu gün benzer ürünler çıkıyor ama o kadar çeşit var ki her gün farklı bir şey yense zaten aynı şeyleri yememiş olursunuz… Evet odalar küçük ama tatile odada oturmaya geliyorsanız o sizin kararınız, uyumak ve duş için kullanınca bence odaların küçüklüğünde çokta bir problem göremiyorum. Konumu doğanın içerisinde akşam saatlerinde dış alanlarda sinek problemi yaşanabiliyor ne kadar ilaçlama yapılsada bu kadar doğanın içinde olan bir yerde ne kadar etkili olabilir ki. Kısacası ben memnun ayrıldım her şey için teşekkürler.","Odalar3,0Hizmet5,0Konum5,0
Otelde öne çıkanlarMuhteşem manzara",Google üzerinde 2 ay önce,4/5
Green Bay Resort & Spa Bodrum,"Otele ailecek geldik ve konum olarak gerçekten güzel bir tesis olduğunu söyleyebilirim. Ancak maalesef yemek ve hizmet konusunda ciddi hayal kırıklığı yaşadık.
Özellikle yemeklerin ve mezelerin tadı bayat ve bozulmuş gibiydi. Ultra her şey dahil konseptindeki bir otelde bu kaliteyi kesinlikle beklemiyorduk. Restoranda Adana kebap dağıtılırken görevli personelle tartışma yaşadık çünkü herkese sadece iki adet veriliyordu. Ultra her şey dahil bir otelde insanların istediği kadar yemek alabilmesi gerekirken sürekli kısıtlama hissediliyordu.
Ayrıca birçok ürün çok hızlı bitiyor ve yenisi gelmiyordu. Örneğin içli köfte bittiğinde tekrar servis edilmedi. Bunun gibi birçok üründe aynı durum yaşandı. Yemek çeşitliliği de oldukça yetersizdi.
Eğlence tarafında ise gündüz aktiviteleri çok zayıftı. Gün içerisinde ciddi anlamda sıkıldık. Otelin bu konuda kendini geliştirmesi gerekiyor.
Özetle; konum ve fiziksel ortam güzel olsa da yemek kalitesi, servis anlayışı ve aktiviteler açısından memnun kalmadık. Bu nedenle şu an için oteli tavsiye etmiyorum.","Odalar1,0Hizmet1,0Konum3,0
Otelde öne çıkanlarÇocuklar için uygun",Google üzerinde 2 ay önce düzenlendi,1/5
Green Bay Resort & Spa Bodrum,"Otelde çok büyük bir ışıklandırma problemi var. Akşam güneş battığında bütün dış mekan kullanım alanları karanlık oluyor. Bebeğimi park alanına götürüp vakit geçirmek istedim fakat o kadar karanlık ki önümüzü göremiyoruz. Çocuklar için yapılan etkinlik alanına giderken kocaman bir merdivenle karşılaşıyosunuz ve rampa bulunmuyor. Bebek arabasını kucağımızda taşımak zorunda kaldık. Otelin konumu itibari ile çok sinek ve uçan böcek var. Eğer bebeğiniz varsa bebek arabası için ve park yatak için tül sineklikle gelebilirsiniz. Odaların camlarında sineklik yok. Otelin yemekleri fena değil ama ana yemekler çeşitsiz. Izgara balık güzel. Yemek saati boyunca otelde sürekli bir duman mevcut. Baca çok yakın olduğu için heryer dumanaltı oluyor. Sunulan alkoller çok ucuz. Deniz kum olduğu için çok bulanık. Berrak bir deniz beklemeyin. Plajda hamaklar bulunuyor, dinlenebilirsiniz. Ben 1 yaşında uyumayan bebeğimi uyutmak için kullandım 🫠👍🏼","Odalar3,0Hizmet4,0Konum2,0
Otelde öne çıkanlarÇocuklar için uygun",Google üzerinde 2 ay önce,3/5
Green Bay Resort & Spa Bodrum,Otel kesinlikle fiyat performans diyebilirim. 7 yıl önce eşimle gelmiştik bu sene 5 yaş kızımızlar tercih ettik. Otel şahane bir koyda. Çalışan herkes çok nazikti. Bizim için en olumsuz deneyim kids klup oldu gündüz 10 dakika bile bırakamadık çok başı boş bir durum söz konusuydu ayrıca gene mini diskoda sadece ücretli olan tişört boyama satın almış çocuklar sahnede madalya alıyor. Daha önce gittiğimiz yerlerde ücretli aktiviteler oluyor tabiki ama madalya ve sertifika alan çocuklar akıl oyunları ya da yarışmalar da birinci olanlara veriliyordu hiç bir çocuk sahnede sadece ekstra ücret Ödemiş çocukları izlemek zorunda kalmıyordu. Yemekler ortalamaydı. Can kurtaran sayısı bazı noktalarda yetersiz kalmış durumda. Ama bodrumda bu fiyatta tercih edilebilecek iyi bir otel olduğunu söyleyebilirim,"Odalar3,0Hizmet3,0Konum4,0
Otelde öne çıkanlarMuhteşem manzara",Google üzerinde bir ay önce,3/5
Green Bay Resort & Spa Bodrum,"Ailecek 5 gece konakladık ve genel olarak çok memnun kaldığımız için yorum yapmak istedim. Yemekler lezzetli ve çeşitliydi. Personel güler yüzlü, ilgili ve yardımseverdi. Tesis genel olarak bakımlı ve temizdi. Plajı temiz, denizi ise dalgasızdı. Özellikle çocuklu aileler için oldukça güvenli ve keyifli bir ortam sunuyor. Aktiviteler kaliteli, eğlenceli ve her yaş grubuna hitap edecek şekilde planlanmıştı.
Odamız temiz ve konforluydu. Tesisin genel atmosferi huzurlu ve dinlendiriciydi. Tatil boyunca kendimizi gerçekten misafir gibi değil, evimizde gibi hissettik. Bu güzel deneyimi yaşamamızda emeği geçen tüm personele teşekkür ederiz.
Tek olumsuz yönü, alerjim nedeniyle sivrisineklerden oldukça rahatsız olmam oldu. Bunun dışında her şey beklentilerimizin üzerindeydi. Fırsatımız olduğunda gönül rahatlığıyla tekrar tercih edeceğimiz bir tesis.","Odalar4,0Hizmet5,0Konum4,0
Otelde öne çıkanlarÇocuklar için uygun
OdalarAile için ideal çok geniş değil çokta dar değil
GüvenlikGüvenli
Yürüme olanaklarıSadece otel alanı
Yiyecek ve içeceklerGayet başarılı kötü olan bir ürün denemedim
Önemli ayrıntılarSadece sivri sineklerden çok rahatsız olduk",Google üzerinde bir ay önce,4/5
Green Bay Resort & Spa Bodrum,Normalde odaların küçüklüğünü sorun edenler olur ama bence temizlik ile herşeyi ört pas edilebilir. Temizlik konusunda çok iyiler. Yemekler lezzetli özellikle mezeler çok iyi. Denizi ve doğası harika. Restoranda Zeynep hanım ve Mehmet bey Barda Dilara hanım ve tabii ki Zafer beye bize destekleri için çok çok çok teşekkür ederiz. Animasyon ekibi zaten çok neşeli hepsine çok teşekkür ederiz. Tekrar görüşmek üzere,"Odalar5,0Hizmet5,0Konum5,0",Google üzerinde 2 ay önce,5/5
Green Bay Resort & Spa Bodrum,"Öncelikle otel genel anlamda geniş ve sakin denizi çok çabuk derinleşiyor ama temiz bir su, çalışanların hepsi cok kibar ve yardımcı fakat böyle bir otele göre odaları kötü maalesef özellikle banyoyu tasarlayan mimar ya da bu işi yapan kimse kendisiyle görüşmek isterim o küçücük banyoyu tasarlarken ve o duşakabın kapılarını seçerken motivasyonunu çok merak ettim kullanışsız bir banyo tasarımı olmuş oda gayet geniş ama maalesef banyo da eksikler fazlaca var en basiti iki kapılı bir banyo yapmislar cam kapıları kapatarak duş almalısınız aksi halde bütün su banyoya gelme ihtimali var kapıları açarsanız da duşakabin için cok büyük oldukları ve saçma bir sekilde kapılar duşakabin icine aciliyor bu arada dışına da degil böyle olduğu için açarken sağa sola çekile çekile açmanız gerekiyor cam kapılardan birinin de kulbu yoktu sonrasında banyoda havlu asmak icin herhangi bir askılık yok tek askılık banyp kapısı arkadı o da cok uzağa kalıyor.yemekleri lezzetliydi ama akşam yemeklerinde özellikle daha farklı çeşit çıkabilir bence biz üç gece kaldık üçünde de ana yemekler aynıydı yanında olanlar farklıydı o seçenekler olmasa da biraz tatsız olurdu onun dışında her şey çok güzeldi son olarakta snack bar bölümü yetersiz çalışanlar kibar ve saygılı ama ne aşçılar ne de garsonlar misafirlere yetişemiyor bir keresinde bir saat yemek bekledik içeçek sipariş ettiğimizde çoğu zaman siparişkeri unutuyolar bu yemekte de geçerli tekrar hatirlatmamiz gerekiyor yoğun olsa da olmasa da maalesef işe odak sorunu var snack bar bölümünde garsonların kafası işte degil ve bu da bence misafirlerin bekleme süresini daha da uzatiyo. Otel şehir merkezine fazlasıyla uzak.","Odalar3,0Hizmet5,0Konum3,0
Otelde öne çıkanlarSessiz
OdalarGayet yeterli büyüklükte ve temiz",Google üzerinde 3 ay önce,3/5
Green Bay Resort & Spa Bodrum,"Otelle ilgili yaşadığımız olumsuz deneyimleri, çözüm odaklı bir muhatap bulamadığımız için buradan paylaşmak durumunda kalıyorum. Tesiste profesyonellikten uzak, yönetim ve hizmet kalitesi açısından son derece yetersiz bir yaklaşım söz konusudur. Yaşadığımız temel sorunlar şunlardır:
Muhatap ve Yönetici Eksikliği: Otelde herhangi bir aksaklık yaşandığında durumu aktarabileceğimiz bir yetkili bulunmuyor. Örneğin; pastane saatlerdir açılmadığı için personele nedenini sorduğumuzda, ""Mutfağı aradık ama cevap alamadık"" şeklinde lakayıt bir yanıt aldık. Bir yöneticiyle görüşmek istediğimizde ise tesiste hiçbir yetkilinin olmadığı söylendi.
Snack Bar ve Personel Vurdumduymazlığı: Snack barda verdiğimiz siparişler ya hiç gelmiyor ya da tamamen yanlış getiriliyor. Durumu personele ilettiğimizde ise çözüm üretmek yerine kaba bir tavırla karşılaşıyoruz. Bir defasında yanlış siparişe itiraz ettiğimizde, personelden ""Hamur bitti, bunu yiyin"" şeklinde profesyonellikten tamamen uzak bir geri dönüş aldık.
Bar ve İçecek Tedariki Sorunu: Barlarda kola, soda gibi en temel ve basit içecekler dahi bulunmuyor. Hangi bara gitsek personelden standart olarak ""Bitti, kalmadı"" yanıtını alıyoruz.
Hijyen ve İlaçlama Yetersizliği: Otelde hiçbir şekilde ilaçlama yapılmadığı çok açık. Her yer böcek ve sinek dolu. Yemek yerken veya odalarda sürekli üzerimizden sinek ve böcek kovalamak zorunda kalıyoruz; hijyen standartları sıfırın altında.
Özetle; Misafir ilişkileri ve problem çözme odaklı yaklaşımın hiç olmadığı, en temel malzemelerin bile bulunmadığı ve hijyen kurallarının hiçe sayıldığı bir işletme. Ödediğimiz paranın karşılığını kesinlikle alamadık ve büyük bir mağduriyet yaşadık. Gerekli aksiyonların alınmasını talep ediyorum.","Odalar2,0Hizmet1,0Konum5,0
Otelde öne çıkanlarMuhteşem manzara",Google üzerinde 2 ay önce,1/5
Green Bay Resort & Spa Bodrum,"2-7 temmuz arasında konakladik blokaji tesise ait oda almıştık aile odalarının olduğu bölümde konakladik oda genel anlamda iyidi günlük temizlik yapıldı ancakmasaların üzerinde yapış yapışlik vardı anlayamadığımız klima ses çıkarıyordu söyledik tamiri yapıldı oda olarak memnun kaldık ancak ciddi birssivrisinek sorunu var yemekler bu otel için bence yetersiz malesef 5 gün boyunca hep aynı şeyleri yedik tavuk - balık ağırlıklı dünya mutfağından hiç birşey yok sadece Türk yemekleripersonellery güler yüzlü yardımcı oldular her konuda animatör ekibinden mehmet bey dışında diğerlerinden pek memnunkkalmadik mini disco hep aynı şarkılar aynı hareketler ablalarda pek sevimli değildi açıkçası kızım ilk gün dışında hiç katılmadı t-shirt boyama var ücreti 1000 tl maliyeti 100 lira bile olmayan bir ürünün bu denli pahalı olmasıni da anlamadık ama çocuk istediğiicin boyadı plajı güzel koy şeklinde dalgasız ama derinlik hızlı artıyor sezlong sayısı yeterli havuzları ayırmışlar +16 yaş çocuk v.s olarak bunux da beğendim biz daha çok plajı kullandik animatör yetersiz eğlendirici etkinlikler malesef az 3 gün şov izledik sadece diğer günler DJ şov vardı keşke insanları da içine alacak etkinlikleryapılsa akşamları sıkıldık açıkçası plajda sürekli su sporlari etkinleri, spa, turlar için gelen arkadaşlar var bu da rahatsızedici yapmak isteyen arkadaş zaten gelir tekrar gelinir mi plajı için evet ama yemek konusunda ciddi gelişmesi gerekiyor","Otelde öne çıkanlarÇocuklar için uygun
Yakındaki etkinliklerDart, voleybol sahne sovlari
Yiyecek ve içeceklerYemekler hep tekrar içecekler alkolsüz kokteyl az",Google üzerinde bir ay önce,4/5
Green Bay Resort & Spa Bodrum,Otelin Kalitesi Yemekleri Personellerin İlgilisi Özellikle Sahildeki Cankurtaran Nurettin Beyin Bugün Bir Kız çocuğunu Kurtarmak için Sarfettiği Azmi Profesyonelliği Gördükten Sonra Sahile Olan Güvenimiz Dahada Arttı Müdürlerine ve Kendisine İlgi Alakasından Dolayı Minnettarız.Teşekkür Ederiz Cankurtaran Bey,"Odalar5,0Hizmet5,0Konum5,0
Otelde öne çıkanlarLüks",Google üzerinde 4 hafta önce,5/5
Green Bay Resort & Spa Bodrum,"Otel yeşille mavinin buluştuğu mükemmel bir konumda.Tesis çam ormanlarıyla çevrili kendine ait tertemiz bir koyda tek kelimeyle harika. Otel çalışanların hepsi çok güler yüzlü ve her an size yardımcı olabilmek için yanınızdalar.İskelede görevli Cankurtaran İçim hanım ve Mert beye de ayrıca teşekkür ederiz. Mini club personeli ve Animasyon ekibi çocuklarla inanılmaz ilgililer. Tüm alanlarında sunulan yiyecek, içecekler ve tatlılar efsane Selahattin Şefe ve tek tek ismini yazamadığimiz tüm ekiple teşekkür ediyorum herşey inanılmaz güzel","Odalar5,0Hizmet5,0Konum5,0
Otelde öne çıkanlarMuhteşem manzara · Çocuklar için uygun",Google üzerinde 3 ay önce,5/5
Green Bay Resort & Spa Bodrum,"Merhaba, otelde 2 hafta önce kadar 5 gece 6 gün şeklinde tatilimizi yaptık. Eşim ve 3 yaşında oğlum ile beraber çok güzel vakit geçirdik, Otelin güzelliğini çok uzun yazmak ve anlatmak isterim ancak kısaca özetleyeceğim güzel bir aile oteli yemekleri çeşitliliği gayet güzel A La Carte restoranı ayrıca çok iyiydi denizi güzel çok sakin suyu var turkuaz renk te değil ancak gayet güzel ve içinize sinecek bir deniz çalışanlar gayet anlayışlı ve ilgili çok memnun kaldık yeni favorimiz oldu tekrar görüşmek üzere.","Odalar5,0Hizmet5,0Konum5,0
Otelde öne çıkanlarLüks · Muhteşem manzara · Romantik · Sessiz · Çocuklar için uygun · Büyük fırsat",Google üzerinde 2 ay önce,5/5
Green Bay Resort & Spa Bodrum,Yemeklerin daha güzel olması gerekli böyle bir otel konseptinde . Spor salonu namına hiç birşey yok . Dambıllar paslı gibi ve 5-6 adet mevcut . Fitness makinaları zaten çalışmıyor . Bu hayal kırıklığı yaşattı.,"Odalar4,0Hizmet5,0Konum4,0",Google üzerinde bir ay önce,4/5
Green Bay Resort & Spa Bodrum,Buraya sadece MASAJ HİZMETİ için yorum yapmaya geldim masaj salonu işletmeni Seda hanım ve yanındaki diğer yabancı uyruklu bayana masaj hakkında danışmak için gittik masaj çeşitlerini anlattılar eşimle benden ayrı ayrı 3 bin tl olmak üzere 6 bin tl ibanlarına attırdılar sıra bulamazsınız çok yoğunuz diye yer ayırdılar güya ❗️ otelden çıkmadan önce masaj yaptırdık Taylandlı iki bayan eşimle bana masaj demeye bir şahit isteyen berbat bir masaj yaptılar. Ağrıyan yerlerimizi daha da ağrıttılar. Sırf taylandlı diye oraya koyulmuş bayanlar beceri sıfır eğitimleri var mı şüpheli 🤦🏻‍♀️ Türkçe yarım yamalak derdini anlatamıyorsun zaten çeviren yok. Kesinlikle paranızı boşa harcamayın meraktan yaptırdık ama dışarda daha kaliteli yerler bulabilirsiniz. SEDA HANIMdan özellikle uzak durun parayı ibana attırına kadar otelde gördüğü yerde peşinizde dolanıyor şezlongunuzda yatarken bile bulabiliyor sizi para ibana geçince yüzünüze bile bakmıyor.,"Odalar4,0Hizmet4,0Konum5,0
Otelde öne çıkanlarMuhteşem manzara · Sessiz · Büyük fırsat",Google üzerinde bir ay önce,3/5
Green Bay Resort & Spa Bodrum,"Esimle 3 gece konakladik. F/P diyebilirim.
Olumsuz yorumlarim;
Bar personeli anadolunun bagrindan kopmus valizi almis gelmis, mojitoya portakal suyu mu ekleniyor abi diye soruyor gardasim benim.
Aksam yemekleri belki yuz cesit fakat ac kaldik diyebilirim o kadar lezzetsiz, ascinin muhakkak degismesi gerek, yazik gunah o kadar malzemeye.
Plaja yiyecek-icecek servisi yok, kendiniz goturmek istediginizde bile bi afra tafra, kolay para kazanmiyorsaniz, odediginiz para karsiligi 5 yildizli otelde boyle sacma seylerle ugrasmak tatsiz oluyor.
Olumlu yorumlarim;
Kahvalti ve housekeeping guzel.
Snack bar kusursuz degil ama yeterli.
Deniz bulanik olmasina ragmen cok temiz.
+16 adult pool cok keyifli.","Odalar4,0Hizmet4,0Konum5,0
Otelde öne çıkanlarSessiz",Google üzerinde 2 ay önce,4/5
Green Bay Resort & Spa Bodrum,"Otel fiyat performans olarak beklentinin üzerinde bi otel bir çok 5 yıldızlı otelde snack bar Selda servis olmasına rağmen masada sipariş alıp içecek dahil masaya Geliyo gece için hem çocuklar için hem yetişkinler için animasyon ekibi var bodrum merkeze transfer gezi düzenliyorlar ücretsiz bence gerek yok bar clup aktif ve gayet dolu bi otel
Animasyon ekipleri gayet başarılı hizmet ve çalışanlar güleryüzlü ve samimi teşekkürler
Yoruma ilave yapma gereği duydum snack bar 00:30 olmuş masadan sipariş alıyorlar tost / köfte çorba masaya geliyo sıra beklemiyorsun /// bar alkol tarafı 07:00 a kadar açık gerçekten fiyat performans 10 numara","Odalar4,0Hizmet5,0Konum5,0",Google üzerinde bir ay önce,5/5
Green Bay Resort & Spa Bodrum,Çift olarak gittiğimiz tatilden oldukça memnun kaldık denizi ve plajı temiz. İskeleler ve şezlonglar misafire göre yeterli sayıda fazla. Odalar güzel biz bahçeli odada konakladık çok keyifliydi. Yemekler çeşitli ve lezzetli fakat tatlı … Devamı,,Google üzerinde 2 ay önce,5/5
Green Bay Resort & Spa Bodrum,Genel olarak fiyat performans oteli 3 gece konakladık sinek ve uçan böcekler hariç bir sıkıntı yaşamadık odalara SİNEKLİK takılması şart. Otel yöneticilerinin personeli müşterilerin önünde sert biçimde uyardığına bir çok kez şahit olduk … Devamı,,Google üzerinde 2 ay önce,5/5
Green Bay Resort & Spa Bodrum,"Çalışanlar çok ilgiliydi, animasyondan görkem bey çok ilgiliydi, restarurant ve bar çalışanları da çok iyiydi özel olarak ilgilendiler bizimle.
Animasyon aktivitelerinde dolu dolu eğlenebilirsiniz. Ailenizle keyifle vakit … Devamı",,Google üzerinde 2 ay önce,5/5
Green Bay Resort & Spa Bodrum,"4 gece 5 gün boyunca kız kıza konakladık, güzel güvenilir bir otel. Yağız bey ve Mahmut bey ana restoran bölümünde çok yardımcı oldular, hizmet kusursuzdu, güler yüzlü ve güzel karşıladılar. Diğer bölümlerde çalışan rojda hanım ve Zeynep … Devamı",,Google üzerinde 2 ay önce,5/5
Green Bay Resort & Spa Bodrum,Otelin konumu gerçekten iyi yemekleri gayet güzel ancak sineklerden geçilmiyor. İlaçlama yapılıyor ama faydası yok amfi tiyatroda oturamazsiniz bile akşamları denizde bir balık kokusu var ileride balık çiftliklerinin olduğu söylendi … Devamı,,Google üzerinde 2 ay önce,3/5
Green Bay Resort & Spa Bodrum,"Konum, deniz ve hizmet konusunda oldukça başarılı bir otel. Çalışanlar güler yüzlü ve ellerinden geldiğince yardımcı olmaya çalışıyorlar. 3 tane havuz var; biri yetişkinler, biri çocuklar için ve diğerini de hem yetişkin hem çocuklar … Devamı",,Google üzerinde 2 ay önce,4/5
Green Bay Resort & Spa Bodrum,Kurban bayramında konakladık bu nedenle otel kalabalıktı bu kalabalığı göz önüne alırsak genel olarak otelden memnun kaldık. … Devamı,,Google üzerinde 2 ay önce,5/5
Green Bay Resort & Spa Bodrum,15 Haziran 20 Haziran arası torunumuzla birlikte konakladık rezervasyonumuzu ets'den yaptırmıştık ets'den bize verilen bilgi torunumuzun soyadının değişik olduğu için muvafakatname almamızdı fakat otelde rezervasyonumuzu yapan arkadaş … Devamı,,Google üzerinde bir ay önce,5/5
Green Bay Resort & Spa Bodrum,Bu zamana kadar gittiğimiz en kötü denizdi göle benzer bulanık ve pis bir görüntüsü var cam gibi denize gitmek isteyenler asla öyle bir yer değil garsonlar birden Fazla yerde oldukları için çok yorgun ve bitkinler personel mutsuz ve sezon … Devamı,,Google üzerinde bir ay önce,2/5
Green Bay Resort & Spa Bodrum,"Kurban bayramında gitmiştik. Güzel sessiz bir koyda, manzarası doğası harika, bu da beni rahatsız ediyor diyebileceğimiz hiçbir yapı yok, binalar doğayla bir bütün olmuş. Personel her ihtiyacımız karşıladı. Sorun yoktu. Yemekler gayet … Devamı",,Google üzerinde 2 ay önce,5/5
Green Bay Resort & Spa Bodrum,Çift olarak gittiğimiz tatilden oldukça memnun kaldık denizi ve plajı temiz. İskeleler ve şezlonglar misafire göre yeterli sayıda fazla. Odalar güzel biz bahçeli odada konakladık çok keyifliydi. Yemekler çeşitli ve lezzetli fakat tatlı çeşitleri belki gözden geçirilebilir. Gün boyunca yapılan etkinlikler çok eğlenceli. Misafir karşılama ve personel ilgisi çok güzeldi özellikle animasyon ekibinden Aytekin ve Kerim Beye teşekkürlerimizi iletiyoruz. Tekrar görüşmek dileğiyle.,"Odalar5,0Hizmet5,0Konum5,0
Otelde öne çıkanlarÇocuklar için uygun",Google üzerinde 2 ay önce,5/5
Green Bay Resort & Spa Bodrum,"Genel olarak fiyat performans oteli 3 gece konakladık sinek ve uçan böcekler hariç bir sıkıntı yaşamadık odalara SİNEKLİK takılması şart. Otel yöneticilerinin personeli müşterilerin önünde sert biçimde uyardığına bir çok kez şahit olduk tabiki personelin eksikleri olabilir çok genç ve tecrübesiz arkadaşlardan oluşan bir ekip var, yöneticilerin biraz sağduyulu olmasını öneririm.Restoran kısımında kırmızı et ve balık kalitesi düşüktü maalesef, otelde çok sayıda etkinlik mevcut Animasyon ekibinden Görkem bey ve odamızı temizliğini yapan Yasemin Aydoğdu ablamızada teşekkür ediyoruz.","Odalar5,0Hizmet5,0Konum5,0
Otelde öne çıkanlarMuhteşem manzara · Büyük fırsat
OdalarTemiz
Güvenlikİyi
Yürüme olanaklarıGeniş olmamakla beraber imkanlar mevcut
Yiyecek ve içeceklerDaha lezzetli olabilirdi
Önemli ayrıntılarSineklik şart",Google üzerinde 2 ay önce,5/5
Green Bay Resort & Spa Bodrum,"Çalışanlar çok ilgiliydi, animasyondan görkem bey çok ilgiliydi, restarurant ve bar çalışanları da çok iyiydi özel olarak ilgilendiler bizimle.
Animasyon aktivitelerinde dolu dolu eğlenebilirsiniz. Ailenizle keyifle vakit geçirebileceğiniz arkaraş edinebileceğiniz samimi bir ortam oluşuyor.
Odalarda olan eksikler ise; banyoda duşakanbinde derz araları çok iyi değildi, duşakabinden sürekli su kaçırıyordu, banyo kişisel ürünleri eksikti resepsiyonu arayıp istedik.","Odalar2,0Hizmet5,0Konum5,0",Google üzerinde 2 ay önce,5/5
Green Bay Resort & Spa Bodrum,"4 gece 5 gün boyunca kız kıza konakladık, güzel güvenilir bir otel. Yağız bey ve Mahmut bey ana restoran bölümünde çok yardımcı oldular, hizmet kusursuzdu, güler yüzlü ve güzel karşıladılar. Diğer bölümlerde çalışan rojda hanım ve Zeynep hanıma da ayrıca teşekkür etmek istiyorum, otel de konaklama süremiz boyunca tatilimizi güzel kılan diğer bir etken oldular, çok yardımcı oldular.
Genel olarak tam bir aile oteli.","Odalar5,0Hizmet5,0Konum5,0",Google üzerinde 2 ay önce,5/5
Green Bay Resort & Spa Bodrum,Otelin konumu gerçekten iyi yemekleri gayet güzel ancak sineklerden geçilmiyor. İlaçlama yapılıyor ama faydası yok amfi tiyatroda oturamazsiniz bile akşamları denizde bir balık kokusu var ileride balık çiftliklerinin olduğu söylendi atıkları geliyor olabilir deniz 4 metreden sonra bulanık odalardaki banyolar çok küçük çocuklarınizi yıkamak için çok zorlanabilirsiniz. Yemek çeşitliliği çok az her gün aynı yemekler akşamları animasyon neredeyse yok gibi,"Odalar3,0Hizmet4,0Konum4,0
Otelde öne çıkanlarMuhteşem manzara
Yürüme olanaklarıHer yer uzak",Google üzerinde 2 ay önce,3/5
Green Bay Resort & Spa Bodrum,"Konum, deniz ve hizmet konusunda oldukça başarılı bir otel. Çalışanlar güler yüzlü ve ellerinden geldiğince yardımcı olmaya çalışıyorlar. 3 tane havuz var; biri yetişkinler, biri çocuklar için ve diğerini de hem yetişkin hem çocuklar birlikte kullanabiliyorlar. Bu açıdan gayet iyi çünkü herkes konseptine uygun havuz kullanıyor. Yemekler çok lezzetli olmasa da aç bırakmayacak cinsten. Çeşitlilik var ama neredeyse her gün aynı yemekler vardı. İçkileri harikaydı. Bizi rahatsız eden tek şey; çok fazla sinek olması ve odalarda sineklik olmamasıydı. Hem sivrisinek çok fazlaydı hem de sineğe benzeyen ufak uçan böceklerden vardı bir sürü. Odada sineklik olmadığı için odada malesef ki bu uçan böceklerden vardı. Bunun dışında her şey gayet güzeldi, bir daha gelmeyi düşüneceğiz.","Odalar3,0Hizmet5,0Konum5,0",Google üzerinde 2 ay önce,4/5
Green Bay Resort & Spa Bodrum,"Kurban bayramında konakladık bu nedenle otel kalabalıktı bu kalabalığı göz önüne alırsak genel olarak otelden memnun kaldık.
Eğlence olarak güzeldi.
Yemekler yenilebilir düzeyde balık tavuk hindi et sürekli var.
Denizi dalgasız ama bulanık. Şu iskeleden bizde yer tutalım derseniz 6:30 da kalkmalısınız :)
Odalar biraz küçük
Resepsiyondan talep ettiğimiz problemlerimiz kısa süre çözüldü.
Orman içinde olduğu için sinekler var.
Kaydırak olmayan havuzdaki kırmızı çizgili yerden bara yakın taraftan havuza girerken düşüyor gibi oluyorsunuz orası çok anlamsız.","Odalar4,0Hizmet5,0Konum5,0
Otelde öne çıkanlarÇocuklar için uygun",Google üzerinde 2 ay önce,5/5
Green Bay Resort & Spa Bodrum,15 Haziran 20 Haziran arası torunumuzla birlikte konakladık rezervasyonumuzu ets'den yaptırmıştık ets'den bize verilen bilgi torunumuzun soyadının değişik olduğu için muvafakatname almamızdı fakat otelde rezervasyonumuzu yapan arkadaş hiçbir şekilde bize muvafakatname sormadı biz bu konuyu yöneticilere dile getirdik arkadaşın yeni başladığını söylediler ben de buna itiraz ettim bana verdikleri cevap İnsan bir çocuğu kaçırsa tatile mi getirir oldu Evet gayet güzel bir cevaptı biz 1400 lira muvafakatname parası verdik bunu istediğimizde de suçu ETS Tura attılar konuyu fazla uzatmadık daha dikkatli olmalarını diliyorum Bodrum'a gelmeden başka iki otelde daha konakladık ve muvafakatnameyi bize sordular bilginiz olsun diye yazıyorum yemekler süper her İnsanın yiyebileceği şekilde yemekler var hem vejeteryan olsun hem et türü olsun her gün balık köfte tavuk eti hindi etti zaten çıktı her şey düzenli ve temizdi aşçı başlarına çok teşekkür ediyorum,"Otelde öne çıkanlarÇocuklar için uygun · Büyük fırsat
OdalarBiz giriş katındaki odalarda kaldık diğer kişilerin yazdığı yorumlarla da söylemişlerdi Odalar Rutubet kokuyor ama Yemekhaneye ve denize yakındı
Yakındaki etkinliklerOtelin içinde çeşitli etkinlikler var yoldan bayağı içeride 4 kilometre falan gidiyorsunuz Ondan sonra zaten Doktorlar Sitesi var yani Ayrıca etkinliğe İhtiyaç duymuyorsunuz Ayrıca çocuklar gidenlere çok güzel bir yer hem Aquapark Hem çocuk kulübü Akşamları yapılan eğlenceler çok güzeldi
Güvenlik, araba girişi yaptığımız kapıdan zaten rezervasyonumuzu kontrol edip öyle içeri alıyorlar teşekkür ederim
Yiyecek ve içeceklerSabahtan akşama kadar değişik yerlerde yiyecek içecek isteyen Pizza isteyen Waffle isteyen hamburger içecekler zaten ücretsiz gece yatana kadar
Önemli ayrıntılarElektrikli araç şarj aleti var gelenler rahatlıkla gelebilir fakat biri bozuktu yaptıracaklarını söylediler şarjını bitiren araçta Eğer uyarılmazsa arabasını oradan çekmiyor",Google üzerinde bir ay önce,5/5
Green Bay Resort & Spa Bodrum,Bu zamana kadar gittiğimiz en kötü denizdi göle benzer bulanık ve pis bir görüntüsü var cam gibi denize gitmek isteyenler asla öyle bir yer değil garsonlar birden Fazla yerde oldukları için çok yorgun ve bitkinler personel mutsuz ve sezon sonu bile değil temmuzun ortasında bu kadar yorgun olmaları bizi üzdü güler yüzü falan geçtik artık iyileştirme yapılması gerekiyor personel eksikliği bariz belli bu kadar kalabalık bir zamanda beklentimizin altında kalan bir otel oldu maalesef yemeklerin üstünde sürekli sinek uçuştu,"Odalar2,0Hizmet2,0Konum2,0",Google üzerinde bir ay önce,2/5
Green Bay Resort & Spa Bodrum,"Kurban bayramında gitmiştik. Güzel sessiz bir koyda, manzarası doğası harika, bu da beni rahatsız ediyor diyebileceğimiz hiçbir yapı yok, binalar doğayla bir bütün olmuş. Personel her ihtiyacımız karşıladı. Sorun yoktu. Yemekler gayet güzel, çok olunca lezzet gitmemiş. Aile oteli, çocuksuz aile yok gibiydi. Neredeyse hergün dört, beş aktivite vardı.","Odalar5,0Hizmet5,0Konum5,0
Otelde öne çıkanlarLüks · Muhteşem manzara · Sessiz · Çocuklar için uygun",Google üzerinde 2 ay önce,5/5
Green Bay Resort & Spa Bodrum,"Otelin müşterilerini aramaması olumsuz, odaların küçük ve saklama alanın dar olması olumsuz, balkon kapılarında sineklik olmaması olumsuz ( sivri çok), üstü yarı kapalı otopark olmaması olumsuz, odalarda ekstra yastık ve battaniye koymamaları olumsuz, yemekleri, içecekleri etkinlikleri olumlu görünüyor benim için. Sinek konusunda eksiklik var her yer küçük sinekler var. Denizi kum gibi ama taşlık, serinlemek için dondurma almak yemekten yemeğe beklemek zorundasınız, personeller çok iyi ama bayram doluluğuna yetişemediler eksiklik vardı, Elektrikli araçlar için şarj yeri var 22 kw’lık, bar konusunda iyiler her noktada bar var, yemek konusunda fena değil, herşey çok hızlı tükeniyor. Bazı olumsuzlukları var fakat genele baktığınızda f/p diyebiliriz.","Odalar3,0Hizmet4,0Konum5,0
Otelde öne çıkanlarMuhteşem manzara · Romantik · Sessiz · Çocuklar için uygun",Google üzerinde 2 ay önce düzenlendi,4/5
Green Bay Resort & Spa Bodrum,"Konum olarak mükemmel, otel hizmet kalitesi, yemekleri gayet tatmin edici, hizmet veren arkadaşlar işinin hakkını vererek canla başla çalışıyorlar,hep güleryüzlü ve pozitifler, Yağız beye özellikle teşekkür etmek istiyorum, vardiyasının olduğu yemek saatlerinde gösterdiği ilgi alaka bizleri çok memnun etti.Kısacası güzel ve huzurlu bir tatil için geldik, bize iyi geldi,kesinlikle tavsiye ederim.","Odalar4,0Hizmet5,0Konum5,0
Otelde öne çıkanlarMuhteşem manzara · Çocuklar için uygun · Büyük fırsat",Google üzerinde 2 ay önce,4/5
Green Bay Resort & Spa Bodrum,"Çok memnun kaldık, her şey çok iyiydi, animatörler hem çocukları hem yetişkinleri ayrı ayrı eğlendirme konusunda çok başarılılardı. Görkem bey’e ilgisi için çok teşekkür ederiz. Yemekler de ayrıca güzeldi. Her şey için çok teşekkür ederiz, bizim ikinci gelişimiz ama son olmayacak..","Odalar5,0Hizmet5,0Konum5,0
Otelde öne çıkanlarLüks · Muhteşem manzara · Romantik · Çocuklar için uygun · Büyük fırsat",Google üzerinde 2 ay önce,5/5
Green Bay Resort & Spa Bodrum,Otelin konumu bodrum merkeze 40 dakika uzaklıkta karşınız full yeşil deniz mavi kum temiz . Konum olarak otel 💯 tamamen kompact bir yapı her şey az ve öz . Aquası eğlencesi her şey dozunda . Fiyat performans mükemmel 🤩 12 yaş oğlumda mutlu 60 yaş üzeri annem ve babamda mutlu daha ne olsun . Beach orada kokteyl yapan bir barmen var . Önünde sıra olup bekliyorsunuz ama sıra size geldiğinde öyle güleryüzle karşılıyor ki beklediğime deydi oluyursubuz ☺️,"Odalar4,0Hizmet5,0Konum5,0",Google üzerinde 2 ay önce,5/5
Green Bay Resort & Spa Bodrum,"Müthiş bir deneyim yaşadık. Otelin büyüklüğü, havuzların fazlalığı ve özellikle çocuklu aileler için çok iyi. Animasyon gösterileri ile çok eğlendik. Güler yüzlü ve çok iyi hizmet veren tüm personele çok teşekkür ediyorum. İyi bir tatil geçirmek isteyen herkese şiddetle oneriyorum","Odalar5,0Hizmet5,0Konum5,0",Google üzerinde bir ay önce,5/5
Green Bay Resort & Spa Bodrum,"Otelin konumu ve manzarası çok güzeldi. Çocuklu aileler için tercih sebebi.
Yoğunluğa rağmen çalışanların çoğu güleryüzlüydü. Otel yöneticisi sürekli ilgili ve alandaydı. Olumsuz yönleri düzeltmeye yönelik yapıcı bir insandı.
İlk otel odasına girdiğimizde tuvaletle ilgili bir sıkıntı yaşadık. Arayıp söylediğimiz de hemen gelip sıfır klozet kapağı taktılar. Odalar her gün temizlendi. Çarşaflar, havlular tertemizdi.
Olumsuz olarak yemekleri söyleyebilirim. Mükemmel değildi ama bir şekilde karnımızı doyuracak birşeyler bulduk.
Eğlence kısmı ile ilgili bir akşam İskender paydaş geldi o akşam muhteşemdi. Diğer akşamlarda idare ederdi. Akşam disko kısmı daha oturmamıştı.
Çocuklara yapılan organizasyonlar güzeldi. Sadece bir akşam şekilli balon gösterisinde bir kargaşa oldu. O da misafirlerden kaynaklı. Bir çocuk 3 balon alırken bazıları hiç alamadı. Ama onu da normal balonlarla çözdüler.
Kısacası fiyat performans bence gayet yeterliydi. Çok keyif aldım. Ruhum dinlendi. Aşırı kalabalık değildi.","Odalar5,0Hizmet5,0Konum5,0
Otelde öne çıkanlarMuhteşem manzara · Çocuklar için uygun",Google üzerinde 2 ay önce,5/5
Green Bay Resort & Spa Bodrum,3 gece dört gün konaklama fırsatımızda gerçekten çok güzel ilgilendiler çalışanlar tüm yoğunluğa rağmen her konuda yardımcı olmaya çalışıyorlar hepsine çok teşekkür ederim temizlik konusu briwz daha iyi olabilirdi yiyecekler çeşitli ve lezzetliydi denizi çok güzel durgundu çocuğumuzla çok keyifli bir tatil geçirdik animasyonları ortaydı tüm green bay ekibine teşekkürlerimizi iletiyorum ♥️♥️,"Odalar4,0Hizmet5,0Konum5,0
Otelde öne çıkanlarÇocuklar için uygun
OdalarOdalar küçük fakat yeterli
Yakındaki etkinliklerBilgim yok
GüvenlikOrta
Yürüme olanaklarıİdare eder
Yiyecek ve içeceklerGüzel
Önemli ayrıntılarÇocuk havuzda 2 satlik ara var çocugumuz havuza bakıp ağladı iyi yönleri de var denizi güze",Google üzerinde 2 ay önce,4/5
Green Bay Resort & Spa Bodrum,2026 kurban bayramı öncesi mayıs sonunda gittik aqua sı faaldi deniz mevsim itibari ile biraz soğuktu ama temizdi otelin geneli temiz ve bakımlı idi odaların tek sorunu havalandırması yetersizdi personel ilgili yemekler güzel akşam etkinlikleri keyifli biz kaldığımız süre boyunca memnunduk coçuklar çok eğlendi zaman keyifli geçti herkese hitap eden bir otel konumuda güzeldi hatta bir koyda olması dalga dahi yoktu denizde güvenliği yeterli çocuk klubü havuz barı herseyi iyiydi. Fiyatıda makuldü tekrar gitmeyi düşünüyoruz.,"Otelde öne çıkanlarÇocuklar için uygun
OdalarOdaların tek kusuru havalandırmadan yetersizliği
Yiyecek ve içeceklerCeşitlilik yeterli lezzetli şerbetli tatlıları gayet iyiydi özellikle",Google üzerinde 2 ay önce,5/5
Green Bay Resort & Spa Bodrum,"Otelde 4 gece konakladık. Genel olarak herseyden memnun kaldık. Hersey dahil konsepti sevmem ama burada o karmasikligi hissetmemis olmak cok guzeldi. Temizlik ve duzen cok guzeldi fakat benim en en hosuma giden yemekler idi. Yemekler her yonu ile cok lezzetli idi ve mutfak bolumune ayrica cok tesekkur ederiz. Genelde bu tarz otellerde pek karsilasilan birsey degildir mutfagin bu kadar iyi olmasi. Otel yoneticilerinden Nihat Terzi’ye ilgi, alakasi ve dogru yonlendirmeleri icin cok tesekkur ederiz. Farkli bir zaman diliminde yeniden gorusmek uzere ☺️","Odalar5,0Hizmet5,0Konum4,0",Google üzerinde bir ay önce,5/5
Green Bay Resort & Spa Bodrum,Her hangi bir şey istediğinde ellerinden geleni yapıyorlar teşekkür ederim ben resepsiyonda Mehmet beyden bir ricada bulundum uğraştınetti yaptırdı bir şekilde ama oda temizliklerinde sıkıntı var ben 3205 odada kaldım oda temizliği istedim odadada ki içecekler yenilenmemesi tek sorunum ama herşey için çok teşekkür ederim bunuda eklemek isterim genel oteller olarak yemeği çok iyi akşamları izgarası zaten işi bitiriyor ve Adana mükemmeldi şeflerimin ellerine sağlık,"Odalar5,0Hizmet5,0Konum5,0
Otelde öne çıkanlarLüks · Muhteşem manzara · Romantik · Sessiz · Çocuklar için uygun · Büyük fırsat",Google üzerinde bir ay önce,5/5
Green Bay Resort & Spa Bodrum,Resepsiyondaki arkadaşlar bizi güler yüzlü karşıladılar ve gerçekten çözüm odaklı yardımcı oldular. ilk 3 günde 3 oda değiştirdik. Ya birinde televizyon çalışmıyor birinde Su akmıyor birinde bizim odanın içinden başka odaya anahtarsız girişle Pimapen den bozma farklı bir kapı açılıyor. Otel'in konumu ve doğası yeşilliği dışında genel anlamda kötü. Izgaraları güzeldi somon kırmızı et hindi ağır lıklı alakart restorantı yemekleri lezzetliydi çalışanları Güleryüz lüydü.fakat resepsiyon ve anakart dışında Çalışanların geneli asık suratlı size cevap vermekte dahi zorlanıyorlar... Ana restaurant çalışan servis elemanı masaların üzerlerindeki ranırları örtüleri silkeleyip masaya tekrar örtüklerine şahit olduk oturduğumuz masanın silinmesini ve servis açilmasını rica ettik bize sert bir tavırla sizi yan masaya alayım şöyle demeside cabası. Deniz suyu Bulanık ve kirli. Her yer sivrisinek ve Sarıca arı dışarda birşeyler yiyip içmekte zorlanıyorsunuz. arılardan Bazı barlar gider kokuyor bunu çalışanlar da doğruluyor. ana restoranı girişinde solda çay kahve alınan bölüm kedi pisliği kokusundan geçilmiyor tabaklar kokuyor. Restoranın içerisinde masalarda her yerde kediler var deniz kenarında kuma her tarafa pisliklerini yapıyorlar. senede 6 defa yurt dışı dahil kamp dahil her türlü otelde konaklama yapıyoruz. Ama böyle hijjensizzzz bir oteli bu paralara ilk defa deneyimlerim.,,Google üzerinde 10 ay önce,1/5
Green Bay Resort & Spa Bodrum,Otel ilk girişten itibaren gayet nezih ve kaliteli olduğunu gösteriyor. Yemekleri gayet iyi çalışanlar Güleryüzlü suphi bey ve Rana hanım ve diğer ana mutfak ekibinin ilgisinden dolayı ayrıca teşekkür ederiz. Cankurtaran ekibi de işini hakkıyla yapıyor onlar da bir teşekkür hak ediyorlar. Plaj ve deniz efsane genel olarak tavsiye ederim.,"Odalar5,0Hizmet5,0Konum5,0
Otelde öne çıkanlarSessiz · Çocuklar için uygun · Büyük fırsat",Google üzerinde 2 ay önce düzenlendi,5/5
Green Bay Resort & Spa Bodrum,"Şuan otelde konaklıyorum marin hristov
1 .koku konusu ara sıra geliyor çok afaki bir durum değil ama normal olduğunu düşünüyorum altyapı ile alakalı belkide bodrumun sorunsalı olabilir
2 kedi konusu bir kaç kediye denk geldim ama rahatsızlık vermedi neden bu masada yemek yiyon falan demedi kedicik takılıyor hayvancağız kendi halinde bir kedi sürüsü yok yani bana denk gelmedi ki bu bölgede bu otelin imkanlarından beslenerek çoğalmaları da normal rahatsızlık vermediler şuana kadar :)
3 sinek böcek arı vs konusu tabiat gereği bu hayvanlarda buralarda uçuşuyor bu kadar ağaç arasında kanatlı kanatsız canlı olması normal diye düşünüyorum arı kovanı görmedim ama :)
4 odalar yenilenmeli o konuda yorumlar haklı zamanla olur muhtemelen bütçe oraya gelir bir gün zaten oda da uyuyorsunuz 3 5 günden birşey olmaz
5 yemek tatlı vs konularında beklentiniz ile alakalı aç kalmıyoruz çok şükür herkesin damak zevki farklı fiyat performans diyebiliriz hatta bir tık üstü
6 personele değinmek isterim gencecik ülkenin 4 bir yanından gelmiş gençler gerçekten canla başla güleryüzlülükle işi götüren onlar barlara ilave 1 kişi eklenmeli havuz bardaki kızın çalışmasını izlerken ben yoruldum muhtemelen diğerleri de aynıdır. Personel gerçekten oteli 4 4 lük döndürüyor siz gençlere destek çıkın :) bahşişinizi verin gençlere :) herşey dahil beleş diyip geçmeyin motive edin gençleri
Olumsuz yazmak için gerilmek için gelirsen yada dünyanın senin etrafında döndüğünü düşüyorsan seni kimse tatmin edemez anın tadını çıkar yeşilliklere bak denize havuza gir içeceğini yemeğini ye germe kendini cool ol arıda gelmez kokuda gelmez kedi de gelmez 😂 gelirsede kovala kedi başı arı başı personel yok
İyi tatiller herkese","Odalar4,0Hizmet5,0Konum5,0
Otelde öne çıkanlarMuhteşem manzara · Çocuklar için uygun
OdalarYenilenmesi gerekir zamanla yenileceklerdir",Google üzerinde 2 ay önce,5/5
Green Bay Resort & Spa Bodrum,Temizlik konusunda çok zayıf yemekler içinde güzel şeyler söyleyemicem tatlılar ve hamur işleri çok güzeldi restorant bölümünde çalışanlar ilgili kibar ve güler yüzlüydü oda temizliği berbattı 2 gün boyunca odamızı temizlemediler arayıp söylediğimizde kapımıza çarşaf bıraktılar beklentimin altındaydı havuzlar çok küçüktü zaten gittiğimiz hafta 2 gün havuz kapatıldı hijyenden dolayı etkinlikler de sıradan ve sıkıcıydı bir daha tercih etmiceğim bi yer oldu.,"Odalar1,0Hizmet2,0Konum4,0
Otelde öne çıkanlarSessiz
OdalarGüzel değildi
Yakındaki etkinliklerHergün aynı etkinlik aynı şarkılar sıkıcıydı",Google üzerinde 4 hafta önce,2/5
Green Bay Resort & Spa Bodrum,Bugün çıkış yaptım 23-28 Mayıs tarihleri arasında konakladım 2 sene önce geldiğimde çok memnun kaldığım için arkadaşlarımıda alıp geldim ilk defa bu kadar memnuniyetsizlik yaşıyorum daha ilk girdiğimiz gün snack bölümünün şefi diye bildiğimiz kişinin ters davranışıyla karşılaştık snack bölümünü 2 ye ayırmışlar yemek yenilen full olduğu için hemen yan tarafa oturdun diğer tarafa yemek vermiyoruz dedi ayakta bizi beklettiler yöneticilere sorduğumda böyle birşey olamayacağını ilgileneceklerini söylediler birkaç gün sonra bana yapılan muamelenin aynısını başka misafirede yapıldığına şahit oldum ultra herşey dahil konseptli otelde istediğimiz içecekte bu kadar veremiyoruz gibi saçma tavırla karşılaştık kahvaltıda seçenek çok çok az waffle alıyoruz çatal verilmiyor kalmadı diyorlar saymakla bitmeyecek ilginçliklerle karşılaştık personellerin çoğunun ilgisi alakası iyiydi ama bazıları gerçekten zorla çalışıyor gibiydi yönetim şikayetlerimizle dinledi ilgili gözüktü ama dinlemek haricinde bir şey yapmadılar bize verilen sözler oldu şikayetçi olduktan sonra tavırlar değişti kendilerince bizi cezalandırmaya çalıştılar yazık olmuş böyle güzel konum harika bir tesis 3-5 kuruş fazla kar amacıyla kalitesine yakışmayan hizmet vermeye başlamış en yakın zamanda eski haline döner inşallah ama bu seferki tatilimde hiç memnun kalmadım tavsiye etmeyeceğim,"Odalar2,0Hizmet1,0Konum5,0
Otelde öne çıkanlarMuhteşem manzara",Google üzerinde 2 ay önce,2/5
Green Bay Resort & Spa Bodrum,"Harika doğası, huzurlu atmosferi ve misafirperver, ilgili personeliyle unutulmaz bir tatil geçirdik. Özellikle Bircan Akkaya ve Leyla Özen'e güler yüzleri, samimiyetleri ve emekleri için ayrıca teşekkür ederiz. Kendimizi gerçekten çok değerli hissettik. Otelin Denizi çok derin. Girdiğiniz andan itibaren omuzlarda. Odaları küçük ve yenilenmeli. Ama hizmeti mükemmel..Yeniden görüşmek dileğiyle. ❤️","Odalar3,0Hizmet5,0Konum5,0
Otelde öne çıkanlarSessiz
OdalarKüçük ve yenilenmeli
GüvenlikGece gündüz güvenlik en üst düzeyde
Yürüme olanaklarıÇok güzel
Yiyecek ve içeceklerYiyecek ana yemek çeşidi iyi değil
Önemli ayrıntılarDenizi çok derin daha girer girmez omuzlarda",Google üzerinde 2 ay önce,3/5
Green Bay Resort & Spa Bodrum,"Otelin resepsiyonu iyi bir probleminiz oldumu çözüm için ilgileniyorlar iyi fakat çalışan garsın vs bir çoğu hintli gibi Türkçeleri çok anlaşılmıyor sabah uykusu hiç uyuyamadım desem yeridir beş gece kaldım çalışan personel çok ses yapıyor bir servis arabası var sabahın erken saatinde başlıyor eleman itmeye tak tak çat çat sesden duramazsın zeminin kötü olması ses yapıyor kız arkadaşınla yada eşinle uzanmış güneşleniyorsun bikinisi ile hanzonun biri geliyor dikiliyor başına tur yok foto yok bir şey anlatıp duruyor git diyorsun gitmiyor sonra tip tip bakıyor başınızı belaya sokar
Harici koyu güzel iskeleden atlanıyor ve sabah erkenden birisi geliyor her yere havlu koyuyor siz oturamıyorsunuz buna çare bulunmalı sahilde barı yok bir içecek için çok ugraşıyosusn kapalı şişe bira yok odada alkol yok havlu yeri denize uzak","Odalar2,0Hizmet3,0Konum3,0
Otelde öne çıkanlarÇocuklar için uygun
OdalarYatakları çok eski",Google üzerinde 2 ay önce,3/5
Green Bay Resort & Spa Bodrum,Hotel genel olarak güzel.genelde çocuklu ailelerin tercihi.çocuğu olan aileler rahatlıkla gelebilir..deniz koyda kaldığı için dalga olmuyor..ama Antalya gibi denizi sıcak değil bilginiz olsun.çalişan sayısı yeterli..tavsiye edelirmi?evet gelebilirsiniz güzel bir hotel.biz memnun kaldık..çalışan arkadaşlar da iyi davranıyor..sadece odalar biraz eski.oda takintisi olan biraz düşünşün derim..yemeklek güzel.,"Odalar2,0
Otelde öne çıkanlarÇocuklar için uygun",Google üzerinde 3 hafta önce,5/5
Green Bay Resort & Spa Bodrum,Fiyat performans olarak bakarsanız denizi iskelesi güzel içki kalitesi fiyatına göre beklentiyi karşılar diyebiliriz en azından bilmediğiniz bir marka yok odalarda hijyen kötü otopark alanı dar ve genel olarak tesisin alanı çok dar olduğu için her yer kalabalık özellikle restoran alanında yer bulmak çok zor,,Tripadvisor üzerinde bir ay önce,3/5
Green Bay Resort & Spa Bodrum,"İlk kez deneyimleme şansım oldu..5 gecelik konaklama bitti 2 gün daha uzatma kararı aldık.Hersey çok güzel.Otelin konumu doğayla iç içe olması yemekler hizmet özellikle çalışan personelin güler yüzlü samimi yaklasımları aile ortamı sıcaklıgını fazlasıyla hissetmeniz konusunda en büyük etkenlerden oldu Animasyon ekibi Görkem ve Mehmet'e teşekkür ediyorum, ana restoran da Yağız, ve Mehmet'e ayrıca teşekkür ediyorum. Bir sonraki konaklamada gönül rahatlığıyla tekrar tercih etmek isterim .Herkese tavsiye ederim 🥰","Odalar4,0Hizmet5,0Konum5,0
Otelde öne çıkanlarMuhteşem manzara",Google üzerinde 2 ay önce,5/5
Green Bay Resort & Spa Bodrum,3-7 temmuz arasındaki tatilimiz dört dörtlüktü. Çalışanınız Eray ile de efsane 3lü olduk kuzenle. her tesise böyle elemanlar lazım 🕺,"Odalar5,0Hizmet5,0Konum5,0",Google üzerinde bir ay önce,5/5
Green Bay Resort & Spa Bodrum,Çok güzel 1 hafta geçirdim.. Otel konum olarak eşsiz bir doğa ve Denize sahip. Yemekler çok güzel ve bol çeşitli. Herşey dahil konseptinde hem cok güzel hem cok ekonomik bir otel.Çalışanlar son derece güler yüzlü ve her daim Çok yardımcı … Devamı,,Google üzerinde 3 ay önce,5/5
Green Bay Resort & Spa Bodrum,Çok geniş bir alana kurulmuş bir otel buda daha sakin kalması için artı olmus. Denizi güzel ve sakin. Orman ile iç içe beton yapılar yerine ormanları ve yeşilliği görmek keyif verici huzurlu bir tatil için tercih edilebilir.,,Google üzerinde 2 ay önce,5/5
Green Bay Resort & Spa Bodrum,Oteliniz çok iyi yemek olsun odalarınız olsun çalışanlarınız olsun heleki sahildeki Nurettin tiryaki adlı cankurtaranın ilgi alakası profesyonel çalışma uslubü harikaydı birdahaki sezon geldiğimde onu orda görmek çok isterim,,Tripadvisor üzerinde 4 hafta önce,5/5
Green Bay Resort & Spa Bodrum,Aslında konumu doğası güzel bir otel. Yemeklerin kalitesi de fiyata göre bence iyiydi. Kendini geliştiren misafirleri için çaba gösteren bir işletme. Teşekkürler,"Odalar4,0Hizmet4,0Konum5,0
Otelde öne çıkanlarÇocuklar için uygun",Google üzerinde 2 ay önce,3/5
Green Bay Resort & Spa Bodrum,Bu gün otelde ilk günümüz 3 gün daha buradayız şimdiden acaba burada tatilimizi uzatsak mı diye düşünmeye başladık. Tüm personel ilgili. Otel konumu harika.Deniz ve plaj çok keyifli. Havuzlar temiz.Yemekler çok lezzetli ve başarılı. Bu … Devamı,,Google üzerinde 2 ay önce,5/5
Green Bay Resort & Spa Bodrum,Gerçek yorum olarak yazıyorum. Otel rezalet. Biz otele giriş yaptık odayı gördükten sonra çıkış yaptık. Yataklar çok eski ve oda çok küçük. Temizlik sıfır. Restauranta baktık acaba iyimidir diye. Tabaklarda pislik vardı. Yemek yemedik bile . Ve heryer leş gibi kokuyodur. Ets deki 8.6 puana güvenmeyin.,"Odalar1,0Hizmet1,0Konum1,0",Google üzerinde bir ay önce,1/5
Green Bay Resort & Spa Bodrum,"Hotel normal kalıtede ,samımı...ve en guzel denız hemen yanı olması|Yemekler gayet ıyı,tatlilar muazam|Odalar temız,kucuk,banyıolar cok Kucuk|Anımasyıon ekibi hepsi cok cok ılgılıler(Esma ve Mehmet cok taylılar)",,Tripadvisor üzerinde 3 hafta önce,5/5
Green Bay Resort & Spa Bodrum,Otelden çok memnun kaldık özellikle animasyon ekibinin etkinlikleri ve güleryüzlü oluşu çok güzeldi. Aytekin Beye ilgisi ve samimiyetinden dolayı teşekkür ederiz. Otelin imkanları ve konumu harika. Bebekli aileler için çok uygun bir otel.,"Odalar5,0Hizmet5,0Konum5,0
Otelde öne çıkanlarMuhteşem manzara · Çocuklar için uygun",Google üzerinde bir ay önce,5/5
Green Bay Resort & Spa Bodrum,"Oteli 4 yıl önce balayına tercih etmiştik çok memnun kaldığımız için yine geldik, yemek kalitesinde düşüş gördük, ancak aç kalma gibi bir durumunuz olmaz tabiki, konum deniz temizlik harika, animasyonlar yeterli ve çalışanlar çok iyiler, özellikle görkem beye ilgi alakası için çok teşekkür ederiz","Odalar4,0Hizmet5,0Konum5,0
Otelde öne çıkanlarMuhteşem manzara",Google üzerinde 2 ay önce,4/5
Green Bay Resort & Spa Bodrum,"Çok güzel 1 hafta geçirdim.. Otel konum olarak eşsiz bir doğa ve Denize sahip. Yemekler çok güzel ve bol çeşitli. Herşey dahil konseptinde hem cok güzel hem cok ekonomik bir otel.Çalışanlar son derece güler yüzlü ve her daim Çok yardımcı oluyorlar. Misafir ilişkileri müdürü Pırıl hanım, Güvenlik Müdürü Melike hanım,Operasyon Müdürü Mehmet bey,resepsiyondaki tüm görevliler son derece güler yüzlü ve her konuda yardımcı oldular. Yemekhane bölümündeki garsonlar özellikle Furkan bey ve Rana hanım, sickbar barmeni Zafer bey, cankurtaran ekibinden Mert bey ve İçim hanım ve diğer cankurtaranlar son derece Nazik ve güler yüzlü yaklaşımları ile gönlümüzü kazandılar. İsimlerini sayamadığım tüm otel çalışanlarına Otel yönetimi nezdinde Çok çok teşekkürlerimi iletiyorum. Tatilinizi gönül rahatlığıyla geçirebileceğiniz, kendinizi evinizden daha konforlu hissedeceğiniz şahane bir otel Green Bay Resort. Herkese tavsiye ederim. 🩷🩷🩷","Odalar5,0Hizmet5,0Konum5,0",Google üzerinde 3 ay önce,5/5
Green Bay Resort & Spa Bodrum,Bu gün otelde ilk günümüz 3 gün daha buradayız şimdiden acaba burada tatilimizi uzatsak mı diye düşünmeye başladık. Tüm personel ilgili. Otel konumu harika.Deniz ve plaj çok keyifli. Havuzlar temiz.Yemekler çok lezzetli ve başarılı. Bu kadar yeşilin içinde biraz sivrisinek olması gayet normal. Hijyen konusunda daha dikkatli olunursa Güzel olur.,Otelde öne çıkanlarLüks · Muhteşem manzara · Romantik · Sessiz · Çocuklar için uygun,Google üzerinde 2 ay önce,5/5
